linker_smiles,count
c1cc(-c2ccncc2)ccn1,706
O=C([O-])c1ccc(C(=O)[O-])cc1,634
O=C([O-])C(=O)[O-],545
N#C[S],292
[C]#N,269
[N][N][N],248
O=C([O-])c1cccc(C(=O)[O-])c1,211
c1cnccn1,207
C(=Cc1ccncc1)c1ccncc1,203
[O]S([O])(=O)=O,183
O=C([O-])C=CC(=O)[O-],172
O=C[O-],170
O=C([O-])c1ccncc1,167
O=C([O-])c1cc(C(=O)[O-])c(C(=O)[O-])cc1C(=O)[O-],156
CC(=O)[O-],150
O=C([O-])CCC(=O)[O-],144
O=C([O-])c1ccc2cc(C(=O)[O-])ccc2c1,138
c1cc(CCc2ccncc2)ccn1,138
O=C([O-])C=CC=CC(=O)[O-],128
O=C([O-])c1ccc(-c2ccc(C(=O)[O-])cc2)cc1,127
O=C([O-])c1cc(C(=O)[O-])cc(C(=O)[O-])c1,125
N#C[N]C#N,124
O=C([O-])C#CC#CC#CC(=O)[O-],117
c1cn(CCCCn2ccnc2)cn1,111
O=C([O-])c1ccccc1C(=O)[O-],108
O=C([O-])c1ccc(Oc2ccc(C(=O)[O-])cc2)cc1,105
c1cc(CCCc2ccncc2)ccn1,98
O=C([O-])c1cc(C(=O)[O-])cc([N+](=O)[O-])c1,98
O=C([O-])CCCCC(=O)[O-],93
c1cn(Cc2ccc(Cn3ccnc3)cc2)cn1,90
O=C([O-])CCCC(=O)[O-],86
O=C([O-])C#CC#CC(=O)[O-],86
O=C([O-])c1ccc(C(=O)[O-])s1,79
O=C([O-])C12CCC(C(=O)[O-])(CC1)CC2,78
c1cn(-c2ccc(-n3ccnc3)cc2)cn1,77
O=C([O-])c1cccnc1,75
O=C([O-])c1cccnc1C(=O)[O-],73
O=C([O-])c1ccc(C(=O)[O-])c2ccccc12,72
O=C([O-])c1c(F)c(F)c(C(=O)[O-])c(F)c1F,71
O=C([O-])c1nccnc1C(=O)[O-],69
c1cc([N][N]c2ccncc2)ccn1,69
O=C([O-])c1cccc(C(=O)[O-])n1,69
O=C([O-])c1cc(O)cc(C(=O)[O-])c1,68
[O][N+](=O)[O-],68
O=C([O-])C#CC(=O)[O-],68
O=C1C(=O)C(=O)C1=O,63
O=C([O-])c1ccc(C(=O)[O-])c2c1CC2,63
O=C([O-])c1ccc([N][N]c2ccc(C(=O)[O-])cc2)cc1,61
Nc1cc(C(=O)[O-])cc(C(=O)[O-])c1,59
O=C([O-])C#Cc1ccc(C#CC(=O)[O-])cc1,58
O=C([O-])C#CC12C3C4C1C1C2C3C41C#CC(=O)[O-],55
O=C([O-])c1ccc(C#Cc2ccc(C(=O)[O-])cc2)cc1,53
C1=NN=C[N]1,51
O=C([O-])c1ccc(C=Cc2ccc(C(=O)[O-])cc2)cc1,51
O=C([O-])c1cc(C(=O)[O-])cc(C(=O)O)c1,50
O=C([O-])Cc1ccc(CC(=O)[O-])cc1,50
[O][PH]([O])=O,49
O=C([O-])c1cncc(C(=O)[O-])c1,48
O=C([O-])c1ccc(C(=O)[O-])nc1,47
[O]c1cc(C(=O)[O-])c([O])cc1C(=O)[O-],47
O=C([O-])C1CCC(C(=O)[O-])CC1,46
O=C([O-])c1cc(O)c(C(=O)[O-])cc1O,46
[CH]([N][N][CH]c1ccncc1)c1ccncc1,45
O=C([O-])c1ccc(S(=O)(=O)c2ccc(C(=O)[O-])cc2)cc1,45
O=C([O-])C12C3C4C1C1C2C3C41C(=O)[O-],43
O=C([O-])c1cnccn1,42
C1CN2CCN1CC2,41
c1cncnc1,41
C1COCCO1,40
C1=CN=C[N]1,40
O=C([O-])c1cc(C(=O)O)c(C(=O)[O-])cc1C(=O)O,38
O=C([O-])CC(=O)[O-],38
C1N2CN3CN1CN(C2)C3,38
O=C([O-])c1ccncc1C(=O)[O-],37
O=C([O-])COCC(=O)[O-],37
O=C([O-])C#CC=CC#CC(=O)[O-],37
[CH]1C=NC=N1,36
O=C([O-])c1ccc(C(c2ccc(C(=O)[O-])cc2)(C(F)(F)F)C(F)(F)F)cc1,36
O=C([O-])CC(O)C(=O)[O-],36
O=C([O-])c1c(Br)c(Br)c(C(=O)[O-])c(Br)c1Br,36
O=C([O-])c1nc[nH]c1C(=O)[O-],34
O=C([O-])c1ccnc(C(=O)[O-])c1,34
Cc1cc(C(=O)[O-])cc(C(=O)[O-])c1,34
O=C([O-])CNCC(=O)[O-],33
O=C([O-])c1cc2nc[nH]c2cc1C(=O)[O-],33
O=C([O-])c1cc(C(=O)[O-])cc(-c2cc(C(=O)[O-])cc(C(=O)[O-])c2)c1,33
O=C([O-])c1cc2ccc3cc(C(=O)[O-])cc4ccc(c1)c2c34,33
NCCN,32
Nc1cc(C(=O)[O-])ccc1C(=O)[O-],32
O=C([O-])c1cc(Cl)c(C(=O)[O-])cc1Cl,32
O=C([O-])c1cc[n+]([O-])cc1,32
c1cc(-c2ccc(-c3ccncc3)cc2)ccn1,32
O=C([O-])c1ccc(-c2ccc(-c3ccc(C(=O)[O-])cc3)cc2)cc1,32
[O]P([O])(=O)O,31
[O]S([O])([O])c1cc(C(=O)[O-])cc(C(=O)[O-])c1,30
CC1(C(=O)[O-])CCC(C(=O)[O-])C1(C)C,30
O=C([O-])COc1ccc(OCC(=O)[O-])cc1,30
O=C([O-])c1ccc(C(=O)[O-])o1,30
[O-][n+]1ccc(-c2cc[n+]([O-])cc2)cc1,30
[CH]1C=NN=N1,30
c1cc(CN2CCN(Cc3ccncc3)CC2)ccn1,30
C1=CN=N[N]1,29
O=C([O-])c1ccccc1,28
c1cn(-c2cc(-n3ccnc3)cc(-n3ccnc3)c2)cn1,28
O=C([O-])c1ccc(C(=O)[O-])c(F)c1,28
O=C([O-])C#CC12CCC(C#CC(=O)[O-])(CC1)CC2,28
Cc1nccn1CCCCn1ccnc1C,27
N=CC=N,27
O=C([O-])c1cc(F)c(C(=O)[O-])cc1F,27
c1cnc2c(n1)CC2,27
O=C([O-])c1cc2sc(C(=O)[O-])cc2s1,27
O=C([O-])c1cccnc1-c1ncccc1C(=O)[O-],26
Cc1cnc(C)cn1,26
O=C([O-])c1c(Cl)c(Cl)c(C(=O)[O-])c(Cl)c1Cl,26
c1cnc(-c2ncccn2)nc1,26
[O]P([O])([O])=O,26
O=C([O-])c1sc2c(F)c(C(=O)[O-])sc2c1F,26
O=C([O-])c1cc2sc(C(=O)[O-])c(Cl)c2s1,26
c1cn(Cn2ccnc2)cn1,25
NC1=NN=N[N]1,25
O=C([O-])c1cc(C(=O)[O-])nc(C(=O)[O-])c1,25
Cc1c(C)c(C(=O)[O-])c(C)c(C)c1C(=O)[O-],25
O=C([O-])c1ccc(C(=O)[O-])c(Cl)c1,25
O=C([O-])c1cc2sc(C(=O)[O-])c(F)c2s1,25
O=C([O-])c1ccc(C(=O)[O-])c([N+](=O)[O-])c1,24
c1cc(C2=NN=N[N]2)ccn1,24
O=C([O-])c1ccc(C(=O)[O-])c(O)c1,24
O=C([O-])c1sc2c(Cl)c(C(=O)[O-])sc2c1Cl,24
O=C([O-])c1sc2c(O)c(C(=O)[O-])sc2c1O,24
c1ncn(CCn2cncn2)n1,23
NC1=NN=C[N]1,23
O=C([O-])CC(O)(CC(=O)[O-])C(=O)[O-],23
[O]S([O])([O])c1cccc2c(S([O])([O])[O])cccc12,23
O=C([O-])c1c(F)c(F)c(C(=O)[O-])c2c1CC2,23
c1cc(SSc2ccncc2)ccn1,22
c1cc(Cn2ccnc2)cc(Cn2ccnc2)c1,22
Nc1cc(C(=O)[O-])c(N)cc1C(=O)[O-],22
O=C([O-])c1ccc(-c2ccc(C(=O)[O-])cn2)nc1,22
C1CNCCN1,22
c1cn(-c2ccc(-c3ccc(-n4ccnc4)cc3)cc2)cn1,22
O=C([O-])c1ccc2ccc3c4cc(C(=O)[O-])ccc4ccc3c2c1,22
[O]S([O])(O)c1cc(C(=O)[O-])c(S([O])([O])O)cc1C(=O)[O-],22
[O]S([O])(O)c1c(C(=O)[O-])sc2cc(C(=O)[O-])sc12,22
c1cc(C2C(c3ccncc3)C(c3ccncc3)C2c2ccncc2)ccn1,21
O=C([O-])Cc1cccc(CC(=O)[O-])c1,21
[CH]([N][N][CH]c1cccnc1)c1cccnc1,21
O=C([O-])c1ccccn1,21
C1=NC=N[N]1,21
O=C([O-])c1ccc([N][N]c2ccc(C(=O)[O-])c(Cl)c2)cc1Cl,21
Cc1cc(C(=O)[O-])c(C)cc1C(=O)[O-],21
[O]S([O])(O)c1cc(C(=O)[O-])ccc1C(=O)[O-],21
Nc1c(C(=O)[O-])sc2cc(C(=O)[O-])sc12,21
O=C([O-])c1cc2sc(C(=O)[O-])c(O)c2s1,21
O=C([O-])c1ccc(C(=O)[O-])c(C(=O)[O-])c1,20
NC(CC(=O)[O-])C(=O)[O-],20
c1ccc(Cn2ccnc2)c(Cn2ccnc2)c1,20
C(#Cc1ccncc1)c1ccncc1,20
O=C1[C](Cl)C(=O)C(=O)[C](Cl)C1=O,20
Nc1c(N)c(C(=O)[O-])c(N)c(N)c1C(=O)[O-],20
Cc1c(C(=O)[O-])sc2cc(C(=O)[O-])sc12,20
O=C([O-])c1cc(C(=O)[O-])ncn1,19
CC1=NN=N[N]1,19
O=C([O-])Cn1cnnn1,19
O=C([O-])c1cnc(C(=O)[O-])cn1,19
c1cc(OCC(COc2ccncc2)(COc2ccncc2)COc2ccncc2)ccn1,19
c1cc(C2=N[N]N=N2)ccn1,19
N#N,19
O=C([O-])c1ccc(-c2nnc(-c3ccc(C(=O)[O-])cc3)nn2)cc1,19
O=C([O-])c1cc([N+](=O)[O-])c(C(=O)[O-])cc1[N+](=O)[O-],19
O=C([O-])CN(CC(=O)[O-])CC(=O)[O-],18
O=C([O-])C1CCCCC1C(=O)[O-],18
O=C([O-])c1ccc(-c2cc(C(=O)[O-])cc(C(=O)[O-])c2)cc1,18
[O]S([O])([O])c1cc(C(=O)[O-])ccc1C(=O)[O-],18
O=C([O-])c1c2ccccc2c(C(=O)[O-])c2ccccc12,18
O=C([O-])c1ccc2ccc3c(C(=O)[O-])cccc3c2c1,18
O=C([O-])c1cc(F)c(C(=O)[O-])c2c1CC2,18
O=C([O-])c1ccc(C2=N[N]C(c3ccc(C(=O)[O-])cc3)=N[N]2)cc1,18
O=C([O-])c1c(Cl)c(Cl)c(C(=O)[O-])c2ccccc12,18
O=C([O-])c1sc2c(Br)c(C(=O)[O-])sc2c1Br,18
O=C(c1ccncc1)N1CCN(C(=O)c2ccncc2)CC1,17
O=C([O-])Cc1ccccc1CC(=O)[O-],17
C(=Cc1ccc(C=Cc2ccncc2)cc1)c1ccncc1,17
COc1cc(C(=O)[O-])cc(C(=O)[O-])c1,17
c1ccc2nccnc2c1,17
O=C([O-])c1cccc([N+](=O)[O-])c1C(=O)[O-],17
O=C([O-])c1ccc(-c2ccc(C(=O)[O-])c(F)c2)cc1F,17
c1cc2cnccc2cn1,17
Nc1cc([N][N]c2ccc(C(=O)[O-])c(N)c2)ccc1C(=O)[O-],17
O=C([O-])c1ccc(C#Cc2ccc(C(=O)[O-])c(Cl)c2)cc1Cl,17
O=C([O-])C1=NN=N[N]1,16
O=C([O-])c1ccccc1-c1ccccc1C(=O)[O-],16
Cc1nccnc1C,16
O=C([O-])c1ccnc(-c2cc(C(=O)[O-])ccn2)c1,16
O=C([O-])CSc1nnc(SCC(=O)[O-])s1,16
N#Cc1ccc(C#N)cc1,16
O=C([O-])C=Cc1ccccc1,16
O=C([O-])c1ccc(C(=O)c2ccc(C(=O)[O-])cc2)cc1,16
O=C([O-])CN1CC(=O)N(CC(=O)[O-])CC1=O,16
O=C1c2ccc3c4c(ccc(c24)C(=O)N1c1ccncc1)C(=O)N(c1ccncc1)C3=O,16
NCCCN,16
O=C([O-])[C]1N=CN=C1C(=O)[O-],16
C1=N[N]C=C1c1ccc([C]2C=NN=C2)cc1,16
Cc1cc(-c2ccc(C(=O)[O-])c(C)c2)ccc1C(=O)[O-],16
O=C([O-])c1cc(Cl)c(C(=O)[O-])c2c1CC2,16
O=C([O-])c1ccc([N][N]c2ccc(C(=O)[O-])c(O)c2)cc1O,16
O=C([O-])c1cc2c3c(c1)CCc1cc(C(=O)[O-])cc(c1-3)CC2,16
O=C([O-])CCCCCCC(=O)[O-],15
O=C([O-])c1cc(Br)cc(C(=O)[O-])c1,15
c1ccc2nc3ccccc3nc2c1,15
c1nncn1CCn1cnnc1,15
[O]S([O])([O])C(F)(F)F,15
[CH]1N=C[N]N1Cc1ccc(CN2[CH]N=C[N]2)cc1,15
Cc1nc2ccccc2n1CCCCn1c(C)nc2ccccc21,15
O=C([O-])c1cc([N][N]c2cc(C(=O)[O-])cc(C(=O)[O-])c2)cc(C(=O)[O-])c1,15
O=C([O-])C1=C(C(=O)[O-])N=C[N]1,15
O=C([O-])C1=C(C(=O)[O-])N=N[N]1,15
O=C([O-])[C]1N=NN=C1C(=O)[O-],15
O=C([O-])[O-],15
c1cn(CCn2ccnc2)cn1,15
Cc1cc(C(=O)[O-])ccc1C(=O)[O-],15
O=C([O-])c1c(Br)c(Br)c(C(=O)[O-])c2ccccc12,15
O=C([O-])c1c(O)c(O)c(C(=O)[O-])c(O)c1O,15
C(#CC#CC1=C[N]N=C1)C#C[C]1C=NN=C1,15
O=C([O-])c1cc2sc(C(=O)[O-])c(Br)c2s1,15
O=C([O-])c1c(Cl)c(Cl)c(C(=O)[O-])c2c1CC2,15
O=C([O-])CC1=NN=N[N]1,14
Nn1c(-c2ccncc2)nnc1-c1ccncc1,14
CC1=NN=C(C)[N]1,14
O=C([O-])c1ccc2[nH]cnc2c1,14
[O]C(CC(=O)[O-])C(=O)[O-],14
O=C(Nc1cccnc1)c1cccnc1,14
O=C([O-])c1ccc(-c2cc(-c3ccc(C(=O)[O-])cc3)cc(-c3ccc(C(=O)[O-])cc3)c2)cc1,14
[O]P(=O)(O)Cc1ccc(C(=O)O)cc1,14
O=C([O-])c1nc(-c2ccncc2)[nH]c1C(=O)[O-],14
CC(C)(C)c1cc(C(=O)[O-])cc(C(=O)[O-])c1,14
Cc1cc(-n2ccnc2)c(C)cc1-n1ccnc1,14
O=C([O-])c1ccc(-c2ccncc2)cc1,14
c1cc(Sc2ccncc2)ccn1,14
O=C([O-])c1ccc(N2C(=O)c3ccc4c5c(ccc(c35)C2=O)C(=O)N(c2ccc(C(=O)[O-])cc2)C4=O)cc1,14
O=C([O-])c1ccc(C(=O)[O-])c(C(=O)O)c1,14
Nc1cc(C(=O)[O-])ccc1C#Cc1ccc(C(=O)[O-])cc1N,14
O=C([O-])c1c(F)c(F)c(C(=O)[O-])c2ccccc12,14
O=C([O-])c1c(O)c(O)c(C(=O)[O-])c2ccccc12,14
O=C([O-])c1cc2sc(C(=O)[O-])c([N+](=O)[O-])c2s1,14
Cc1nc(C)c(C)nc1C,13
Cc1cc(C(=O)[O-])ccc1C#Cc1ccc(C(=O)[O-])cc1C,13
[O]c1cc(C(=O)[O-])nc(C(=O)[O-])c1,13
[CH]1N=C[N]N1Cc1ccc(-c2ccc(CN3[CH]N=C[N]3)cc2)cc1,13
CC=CC(=O)[O-],13
O=C([O-])c1cc([N+](=O)[O-])cc([N+](=O)[O-])c1,13
[CH]1N=C[N]N1CCCCN1[CH]N=C[N]1,13
C1=NN=N[N]1,13
N#C[C](C#N)c1ccc([C](C#N)C#N)cc1,13
O=C([O-])c1cccc(C(=O)[O-])c1C(=O)[O-],13
O=C([O-])c1ccc(-n2ccnc2)cc1,13
[CH]1N=NC=C1c1ccc(C2=CN=N[CH]2)cc1,13
O=C([O-])c1c(Cl)c(Cl)c(C(=O)[O-])c2cc(Cl)c(Cl)cc12,13
Nc1c(N)c(C(=O)[O-])c2c(c1C(=O)[O-])CC2,13
O=C([O-])c1ccc(C#Cc2ccc(C(=O)[O-])cc2O)c(O)c1,13
O=C([O-])c1ccc(C#Cc2ccc(C(=O)[O-])cc2F)c(F)c1,13
O=C([O-])c1ccc(C#Cc2ccc(C(=O)[O-])c(F)c2)cc1F,13
O=C([O-])c1c(O)c(O)c(C(=O)[O-])c2c(O)c(O)c(O)c(O)c12,13
Nc1c(C(=O)[O-])sc2c(N)c(C(=O)[O-])sc12,13
c1ncc(-c2ccc(-c3cnc[nH]3)cc2)[nH]1,12
O=C([O-])c1ccc(C(c2ccc(C(=O)[O-])c(C(=O)[O-])c2)(C(F)(F)F)C(F)(F)F)cc1C(=O)[O-],12
c1cnc(C2=NN=N[N]2)cn1,12
O=C([O-])C(F)(F)F,12
c1ncn(CCCCn2cncn2)n1,12
O=C([O-])CCn1c(=O)n(CCC(=O)[O-])c(=O)n(CCC(=O)[O-])c1=O,12
O=C([O-])c1ccc(-c2ccc(C(=O)[O-])c(C(=O)[O-])c2)cc1C(=O)[O-],12
O=C([O-])c1ccc[nH]c1=O,12
O=C([O-])c1cccc(-n2ccc(=O)cc2)c1C(=O)[O-],12
Cc1nc(C(=O)[O-])c(C(=O)[O-])[nH]1,12
c1cc(Nc2ccncc2)ccn1,12
O=C([O-])C=Cc1ccncc1,12
CN1C=N[N]C1=S,12
O=C([O-])c1cncc(-c2ccccc2C(=O)[O-])c1,12
[CH]1N=C[N]N1CCCn1cncn1,12
O=C([O-])c1ccc(N(c2ccc(C(=O)[O-])cc2)c2ccc(C(=O)[O-])cc2)cc1,12
O=C([O-])c1cc(C(=O)[O-])cc(-n2cnnc2)c1,12
O=C([O-])C(O)(O)C(=O)[O-],12
N#CC#N,12
O=C([O-])c1ccc(-c2ccc(C(=O)[O-])c(O)c2)cc1O,12
O=C([O-])C(F)=C(F)C(=O)[O-],12
O=C([O-])c1cc(F)c(C#Cc2c(F)cc(C(=O)[O-])cc2F)c(F)c1,12
Nc1ccc(C(=O)[O-])cc1,11
O=C([O-])CN(CC(=O)[O-])c1ccc(C(=O)[O-])cc1,11
N#C[Se],11
O=C([O-])C(O)C(O)C(=O)[O-],11
c1cncc(C2=NN=N[N]2)c1,11
c1cc(-c2nnc(-c3ccncc3)o2)ccn1,11
O=C([O-])c1ccc(-c2ccccc2C(=O)[O-])cc1,11
c1cn(CCCn2ccnc2)cn1,11
c1cc(-n2ccnc2)nc(-n2ccnc2)c1,11
c1ccnnc1,11
O=C([O-])c1cc(OCc2ccc(COc3cc(C(=O)[O-])cc(C(=O)[O-])c3)cc2)cc(C(=O)[O-])c1,11
CC1=NC=C[N]1,11
c1cncc(CN2CCN(Cc3cccnc3)CC2)c1,11
O=C([O-])C12CC3CC(C1)CC(C(=O)[O-])(C3)C2,11
c1cc(-c2nnc(-c3ccncc3)s2)ccn1,11
Cc1cnccn1,11
O=C([O-])c1ccc[n+]([O-])c1,11
O=C([O-])Cc1ccccc1C(=O)[O-],11
Nc1cnccn1,11
O=C([O-])CSc1ccncc1,11
O=C([O-])c1c(I)c(I)c(C(=O)[O-])c(I)c1I,11
c1cn(CCCCCCn2ccnc2)cn1,11
CC(O)(P([O])([O])=O)P([O])([O])=O,11
O=C([O-])CC12CC3CC(C1)CC(CC(=O)[O-])(C3)C2,11
O=C1NCCN1,11
O=C([O-])c1cncc(Br)c1,11
C(C#Cc1ccncc1)#Cc1ccncc1,11
c1cc([C]2N=C(c3ccncc3)[N]N2)ccn1,11
c1ccc2c(-c3ccncc3)c3ccccc3c(-c3ccncc3)c2c1,11
O=C([O-])C(=O)O,11
[O]P([O])(=O)C1=CC=C2[CH]C=CC=C2N1,11
[O]P([O])(=O)C1=CC=C2C=CC=C[C]2N1,11
O=C([O-])c1cc(Br)c(C(=O)[O-])cc1Br,11
O=C([O-])c1cc(Br)c(C(=O)[O-])c2c1CC2,11
O=C([O-])c1ccc(C(=O)[O-])c(Br)c1,11
O=C([O-])c1ccc(-c2cc(-c3ccc(C(=O)[O-])cc3)c3ccc4c(-c5ccc(C(=O)[O-])cc5)cc(-c5ccc(C(=O)[O-])cc5)c5ccc2c3c54)cc1,11
Cc1cc([N][N]c2ccc(C(=O)[O-])c(C)c2)ccc1C(=O)[O-],11
O=C([O-])c1ccc(C#Cc2ccc(C(=O)[O-])cc2Cl)c(Cl)c1,11
O=C([O-])c1ccc(-c2ccc(C(=O)[O-])cc2F)c(F)c1,11
Cc1cc2c(C(=O)[O-])ccc(C(=O)[O-])c2cc1C,11
O=C([O-])c1c(O)c(O)c(C(=O)[O-])c2cc(O)c(O)cc12,11
Nc1c(N)c(C(=O)[O-])c2ccccc2c1C(=O)[O-],11
O=C([O-])c1c(F)c(F)c(C(=O)[O-])c2c(F)c(F)c(F)c(F)c12,11
O=C([O-])C1=NN=C(C(=O)[O-])[CH]1,10
O=C([O-])C1=CC(C(=O)[O-])=N[N]1,10
C[O],10
O=C([O-])c1cncc(Cl)c1,10
NC1=N[N]C=N1,10
O=C([O-])c1ccc(Oc2ccc(C(=O)[O-])c(C(=O)[O-])c2)cc1C(=O)[O-],10
Nc1ncccn1,10
c1cc(Cn2cnnc2)ccc1Cn1cnnc1,10
O=C([O-])c1cc(C(=O)[O-])cc(C2=NN=N[N]2)c1,10
O=C([O-])CCCCCC(=O)[O-],10
C[C]([N][N][C](C)c1ccncc1)c1ccncc1,10
O=C([O-])c1cc(C(=O)[O-])cc(-c2ccncc2)c1,10
O=C([O-])CSCC(=O)[O-],10
[CH]1N=C[N]N1Cc1ccc(Cn2cncn2)cc1,10
O=C([O-])c1ccc([N+](=O)[O-])cc1,10
c1cc(C2=N[N]C(c3ccncc3)=N[N]2)ccn1,10
O=C([O-])c1cc2ccccc2c(Cc2c(O)c(C(=O)[O-])cc3ccccc23)c1O,10
C1=N[N]N=C1,10
C(C=Cc1ccncc1)=Cc1ccncc1,10
[O]S([O])([O])c1ccccc1C(=O)[O-],10
[O]C1=C[CH]N(c2cccc(C(=O)[O-])c2C(=O)[O-])C=C1,10
C(=Nc1cccc2c(N=Cc3ccncc3)cccc12)c1ccncc1,10
[O]P([O])(=O)CCP([O])([O])=O,10
O=C([O-])c1cccc(C2=NN=N[N]2)c1,10
O=C1[CH]C(=O)NC(=S)N1,10
CC([O])C(=O)[O-],10
O=C([O-])c1c(C(=O)[O-])c(C(=O)[O-])c(C(=O)[O-])c(C(=O)[O-])c1C(=O)[O-],10
c1cc(-c2nnc(-c3ccncc3)nn2)ccn1,10
C1=Nc2ccccc2[N]1,10
O=C(NCCCCCCNC(=O)c1cccnc1)c1cccnc1,10
Cc1nccn1Cc1ccc(Cn2ccnc2C)cc1,10
O=C([O-])c1ccc([N+](=O)[O-])cc1C(=O)[O-],10
c1ccc(Cn2cncn2)c(Cn2cncn2)c1,10
O=C([O-])c1cc(NCc2ccncc2)cc(C(=O)[O-])c1,10
O=C([O-])c1ccc(OCC(COc2ccc(C(=O)[O-])cc2)(COc2ccc(C(=O)[O-])cc2)COc2ccc(C(=O)[O-])cc2)cc1,10
O=C([O-])c1cc(-c2ccccc2)c(C(=O)[O-])cc1-c1ccccc1,10
NC(C(=O)[O-])=C(N)C(=O)[O-],10
O=C([O-])c1ccc(-c2ccc(C(=O)[O-])c(Cl)c2)cc1Cl,10
O=C([O-])c1cc(O)c(C#Cc2c(O)cc(C(=O)[O-])cc2O)c(O)c1,10
O=C([O-])c1ccc(-c2ccc(C(=O)[O-])c([N+](=O)[O-])c2)cc1[N+](=O)[O-],10
C1=N[N]C=C1c1ccc([N][N]c2ccc([C]3C=NN=C3)cc2)cc1,10
O=C([O-])c1ccc(-c2ccc(C(=O)[O-])cc2O)c(O)c1,10
O=C([O-])c1ccc([N][N]c2ccc(C(=O)[O-])c(F)c2)cc1F,10
O=C([O-])C(O)=C(O)C(=O)[O-],10
O=C([O-])c1ccc(C(O)=C(O)c2ccc(C(=O)[O-])cc2)cc1,10
O=C([O-])c1c(F)c(F)c(C#Cc2c(F)c(F)c(C(=O)[O-])c(F)c2F)c(F)c1F,10
O=C([O-])c1sc2c(C(=O)O)c(C(=O)[O-])sc2c1C(=O)O,10
OC(=C(O)c1ccncc1)c1ccncc1,10
N#C[C](C#N)C#N,9
O=C([O-])c1cc2ccccc2cc1C(=O)[O-],9
CO,9
CCc1cnccn1,9
[O]P([O])(=O)c1ccc(C(=O)[O-])cc1,9
NCCCCN,9
O=C([O-])C=Cc1cccnc1,9
c1ncn(CCCn2cncn2)n1,9
[O]P(=O)(O)O,9
c1ccc(-c2nc(-c3ccccn3)c(-c3ccccn3)nc2-c2ccccn2)nc1,9
NCc1cccnc1,9
[O-][n+]1ccccc1,9
O=C([O-])COc1ccc(C(=O)[O-])cc1,9
CC1=N[CH]C=N1,9
O=C([O-])CCCCCCCC(=O)[O-],9
O=C([O-])c1cccc(C(=O)[O-])[n+]1[O-],9
O=C(CCCCCCC(=O)Nc1cccnc1)Nc1cccnc1,9
O=C([O-])C=Cc1ccc(C=CC(=O)[O-])cc1,9
O=C([O-])C1CC(C(=O)[O-])CC(C(=O)[O-])C1,9
O=C([O-])c1c([N+](=O)[O-])c([N+](=O)[O-])c(C(=O)[O-])c([N+](=O)[O-])c1[N+](=O)[O-],9
O=S(=O)=O,9
O=C([O-])c1c(C(=O)O)c(C(=O)O)c(C(=O)[O-])c(C(=O)O)c1C(=O)O,9
c1nnc[nH]1,9
[O]S([O])([O])c1ccc2cc(S([O])([O])[O])ccc2c1,9
[O][As]([O])O,9
O=C([O-])c1ccc2c(c1)[N]N=N2,9
O=C([O-])c1ccc(-c2cc(-c3ccncc3)cc(-c3ccc(C(=O)[O-])cc3)n2)cc1,9
O=C([O-])C1CC(C(=O)[O-])C(C(=O)[O-])CC1C(=O)[O-],9
O=C([O-])c1cccc(Oc2cccnc2)c1C(=O)[O-],9
[S]c1ccccc1,9
[O]P([O])(=O)CN1CCC(C(=O)[O-])CC1,9
c1cc(-c2ccnnc2)cnn1,9
O=C([O-])c1cccc(-c2ccncc2)c1,9
c1cn(CCOCCn2ccnc2)cn1,9
O=C([O-])c1ccc(-c2nc3c4cccnc4c4ncccc4c3[nH]2)cc1,9
Cc1c(C)c(C(=O)[O-])c2c(c1C(=O)[O-])CC2,9
[NH][NH],9
O=C([O-])c1ccc(C(=O)[O-])c2cc(O)c(O)cc12,9
Cc1cc(C#Cc2ccc(C(=O)[O-])c(C)c2)ccc1C(=O)[O-],9
Nc1cc(C#Cc2ccc(C(=O)[O-])c(N)c2)ccc1C(=O)[O-],9
Cc1c(C)c(C(=O)[O-])c2ccccc2c1C(=O)[O-],9
Cc1c(C(=O)[O-])sc2c(C)c(C(=O)[O-])sc12,9
O=C([O-])c1ccc(C(=O)[O-])c2cc(Br)c(Br)cc12,9
O=C([O-])c1ccc(C(=O)[O-])c2cc([N+](=O)[O-])c([N+](=O)[O-])cc12,9
O=C(O)c1c(C(=O)O)c(C(=O)[O-])c2ccccc2c1C(=O)[O-],9
O=C([O-])c1ccc(-c2ccc(C(=O)[O-])cc2Cl)c(Cl)c1,9
O=C([O-])c1cc(O)c2cc(C(=O)[O-])cc(O)c2c1,9
O=C([O-])c1cc(I)cc(C(=O)[O-])c1,8
c1cn(Cc2cc(Cn3ccnc3)cc(Cn3ccnc3)c2)cn1,8
O=C([O-])c1ccc(Cl)cc1,8
Nc1cccc(C(=O)[O-])c1,8
O=C([O-])c1ccc(-c2ccc(N(c3ccc(-c4ccc(C(=O)[O-])cc4)cc3)c3ccc(-c4ccc(C(=O)[O-])cc4)cc3)cc2)cc1,8
O=C([O-])c1ccccc1SSc1ccccc1C(=O)[O-],8
[CH]1C=CC2=NN=NC2=C1,8
O=C([O-])c1ccc(N(c2ccccc2)c2ccc(C(=O)[O-])cc2)cc1,8
[O].[O][Se][O],8
O=C([O-])c1ncccn1,8
c1cc(-c2cnc[nH]2)cc(-c2cnc[nH]2)c1,8
Cn1nnnc1[N][N+](=O)[O-],8
O=C([O-])c1cc(Cc2cc(C(=O)[O-])cc(C(=O)[O-])c2)cc(C(=O)[O-])c1,8
c1ccc(C2=NN=C(c3ccncc3)[N]2)nc1,8
O=C([O-])CN1[CH]N(CC(=O)[O-])C=C1,8
O=C([O-])c1ccc(P(=O)(c2ccc(C(=O)[O-])cc2)c2ccc(C(=O)O)cc2)cc1,8
O=[N+]([O-])C1=NC=C[N]1,8
O=[N+]([O-])C1=N[CH]C=N1,8
O=C([O-])COc1ccc(Cl)cc1Cl,8
NNC(=O)c1ccncc1,8
O=C([O-])COc1cccc(OCC(=O)[O-])c1,8
O=C([O-])c1ccc(C(=O)[O-])c2c1C(=O)c1c(C(=O)[O-])ccc(C(=O)[O-])c1C2=O,8
O=C([O-])Cn1nnc(-c2cccnc2)n1,8
O=C([O-])c1cc(NC(=O)c2ccncc2)cc(C(=O)[O-])c1,8
O=C([O-])C1C(C(=O)[O-])C(C(=O)[O-])C(C(=O)[O-])C(C(=O)[O-])C1C(=O)[O-],8
Cc1cc(P([O])(=O)O)c(C)cc1P([O])(=O)O,8
O=C(O)c1ccc(C(=O)[O-])c(C(=O)[O-])c1,8
O=C([O-])C1=CC=C[CH]1,8
c1c2c(cc3c1=NN=N3)=NN=N2,8
O=C([O-])C1=CC2=NN=N[C]2C=C1,8
[CH]1N=C[N]N1CCCCCCN1[CH]N=C[N]1,8
c1ncn(Cc2ccc(Cn3cncn3)cc2)n1,8
Cc1nc2ccccc2n1Cc1ccc(Cn2c(C)nc3ccccc32)cc1,8
Nn1c(-c2cccnc2)nnc1-c1cccnc1,8
O=C([O-])c1ccc(SSc2ccc(C(=O)[O-])cn2)nc1,8
[O]c1c(O)cc(C(=O)[O-])cc1O,8
[O]S([O])(=O)=S,8
c1ccc(P(CCP(c2ccccc2)c2ccccc2)c2ccccc2)cc1,8
CC(=O)[C](C#N)C(C)=O,8
O=C([O-])c1cncc(F)c1,8
O=C([O-])c1nc(C(=O)[O-])c(C(=O)[O-])nc1C(=O)[O-],8
CC(C(=O)[O-])=C(C)C(=O)[O-],8
NC1Cc2c(C(=O)[O-])ccc(C(=O)[O-])c21,8
O=C([O-])c1cc(C(=O)O)c(C(=O)[O-])c2c1CC2,8
Nc1cc(C(=O)[O-])c2c(c1C(=O)[O-])CC2,8
Nc1cc(C(=O)[O-])cc2c(N)cc(C(=O)[O-])cc12,8
O=C([O-])c1cc(Br)c2cc(C(=O)[O-])cc(Br)c2c1,8
O=C([O-])c1c(F)cc(C#Cc2cc(F)c(C(=O)[O-])c(F)c2)cc1F,8
N#CC#CC#N,8
O=C([O-])c1cc2c(F)c(F)c3cc(C(=O)[O-])cc4c(F)c(F)c(c1)c2c34,8
O=C([O-])c1cc(C(=O)O)c(C#Cc2c(C(=O)O)cc(C(=O)[O-])cc2C(=O)O)c(C(=O)O)c1,8
O=C([O-])C(Cl)=C(Cl)C(=O)[O-],8
O=C([O-])c1cc(Cl)c(C#Cc2c(Cl)cc(C(=O)[O-])cc2Cl)c(Cl)c1,8
Nc1cc(-c2ccc(C(=O)[O-])c(N)c2)ccc1C(=O)[O-],8
O=C([O-])c1ccc(C(=O)[O-])c2cc(F)c(F)cc12,8
O=C([O-])c1c(F)c(F)c(C(=O)[O-])c2cc(F)c(F)cc12,8
O=C([O-])c1c([N+](=O)[O-])c([N+](=O)[O-])c(C(=O)[O-])c2ccccc12,8
[O]S([O])(O)c1c(C(=O)[O-])sc2c(S([O])([O])O)c(C(=O)[O-])sc12,8
[O]S([O])(O)c1cnccc1C#Cc1ccncc1S([O])([O])O,8
c1ccc2[nH]c(Cn3ccnc3)nc2c1,7
O=C([O-])c1ccc(OCC(COCC(COc2ccc(C(=O)[O-])cc2)(COc2ccc(C(=O)[O-])cc2)COc2ccc(C(=O)[O-])cc2)(COc2ccc(C(=O)[O-])cc2)COc2ccc(C(=O)[O-])cc2)cc1,7
O=C(Nc1ccncc1)c1ccc(C(=O)Nc2ccncc2)cc1,7
O=C([O-])c1c[nH]c(=O)[nH]c1=O,7
c1cncc(-c2nnc(-c3cccnc3)o2)c1,7
O=C([O-])C1(C(=O)[O-])CCC1,7
O=C([O-])COc1cc(C(=O)[O-])cc(C(=O)[O-])c1,7
CC(C)CC(NCc1ccncc1)C(=O)[O-],7
Nc1ccccc1C(=O)[O-],7
O=C([O-])c1ccc(-n2cnnc2)cc1,7
O=C([O-])c1ccc(C(=O)[O-])c(C(=O)[O-])c1C(=O)[O-],7
O=C([O-])c1ccc(Oc2cc(Oc3ccc(C(=O)[O-])cc3)cc(C(=O)[O-])c2)cc1,7
N#CCC(=O)[O-],7
O=C([O-])C=CC(=O)O,7
O=C([O-])C1OC(C(=O)[O-])C(C(=O)[O-])C1C(=O)[O-],7
O=C([O-])c1ccc2nc[nH]c2c1,7
c1ccc2c(c1)ncn2Cc1ccc(Cn2cnc3ccccc32)cc1,7
[O]P(=O)(O)Cc1cccc(CP([O])(=O)O)c1,7
Nc1ccc(N)cc1,7
c1ccc2c(c1)[N]N=N2,7
O=C([O-])Cn1nnc(-c2ccncc2)n1,7
O=C([O-])c1cncc(C(=O)[O-])n1,7
CP([O])([O])=O,7
Nn1cnnc1,7
NC1=NN=C(N)[N]1,7
c1ccc2c(c1)ncn2Cn1cnc2ccccc21,7
c1ccc2c(c1)ncn2CCCn1cnc2ccccc21,7
O=C([O-])c1ccco1,7
NCc1ccncc1,7
[O].[O].[O]Cl,7
c1cnc(C2=NN=N[N]2)nc1,7
c1cc(SCSc2ccncc2)ccn1,7
O=C([O-])c1ccc(C2=NN=N[N]2)cc1,7
C1CCSC1,7
O=C([O-])c1cccc([N][N]c2cccc(C(=O)[O-])c2)c1,7
[O]N(c1cc(C(=O)[O-])cc(C(=O)[O-])c1)N([O])c1cc(C(=O)[O-])cc(C(=O)[O-])c1,7
O=C([O-])C1=CC=C2N=NN=C2[CH]1,7
Nc1nnnn1CC(=O)[O-],7
O=C([O-])Cn1ccnc1,7
O=C([O-])c1ccc(C=Cc2ccncc2)cc1,7
C1CSCCS1,7
[O]P([O])(=O)c1ccccn1,7
O=C([O-])c1ccccc1[N][N]c1ccccc1C(=O)[O-],7
c1cn(-c2ccc(-c3ccc(-n4ccnc4)s3)s2)cn1,7
O=C([O-])CCc1cccnc1,7
Fc1c(F)c(Cc2ccncc2)c(F)c(F)c1Cc1ccncc1,7
O=C(c1ccc(C(=O)[O-])c(C(=O)[O-])c1)c1ccc(C(=O)[O-])c(C(=O)[O-])c1,7
O=C([O-])c1ccc(P(=O)(c2ccc(C(=O)[O-])cc2)c2ccc(C(=O)[O-])cc2)cc1,7
c1cc2ccc1CSCc1ccc(cc1)CSC2,7
c1cc(-c2ccc(-c3ccnnc3)cc2)cnn1,7
[O]S([O])(O)c1cc(C(=O)[O-])cc(C(=O)[O-])c1,7
Cc1cc(-c2ccnc(C)c2)ccn1,7
Cc1c(CP([O])(=O)O)c(C)c(CP([O])(=O)O)c(C)c1CP([O])(=O)O,7
[CH]1N=NC=C1c1ccc(C2=C[N]N=C2)cc1,7
[O]S([O])(O)C(=CC=CC(=O)[O-])C(=O)[O-],7
O=C([O-])c1ccc(-c2ccc(C(=O)[O-])c(Br)c2)cc1Br,7
O=C([O-])c1c(O)c(O)c(C#Cc2c(O)c(O)c(C(=O)[O-])c(O)c2O)c(O)c1O,7
O=C([O-])c1c(O)c(O)c(C(=O)[O-])c2c1CC2,7
O=C([O-])c1ccc(C#Cc2ccc(C(=O)[O-])c(O)c2)cc1O,7
O=C([O-])c1c(Br)c(Br)c(C(=O)[O-])c2cc(Br)c(Br)cc12,7
Cc1cc2c(C(=O)[O-])c(C)c(C)c(C(=O)[O-])c2cc1C,7
O=C([O-])c1c([N+](=O)[O-])c([N+](=O)[O-])c(C(=O)[O-])c2cc([N+](=O)[O-])c([N+](=O)[O-])cc12,7
Nc1cc(C(=O)[O-])ccc1-c1ccc(C(=O)[O-])cc1N,7
[O]S([O])(O)c1cc(C(=O)[O-])ccc1C#Cc1ccc(C(=O)[O-])cc1S([O])([O])O,7
O=C([O-])c1cc(Br)c(C#Cc2c(Br)cc(C(=O)[O-])cc2Br)c(Br)c1,7
O=C([O-])c1sc2c([N+](=O)[O-])c(C(=O)[O-])sc2c1[N+](=O)[O-],7
Fc1cncc(F)c1C#Cc1c(F)cncc1F,7
O=C([O-])c1cc2c(Br)c(Br)c3cc(C(=O)[O-])cc4c(Br)c(Br)c(c1)c2c34,7
Nc1cc(C(=O)[O-])c(N)c2c(N)cc(C(=O)[O-])c(N)c12,7
Cc1cc(C(=O)[O-])cc(C)c1C#Cc1c(C)cc(C(=O)[O-])cc1C,7
c1cnc(SCSc2ncccn2)nc1,6
O=C([O-])c1cc(C(=O)[O-])c(C(=O)O)cc1C(=O)[O-],6
[O][N][O],6
O=C([O-])c1ccccc1O,6
O=C([O-])c1cc(C(=O)[O-])c(C(=O)[O-])nc1C(=O)[O-],6
O=C([O-])c1cc(Cl)c(Cl)cc1C(=O)[O-],6
O=C([O-])C1=C(C(=O)O)[N]C=N1,6
O=C(O)[C]1N=CN=C1C(=O)[O-],6
O=C([O-])C(F)(F)C(F)(F)C(=O)[O-],6
O=C([O-])c1cc2c(cc1C(=O)[O-])C(=O)c1ccccc1C2=O,6
O=C([O-])c1c(F)c(F)c(F)c(F)c1C(=O)[O-],6
[CH]1N=C[N]N1CCCCn1cncn1,6
O=C([O-])c1ccc(Oc2ccccc2C(=O)[O-])cc1,6
O=C(Nc1cccnc1)C(=O)Nc1cccnc1,6
N#C[C](C#N)C(N)=O,6
CC(NCc1ccncc1)C(=O)[O-],6
[O]S([O])([O])CCS([O])([O])[O],6
[O]P(=O)(O)Cc1ccc(CP([O])(=O)O)cc1,6
c1cnc(SSc2ncccn2)nc1,6
[N]1N=NN=C1NC1=NN=N[N]1,6
S=C1NCCN1,6
O=C([O-])Cn1cc(C(=O)[O-])ccc1=O,6
O=C([O-])c1cc(=O)cc(C(=O)[O-])o1,6
c1ccc(SCSc2ccccc2)cc1,6
c1cc(-c2ccc(N(c3ccc(-c4ccncc4)cc3)c3ccc(-c4ccncc4)cc3)cc2)ccn1,6
[O]P(=O)(O)c1ccc(C(=O)[O-])cc1,6
[O]S([O])([O])c1cc(C(=O)[O-])cc2c(S([O])([O])[O])cc(C(=O)[O-])cc12,6
O=C([O-])CNC(=O)c1cccc(C(=O)NCC(=O)[O-])c1,6
Cc1nc(C)c(C(=O)[O-])cc1C(=O)[O-],6
[O]P([O])(=O)Cc1ccc(C(=O)O)cc1,6
O=C([O-])COc1ccc(Cl)cc1,6
[O]P(=O)(c1ccccc1)c1ccccc1,6
c1cn(Cc2ccc(-c3ccc(Cn4ccnc4)cc3)cc2)cn1,6
CSc1c(SC)c(C(=O)[O-])c(SC)c(SC)c1C(=O)[O-],6
c1cc(N(c2ccncc2)c2ccc(N(c3ccncc3)c3ccncc3)cc2)ccn1,6
O=C([O-])c1ccc(-n2ccc(=O)cc2)cc1C(=O)[O-],6
O=C([O-])CN1[CH]C=C(C(=O)[O-])C=C1,6
[O]P([O])(=O)CCC(=O)[O-],6
O=C([O-])C=Cc1ccc(C(=O)[O-])cc1,6
O=C([O-])C=C(CC(=O)[O-])C(=O)[O-],6
O=C([O-])Cn1cncn1,6
O=C([O-])c1cc(C(=O)[O-])cc(-c2ccc(C(=O)O)cc2)c1,6
[O]S([O])([O])c1ccc(C(=O)[O-])cc1,6
CC(=NN=C(C)c1cccnc1)c1cccnc1,6
C[C]([N]N=C(C)c1cccnc1)c1cccnc1,6
O=C(Nc1cccnc1)c1ccncc1,6
O=C([O-])C1C(C(=O)[O-])C(C(=O)[O-])C1C(=O)[O-],6
O=C([O-])c1ccc(-c2cc(-c3ccc(C(=O)[O-])cc3)c(-c3ccc(C(=O)[O-])cc3)cc2-c2ccc(C(=O)[O-])cc2)cc1,6
O=C([O-])C1=CC2=NN=NC2=C[CH]1,6
[O]P([O])(=O)CN1CCN(CP([O])([O])=O)CC1,6
O=C([O-])c1ccc[n+]([O-])c1-c1c(C(=O)[O-])ccc[n+]1[O-],6
O=C([O-])c1ccc(Cn2cccc(C(=O)[O-])c2=O)cc1,6
[O].[O][As]([O])[O],6
c1cc(-n2cnnc2)ccc1-n1cnnc1,6
O=C(c1cccnc1)c1cccnc1,6
O=C([O-])c1c[nH]cn1,6
O=C([O-])c1cc(O)cc(C(=O)[O-])n1,6
c1cc(C2=NN=N[N]2)cc(-n2ccnc2)c1,6
[S]c1ccncc1,6
O=C([O-])C=Cc1cccc(C=CC(=O)[O-])c1,6
O=C([O-])c1ccc(-c2ccc(C(=O)[O-])s2)s1,6
O=C([O-])c1ccc(-c2cc(C(=O)[O-])c(-c3ccc(C(=O)[O-])cc3)cc2C(=O)[O-])cc1,6
NCC(=O)[O-],6
O=C([O-])c1ccc(C(=O)[O-])c2c(C(=O)[O-])ccc(C(=O)[O-])c12,6
[O]S([O])([O])c1ccc(O)c(C(=O)[O-])c1,6
[O]P([O])(=O)c1ccccc1,6
[O]P(=O)(CCC(=O)[O-])c1ccccc1,6
O=C([O-])c1cccc(-c2cncc(-c3cccc(C(=O)[O-])c3)c2)c1,6
O=C([O-])Cc1ccc(C(=O)[O-])cc1,6
O=C([O-])c1ccc(-c2cc(-c3ccc(C(=O)[O-])cc3)c(C(=O)[O-])cc2C(=O)[O-])cc1,6
O=C([O-])CN1[CH]N=C[N]1,6
O=C([O-])c1ccc(-c2cnc[nH]2)cc1,6
C1=N[N]C=C1c1ccc(C2=C[N]N=C2)cc1,6
c1ccc(-c2cc(-c3cc(-c4ccccn4)nc(-c4ccccn4)c3)cc(-c3ccccn3)n2)nc1,6
O=C([O-])c1cc(C(=O)[O-])cc(-c2cncc(F)c2)c1,6
O=C([O-])c1cc([N+](=O)[O-])c(-c2c([N+](=O)[O-])cc(C(=O)[O-])cc2[N+](=O)[O-])c([N+](=O)[O-])c1,6
O=C([O-])Cn1cccc(C(=O)[O-])c1=O,6
O=C([O-])C=CC(Br)=CC(=O)[O-],6
O=CC(=CC=CC(=O)[O-])C(=O)[O-],6
c1cc2ccc3c4cnccc4ccc3c2cn1,6
Fc1cnc(F)cn1,6
O=C([O-])c1cc(F)c2cc(C(=O)[O-])cc(F)c2c1,6
O=C([O-])c1cc(O)c(C(=O)[O-])c2c1CC2,6
C1=N[N]C=C1c1cc2ccc3cc(C4=C[N]N=C4)cc4ccc(c1)c2c34,6
[CH]1N=NC=C1c1ccc([C]2C=NN=C2)cc1,6
C(#CC#C[C]1C=NN=C1)C#C[C]1C=NN=C1,6
C(#CC12C3C4C1C1C2C3C41C#CC1=C[N]N=C1)[C]1C=NN=C1,6
[CH]1N=NC=C1c1ccc([N][N]c2ccc(C3=C[N]N=C3)cc2)cc1,6
C(#Cc1ccc(C#CC2=C[N]N=C2)cc1)[C]1C=NN=C1,6
O=C(O)c1cc2c(C(=O)[O-])c(C(=O)O)c(C(=O)O)c(C(=O)[O-])c2cc1C(=O)O,6
[O]S([O])(O)c1cc2c(C(=O)[O-])ccc(C(=O)[O-])c2cc1S([O])([O])O,6
O=C(O)c1cc2c(C(=O)[O-])ccc(C(=O)[O-])c2cc1C(=O)O,6
O=C([O-])c1ccc(C(=O)[O-])c2cc(Cl)c(Cl)cc12,6
O=C([O-])c1c(O)cc(C#Cc2cc(O)c(C(=O)[O-])c(O)c2)cc1O,6
O=C([O-])c1c(Br)cc(C#Cc2cc(Br)c(C(=O)[O-])c(Br)c2)cc1Br,6
O=C([O-])c1c(Br)c(Br)c(C#Cc2c(Br)c(Br)c(C(=O)[O-])c(Br)c2Br)c(Br)c1Br,6
O=C([O-])c1cc2sc(C(=O)[O-])c(C(=O)O)c2s1,6
O=C([O-])c1c2c(c(C(=O)[O-])c([N+](=O)[O-])c1[N+](=O)[O-])CC2,6
O=C([O-])c1c(Br)c(Br)c(C(=O)[O-])c2c1CC2,6
Fc1cc([N][N]c2ccnc(F)c2)ccn1,6
O=C([O-])c1cc2c(O)c(O)c3cc(C(=O)[O-])cc4c(O)c(O)c(c1)c2c34,6
O=C([O-])C#Cc1cc(C#CC(=O)[O-])c(C#CC(=O)[O-])cc1C#CC(=O)[O-],6
c1nncn1-n1cnnc1,5
Cc1cnc(C(=O)[O-])cn1,5
CCC1=NN=C(CC)[N]1,5
O=C(Cc1ccc(CC(=O)Nc2cccnc2)cc1)Nc1cccnc1,5
O=C([O-])C1CC=CCC1C(=O)[O-],5
O=C([O-])C1CC(C(=O)[O-])C(C(=O)[O-])C1C(=O)[O-],5
O=C1CC(=O)NC(=O)N1,5
Nc1c(I)c(C(=O)[O-])c(I)c(C(=O)[O-])c1I,5
O=C([O-])c1cccc2ncccc12,5
O=C([O-])c1cccc(-c2cccc(C(=O)[O-])c2)c1,5
C1N2CN3CN1CP(C2)C3,5
[O]S([O])([O])c1cccnc1,5
O=C(Nc1ccc(NC(=O)c2ccncc2)cc1)c1ccncc1,5
[C]=O,5
c1ccc2c(c1)ncn2CCCCn1cnc2ccccc21,5
O=C([O-])c1cc(N2[CH]N=C[N]2)cc(N2[CH]N=C[N]2)c1,5
O=C([O-])c1nccnc1C(=O)O,5
O=C([O-])c1ccc(C(=O)c2ccccc2C(=O)[O-])cc1,5
O=C([O-])c1cc(Oc2ccc(C(=O)[O-])cc2[N+](=O)[O-])cc(C(=O)[O-])c1,5
O=C1[N]S(=O)(=O)c2ccccc21,5
NC(C[S])C(=O)[O-],5
Nc1ccc([N][N]c2ccc(S([O])([O])[O])cc2)cc1,5
O=C(NC1CCCCC1NC(=O)c1ccncc1)c1ccncc1,5
O=C([O-])c1cncc(C(=O)O)c1,5
c1cc(N2CCN(c3ccncc3)CC2)ccn1,5
O=C([O-])c1ccc(-c2ccc(C(=O)[O-])cc2[N+](=O)[O-])c([N+](=O)[O-])c1,5
O=C([O-])c1ccc(C(=O)[O-])c(-c2nc(C(=O)[O-])ccc2C(=O)O)n1,5
[O]S([O])([O])c1cc(C(=O)O)cc2c(S([O])([O])[O])cc(C(=O)O)cc12,5
C1=CC2=C(c3ccncc3)C3=CC=C([N]3)C(c3ccncc3)=C3C=CC(=N3)C(c3ccncc3)=C3C=CC(=C(c4ccncc4)C1=N2)[N]3,5
NC(CCC(=O)[O-])C(=O)[O-],5
O=C([O-])c1ccnc2ccccc12,5
COCCOC,5
[O]P([O])(=O)Cc1ccc(CP([O])([O])=O)cc1,5
O=C(Nc1cccnc1)c1cc(O)cc(C(=O)Nc2cccnc2)c1,5
O=C1CCC(C(=O)[O-])N1,5
c1cncc(OCC(COc2cccnc2)(COc2cccnc2)COc2cccnc2)c1,5
Nc1cc(C(=O)[O-])c(C(=O)[O-])c(C(=O)[O-])c1,5
Cc1nc2ccccc2n1CCCn1c(C)nc2ccccc21,5
Cc1ccc(S(=O)(=O)NC(CCC(=O)[O-])C(=O)[O-])cc1,5
O=C([O-])c1ccc(Oc2ccccc2C(=O)[O-])c(C(=O)[O-])c1,5
O=C([O-])c1ccc(-c2cc(C(=O)[O-])cc(-c3ccc(C(=O)[O-])cc3)c2)cc1,5
c1cc(C2=NN=C(c3cnccn3)[N]2)ccn1,5
O=C([O-])c1cc(-n2ccnc2)cc(-n2ccnc2)c1,5
N#C[C](C#N)c1c(F)c(F)c([C](C#N)C#N)c(F)c1F,5
O=C([O-])c1ccc(COc2cc(C(=O)[O-])cc(C(=O)[O-])c2)cc1,5
c1ncc(-c2cncnc2)cn1,5
Cc1c(Cn2ccnc2)c(C)c(Cn2ccnc2)c(C)c1Cn1ccnc1,5
Cc1c(COc2ccc(C(=O)[O-])cc2)c(C)c(COc2ccc(C(=O)[O-])cc2)c(C)c1COc1ccc(C(=O)[O-])cc1,5
O=C([O-])Cc1cc(CC(=O)[O-])cc(CC(=O)[O-])c1,5
Nc1ccc(Cc2ccc(N)cc2)cc1,5
O=C([O-])c1cscc1C(=O)[O-],5
CC1=NC(C(=O)[O-])=C(C(=O)[O-])[N]1,5
Cc1ccc(C(=O)[O-])cc1,5
c1cncc(-c2cccnc2)c1,5
O=C([O-])c1cccc(-c2cccnc2)c1,5
O=C([O-])c1ccccc1[N+](=O)[O-],5
O=C([O-])c1cccc2ccccc12,5
Cc1nccn1-c1ccc(-n2ccnc2C)cc1,5
O=C([O-])c1ccc(-c2cncc(-c3ccc(C(=O)[O-])cc3)c2)cc1,5
O=C([O-])Cn1nnc2ccccc21,5
C[C]([N][N][C](C)c1cccnc1)c1cccnc1,5
c1cn(CC(Cn2ccnc2)(Cn2ccnc2)Cn2ccnc2)cn1,5
c1cncc([C]2N=C(c3cccnc3)[N]N2)c1,5
Nc1cccnc1,5
c1nnnn1CCn1cnnn1,5
[O]P([O])(=O)CCS([O])([O])[O],5
[O]S([O])([O])c1cccc(C(=O)[O-])c1,5
[O][As]([O])[O],5
O=C([O-])c1ccc(-n2cncn2)cc1,5
Cc1cc2ncn(CCCCn3cnc4cc(C)c(C)cc43)c2cc1C,5
O=C([O-])c1ccc([Si](c2ccc(C(=O)[O-])cc2)(c2ccc(C(=O)[O-])cc2)c2ccc(C(=O)[O-])cc2)cc1,5
O=C([O-])c1cc(-c2ccncc2)cc(-c2ccncc2)c1,5
O=C([O-])C1=C[CH]C2=NN=NC2=C1,5
Cc1nccn1-c1ccc(C(=O)[O-])cc1,5
O=S1(=O)[N]S(=O)(=O)c2ccccc21,5
O=C1C(=O)C(=O)C(=O)C1=O,5
C=C(CC(=O)[O-])C(=O)[O-],5
O=C([O-])CSc1ncccc1C(=O)[O-],5
O=C([O-])C12CC3(C(=O)[O-])CC(C(=O)[O-])(C1)CC(C(=O)[O-])(C2)C3,5
c1cn(-c2ccc(-n3ccnc3)s2)cn1,5
Cc1nccn1CCCn1ccnc1C,5
Cc1nnc(-c2cccnc2)n1-c1ccc(C(=O)[O-])cc1,5
O=C([O-])c1cc(Cn2ccnc2)cc(C(=O)[O-])c1,5
CCc1cnc(C(=O)[O-])c(C(=O)[O-])c1,5
[O]P(=O)(O)Cc1cc(CP([O])(=O)O)cc(CP([O])(=O)O)c1,5
C1=N[N]C(c2ccccn2)=C1,5
[CH]1C=NN=C1c1ccccn1,5
N#C[O],5
Nc1cc(C(=O)[O-])ccn1,5
c1cn(-c2ccc(C3=NN=N[N]3)cc2)cn1,5
CN(C)C=O,5
O=C([O-])c1cc(C(=O)c2ccccc2)c(C(=O)[O-])cc1C(=O)c1ccccc1,5
S=C1N=CC=NC1=S,5
O=C([O-])c1c(F)c(F)c(F)c(C(=O)[O-])c1F,5
C(CC1=NN=N[N]1)C1=NN=N[N]1,5
c1cc2cncc3ccc4cncc1c4c23,5
CC(C)(CCC(=O)[O-])C(=O)[O-],5
O=C([O-])c1cc(OCCOc2cc(C(=O)[O-])cc(C(=O)[O-])c2)cc(C(=O)[O-])c1,5
Nc1nccnc1C(=O)[O-],5
O=C(Nc1ccncc1)c1cccc(C(=O)Nc2ccncc2)c1,5
O=C(Nc1cccnc1)Nc1cccnc1,5
O=C([O-])CO,5
O=C(NCCNC(=O)Nc1cccnc1)Nc1cccnc1,5
O=C([O-])c1ccc(N(c2ccc(C(=O)[O-])cc2)n2cnnc2)cc1,5
CC(C)(CC(=O)[O-])C(=O)[O-],5
O=C(O)c1cccc(Oc2cccc(C(=O)[O-])c2C(=O)[O-])c1,5
Nc1nnc(-c2nnc(N)n2[N][N+](=O)[O-])n1[N][N+](=O)[O-],5
O=C([O-])c1cc(Oc2cccc(C(=O)[O-])c2C(=O)[O-])cc(C(=O)O)c1,5
O=C([O-])c1ccc(C(=O)[O-])c(-c2cccnc2)c1,5
CC(C(=O)[O-])C(=O)[O-],5
O=C([O-])c1ccc(-c2cccc(-c3ccc(C(=O)[O-])cc3)c2)cc1,5
O=C([O-])c1ccc(-n2cnc3ccccc32)cc1,5
O=C([O-])c1ccc(Oc2cc(C(=O)[O-])cc(C(=O)[O-])c2)cc1,5
[C]#[C],5
O=C(O)c1ccc(Oc2ccccc2C(=O)[O-])cc1,5
CC1(C)c2cc(C(=O)[O-])ccc2-c2ccc(C(=O)[O-])cc21,5
[O]P([O])(=O)Cc1cccc[n+]1[O-],5
O=C1NC(=O)C(=NNc2cc(C(=O)[O-])cc(C(=O)[O-])c2)C(=O)N1,5
[O-][n+]1ccc([N][N]c2cc[n+]([O-])cc2)cc1,5
c1ccc(-c2nnc(-c3cccnc3)n2-c2ccncc2)nc1,5
O=C([O-])c1cc(Cn2nnc3ccccc32)cc(C(=O)[O-])c1,5
COc1ccc(-c2ccc(OC)c(C(=O)[O-])c2)cc1C(=O)[O-],5
O=C([O-])c1ccc(-c2c3nc(c(-c4ccc(C(=O)[O-])cc4)c4ccc([nH]4)c(-c4ccc(C(=O)[O-])cc4)c4nc(c(-c5ccc(C(=O)[O-])cc5)c5ccc2[nH]5)C=C4)C=C3)cc1,5
O=C([O-])C=CC=C(F)C(=O)[O-],5
COC(C=CC(=O)[O-])=CC(=O)[O-],5
O=C([O-])C(Br)=C(Br)C(Br)=C(Br)C(=O)[O-],5
O=C([O-])c1ccc(C(=O)[O-])c2c1CC2Br,5
O=C([O-])C#CC12CCC(C#CC(=O)[O-])(CC1)C([N+](=O)[O-])C2,5
O=C([O-])c1ccc(N2C(=O)c3ccc4c5ccc6c7c(ccc(c8ccc(c3c48)C2=O)c75)C(=O)N(c2ccc(C(=O)[O-])cc2)C6=O)cc1,5
O=C([O-])c1cc2cc(O)c3cc(C(=O)[O-])cc4cc(O)c(c1)c2c43,5
N#CC=CC#N,5
C12C3C4C5C(C1N35)N24,5
Fc1cc(-c2ccnc(F)c2)ccn1,5
O=C([O-])c1ccc(C=Cc2ccc(C(=O)[O-])c(Cl)c2)cc1Cl,5
O=C([O-])c1ccc([N][N]c2ccc(C(=O)[O-])c([N+](=O)[O-])c2)cc1[N+](=O)[O-],5
Nc1cc(C(=O)[O-])cc(N)c1C#Cc1c(N)cc(C(=O)[O-])cc1N,5
COC1CC2(C#CC(=O)[O-])CCC1(C#CC(=O)[O-])CC2,5
Cc1cc2cc(C(=O)[O-])cc3c(C)cc4cc(C(=O)[O-])cc1c4c23,5
C1=N[N]C=C1C12C3C4C1C1C2C3C41[C]1C=NN=C1,5
C(C=CC1=C[N]N=C1)=C[C]1C=NN=C1,5
C1=N[N]C=C1c1ccc2cc([C]3C=NN=C3)ccc2c1,5
O=C([O-])c1ccc(C(F)=C(F)c2ccc(C(=O)[O-])cc2)cc1,5
Nc1cc([N][N]c2ccc(C(=O)[O-])c(N)c2N)cc(N)c1C(=O)[O-],5
O=C([O-])c1c(Cl)cc(C#Cc2cc(Cl)c(C(=O)[O-])c(Cl)c2)cc1Cl,5
[O]S([O])(O)c1cc(C#Cc2ccc(C(=O)[O-])c(S([O])([O])O)c2)ccc1C(=O)[O-],5
[O]S([O])(O)c1cc(-c2ccc(C(=O)[O-])c(S([O])([O])O)c2)ccc1C(=O)[O-],5
Cc1cc(C(=O)[O-])c2c(c1C(=O)[O-])CC2,5
O=C([O-])c1c2c(c(C(=O)[O-])c(C(=O)O)c1C(=O)O)CC2,5
ClC(=C(Cl)c1ccncc1)c1ccncc1,5
FC(=C(F)c1ccncc1)c1ccncc1,5
Cc1c(C)c2cc(C(=O)[O-])cc3c(C)c(C)c4cc(C(=O)[O-])cc1c4c23,5
[O]S([O])(O)c1cc2cc(C(=O)[O-])cc3c(S([O])([O])O)cc4cc(C(=O)[O-])cc1c4c23,5
O=C([O-])c1cc2cc(C(=O)O)c3cc(C(=O)[O-])cc4cc(C(=O)O)c(c1)c2c43,5
O=C([O-])c1cc2c([N+](=O)[O-])c([N+](=O)[O-])c3cc(C(=O)[O-])cc4c([N+](=O)[O-])c([N+](=O)[O-])c(c1)c2c34,5
Cc1cc(C(=O)[O-])cc2c(C)cc(C(=O)[O-])cc12,5
O=C([O-])c1cc(C(=O)O)c2cc(C(=O)[O-])cc(C(=O)O)c2c1,5
O=C([O-])c1cc(F)c2c(F)c(C(=O)[O-])cc(F)c2c1F,5
Nc1cc([N][N]c2ccnc(N)c2N)cc(N)n1,5
O=C([O-])C#Cc1cc(C#CC(=O)[O-])cc(C#Cc2cc(C#CC(=O)[O-])cc(C#CC(=O)[O-])c2)c1,5
O=C(Nc1ccc(NC(=O)c2cccnc2)cc1)c1cccnc1,4
OC(CN1[CH]N=C[N]1)(Cn1cncn1)c1ccc(F)cc1F,4
Nc1cc(N)cc(C(=O)[O-])c1,4
c1ccc2c(c1)[N]C(C1=Nc3ccccc3[N]1)=N2,4
O=C([O-])C=Cc1ccccc1C(=O)[O-],4
O=C([O-])C1CSCN1,4
O=C([O-])CC(O)(CC(=O)O)C(=O)[O-],4
c1cncc(C2=N[N]C(c3cccnc3)=N[N]2)c1,4
[CH]1N=C[N]N1CN1[CH]N=C[N]1,4
O=C([O-])c1cc2ccccc2c(-c2c(O)c(C(=O)[O-])cc3ccccc23)c1O,4
O=C([O-])c1cc(-c2cc(C(=O)[O-])c3ccccc3n2)nc2ccccc12,4
O=S(=O)(c1ccc(-n2ccnc2)cc1)c1ccc(-n2ccnc2)cc1,4
O=C(Nc1cccnc1)c1ccc(Oc2ccc(C(=O)Nc3cccnc3)cc2)cc1,4
c1cc(COc2ccc(OCc3ccncc3)cc2)ccn1,4
O=C([O-])c1cc(OCc2ccc(-c3ccc(COc4cc(C(=O)[O-])cc(C(=O)[O-])c4)cc3)cc2)cc(C(=O)[O-])c1,4
O=C([O-])c1ccc(-c2cccc(C(=O)[O-])c2)cc1,4
O=C([O-])CN1C(=O)c2ccccc2C1=O,4
c1cc(C2=NCCO2)ccc1C1=NCCO1,4
Cc1cc(C)nc(N)n1,4
NN,4
[O]S([O])([O])c1cc(C(=O)O)ccc1C(=O)[O-],4
[O-][n+]1ccc(CCc2cc[n+]([O-])cc2)cc1,4
Nc1cccc2c1C(=O)N[N]C2=O,4
CCN(CC)C([S])=S,4
O=C([O-])c1ccc(CN(Cc2ccc(C(=O)[O-])cc2)c2cc(C(=O)[O-])cc(C(=O)[O-])c2)cc1,4
O=C([O-])C=Cc1cnc[nH]1,4
CCN1C(=O)[CH]C(=O)N(CC)C1=S,4
[O]S([O])([O])c1ccc2c(c1)C(=O)c1ccc(S([O])([O])[O])cc1C2=O,4
c1cc(C2=NN=N[N]2)ccc1C1=NN=N[N]1,4
c1cc(C2=NN=C(c3ccncc3)[N]2)ccn1,4
O=C([O-])[C]1C=NN=C1,4
[S]C1=C[CH]NC=C1,4
C(CC1=NN=N[N]1)OCCC1=NN=N[N]1,4
c1cc(-c2n[nH]c(-c3ccncc3)n2)ccn1,4
O=C([O-])c1nc(-c2ccccc2)[nH]c1C(=O)[O-],4
c1cc(C2=NN=N[N]2)cc(C2=NN=N[N]2)c1,4
O=C(NCCNC(=O)c1cccnc1)c1cccnc1,4
CC1=CC(=O)[N]S([O])([O])O1,4
c1cncc(-c2nc3ccccc3[nH]2)c1,4
[O]S([O])([O])c1ccc(C(=O)O)cc1,4
O=C([O-])c1cccc(C(=O)O)c1,4
Cn1ccnc1C=Cc1nccn1C,4
O=C([O-])C1=C(C(=O)[O-])N=C(c2ccncc2)[N]1,4
[O]c1cccnc1,4
c1ccc(C2=NN=N[N]2)cc1,4
N#Cc1ccncc1,4
OCC(O)C(O)CO,4
O=C([O-])c1ccc(C(c2ccc(C(=O)[O-])cc2)c2ccc(C(=O)[O-])cc2)cc1,4
[O]P1(=O)NC(=O)NC(=O)N1,4
CN(C)c1ccc(N(C)C)cc1,4
O=C([O-])COc1cccc2c(OCC(=O)[O-])cccc12,4
c1cc(-c2nc(-c3ccncc3)c(-c3ccncc3)[nH]2)ccn1,4
Cc1c[n+]([O-])c(C)c[n+]1[O-],4
O=C([O-])c1ccc(-c2cc(-c3ccncc3)nc(-c3ccncc3)c2)cc1,4
[O]n1nnnc1-c1nnnn1[O],4
O=C([O-])c1cc(C(=O)[O-])cc(-c2cccc(-c3cc(C(=O)[O-])cc(C(=O)[O-])c3)c2)c1,4
O=C([O-])c1cc(-c2ccncc2)nc(-c2ccncc2)c1,4
O=C([O-])c1cc(OCCCCCCOc2cc(C(=O)[O-])cc(C(=O)[O-])c2)cc(C(=O)[O-])c1,4
[CH]1N=NC=C1CC1=CN=N[CH]1,4
[CH]1N=NC=C1CC1=C[N]N=C1,4
[O]CCc1ccccn1,4
[O]P(=O)(O)CN1CCCC(C(=O)[O-])C1,4
O=[N+]([O-])C1=CN=N[CH]1,4
O=[N+]([O-])C1=C[N]N=C1,4
O=[N+]([O-])[C]1C=NN=C1,4
CCC1=NC=C[N]1,4
O=C([O-])c1cccnc1Cl,4
O=C([O-])c1ccccc1-c1nc2c3cccnc3c3ncccc3c2[nH]1,4
NC(CSCC(=O)[O-])C(=O)[O-],4
O=C([O-])c1cccc(-c2cc(C(=O)[O-])c(-c3cccc(C(=O)[O-])c3)cc2C(=O)[O-])c1,4
O=C([O-])CCc1ccc(CCC(=O)[O-])cc1,4
O=C([O-])c1ccc2c(c1)S(=O)(=O)c1cc(C(=O)[O-])ccc1-2,4
O=C([O-])c1cc(OCCCCOc2cc(C(=O)[O-])cc(C(=O)[O-])c2)cc(C(=O)[O-])c1,4
O=C([O-])C1=C[CH]C=C1,4
N#C[C](C#N)C1=C(C#N)C(=O)NC1=O,4
O=C([O-])c1cccc(NCc2ccc(CNc3cccc(C(=O)[O-])c3)cc2)c1,4
CCc1nc2ccccc2n1CCCCn1c(CC)nc2ccccc21,4
O=C(CCC(=O)Nc1cccnc1)Nc1cccnc1,4
O=C([O-])C1=C[CH]N(CCCCN2[CH]C=C(C(=O)[O-])C=C2)C=C1,4
O=C([O-])c1ccc2c(c1)=N[N]N=2,4
O=C([O-])C1=C[C]2N=NN=C2C=C1,4
c1ccc2c(-n3ccnc3)c3ccccc3c(-n3ccnc3)c2c1,4
c1cn(-c2ccc(N(c3ccc(-n4ccnc4)cc3)c3ccc(-n4ccnc4)cc3)cc2)cn1,4
O=C([O-])C1CSC(C(=O)[O-])N1,4
O=C([O-])c1ccc(-c2cccnc2)cc1,4
O=C(c1cccnc1)N1CCN(C(=O)c2cccnc2)CC1,4
CC(Oc1cc(OC(C)C(=O)[O-])cc(C(=O)[O-])c1)C(=O)[O-],4
[CH]1N=C[N]N1CCn1cncn1,4
[O]S([O])([O])c1ccc(O)c(C(=O)O)c1,4
c1ccc(-c2cnc(-c3ccc(-c4ncc(-c5ccccc5)o4)cc3)o2)cc1,4
O=C([O-])c1cncc(OCOc2cncc(C(=O)[O-])c2)c1,4
c1cn(-c2ccc(Oc3ccc(-n4ccnc4)cc3)cc2)cn1,4
O=C([O-])c1cc(-n2ccnc2)c(C(=O)[O-])cc1-n1ccnc1,4
[O]c1c(C(=O)[O-])cccc1C(=O)[O-],4
O=C(Nc1ccncc1)c1cccnc1,4
[O]C(C(=O)[O-])c1ccccc1,4
O=C([O-])c1cc(OCc2ccncc2)cc(C(=O)[O-])c1,4
O=C([O-])CNC(=O)c1ccc(C(=O)NCC(=O)[O-])cc1,4
O=C(O)C1=CC=C[CH]1,4
[O]P(=O)(O)c1ccc(C(=O)O)cc1,4
O=C(NN=Cc1ccncc1)c1ccncc1,4
c1cc(-n2ccnc2)cc(-n2ccnc2)c1,4
c1cc(Cn2cncn2)ccn1,4
[O]P(=O)(O)Cc1cc(CP([O])(=O)O)cc(CP(=O)(O)O)c1,4
O=C([O-])c1ccc2ccccc2c1C(=O)[O-],4
NCCCCCN,4
CC(CC(=O)[O-])CC(=O)[O-],4
Cc1cncc(C(=O)[O-])c1,4
[O-][n+]1cc[n+]([O-])cc1,4
O=C([O-])c1cc(NCc2ccc(CNc3cc(C(=O)[O-])cc(C(=O)[O-])c3)cc2)cc(C(=O)[O-])c1,4
c1ccc2c(c1)nnn2CCn1nnc2ccccc21,4
c1cn(Cc2ccc(-n3ccnc3)cc2)cn1,4
c1ccc2c(c1)ncn2Cc1ccncc1,4
O=C([O-])COc1cc(OCC(=O)[O-])cc(C(=O)[O-])c1,4
[O]P(=O)(O)c1ccccc1,4
Cc1ccc(S([O])([O])[O])cc1,4
O=C(O)c1ccc(-c2cc(C(=O)[O-])c(-c3ccc(C(=O)O)cc3)cc2C(=O)[O-])cc1,4
O=C([O-])Cn1nnc(-c2cnccn2)n1,4
c1cn(-c2cc(-c3cc(-n4ccnc4)cc(-n4ccnc4)c3)cc(-n3ccnc3)c2)cn1,4
[N]1N=NN=C1C1=NN=N[N]1,4
O=C([O-])c1cc(C#Cc2cc(C(=O)[O-])cc(C(=O)[O-])c2)cc(C(=O)[O-])c1,4
CCC1=NN=C[N]1,4
[O]P(=O)(c1ccc(C(=O)[O-])cc1)c1ccc(C(=O)O)cc1,4
[CH]1N=C[N]N1,4
c1cc(-c2cc(-c3ccncc3)c(-c3ccncc3)cc2-c2ccncc2)ccn1,4
c1cn(Cc2cc(-n3ccnc3)cc(-n3ccnc3)c2)cn1,4
O=C([O-])c1cc(OCc2ccccc2C(=O)O)cc(C(=O)[O-])c1,4
c1cc(-c2nnc(-c3ccncc3)[nH]2)ccn1,4
O=C([O-])c1csc(-c2ccncc2)n1,4
c1cc(-c2ccc(-c3ccc(-c4ccncc4)cc3)cc2)ccn1,4
COc1cc2c(-c3cc(C(=O)[O-])cc(C(=O)[O-])c3)c3cc(OC)c(OC)cc3c(-c3cc(C(=O)[O-])cc(C(=O)[O-])c3)c2cc1OC,4
O=C([O-])CN1[CH]C=C(C2=N[N]N=N2)C=C1,4
c1cc(-c2c[nH]cn2)cc(-c2cnc[nH]2)c1,4
O=C([N][N]C(=O)c1ccncc1)c1ccncc1,4
NCCCCCCN,4
O=C([O-])CCCCCCCCC(=O)[O-],4
O=C([O-])c1cc(Cc2cc(C(=O)[O-])cc(C(=O)O)c2)cc(C(=O)O)c1,4
O=C([O-])c1cc(F)cc(C(=O)[O-])c1,4
c1ccc2c(c1)nnn2Cn1ccnc1,4
Cc1nnsc1C(=O)[O-],4
c1ccc2ncc(C3=NN=N[N]3)cc2c1,4
CC(O)(P([O])([O])=O)P([O])(=O)O,4
[O]P(=O)(O)CCC(=O)[O-],4
[O]P([O])(=O)c1ccc(-n2cnnc2)cc1,4
Nc1cc(C(=O)[O-])cc(C(=O)O)c1,4
O=C([O-])C1=C(C(=O)[O-])N=C(c2cccnc2)[N]1,4
O=C([O-])c1ccc(C(=O)O)c2c1C(=O)c1c(C(=O)O)ccc(C(=O)[O-])c1C2=O,4
[O]P(=O)(O)c1cccc[n+]1[O-],4
O=C([O-])c1ccsc1C(=O)[O-],4
[O]P(=O)(O)Cc1cccc[n+]1[O-],4
O=C([O-])c1cccc(-n2cnnc2)c1,4
NCc1ccccn1,4
Cc1c(CSc2ccncc2)c(C)c(CSc2ccncc2)c(C)c1CSc1ccncc1,4
O=C([O-])C(N1[CH]N=C[N]1)n1cncn1,4
O=C([O-])c1ccc(C(=O)[O-])c(-c2ccncc2)c1,4
c1nnnn1CCCCn1cnnn1,4
Cc1nc(C(=O)[O-])c(C(=O)[O-])cc1C(=O)[O-],4
[O]c1cc2ccc(S([O])([O])[O])cc2cc1S([O])([O])[O],4
Cc1c(C)c(-c2ccncc2)c(C)c(C)c1B(c1c(C)c(C)c(-c2ccncc2)c(C)c1C)c1c(C)c(C)c(-c2ccncc2)c(C)c1C,4
Cc1cc(P([O])(=O)O)cc(P([O])(=O)O)c1,4
Cc1ccc(C(=O)[O-])cc1N,4
[O]P([O])(=O)C(O)(CC1=CN[CH]C=C1)P([O])(=O)O,4
CC(NC(=O)C1=CN=N[CH]1)C(=O)[O-],4
O=C([O-])COc1ccc(-c2ccc(OCC(=O)[O-])cc2)cc1,4
O=C([O-])CN1[CH]N=C(C(=O)[O-])[N]1,4
O=C([O-])c1ccc2c3c(ccc(C(=O)[O-])c13)C(=O)N(c1ccncc1)C2=O,4
O=C([O-])C1C(C(=O)O)C(C(=O)[O-])C1C(=O)O,4
CC1=NC(=O)C=C[CH]1,4
O=CC(C(=O)[O-])=C(C=O)C(=O)[O-],4
N#CC(C=CC(=O)[O-])=CC(=O)[O-],4
[O]S([O])(O)C(C=CC(=O)[O-])=CC(=O)[O-],4
CCCC(=CC=CC(=O)[O-])C(=O)[O-],4
O=C([O-])C=CC(=CC(=O)[O-])C(=O)O,4
O=C([O-])C=CC(I)=C(I)C(=O)[O-],4
O=C([O-])C=CC(F)=CC(=O)[O-],4
O=C([O-])C=CC(O)=CC(=O)[O-],4
O=C([O-])C#CC=C(O)C#CC(=O)[O-],4
O=C([O-])C12C3C4(I)C1(I)C1C2(I)C3(I)C14C(=O)[O-],4
O=C([O-])C=CC(I)=CC(=O)[O-],4
O=C([O-])c1ccc(C(=O)[O-])c2c1CC2Cl,4
O=C([O-])c1ccc(C(=O)[O-])c2c1CC2[N+](=O)[O-],4
CC1Cc2c(C(=O)[O-])ccc(C(=O)[O-])c21,4
O=C([O-])c1ccc(C(=O)[O-])c2c1CC2F,4
O=C([O-])C#CC12C3C4C1C1(O)C2C3C41C#CC(=O)[O-],4
O=C([O-])c1cc2cc(Cl)c3cc(C(=O)[O-])cc4cc(Cl)c(c1)c2c43,4
COc1cc2cc(C(=O)[O-])cc3ccc4cc(C(=O)[O-])cc1c4c32,4
O=C([O-])c1cc2c(C(=O)O)c(C(=O)O)c3cc(C(=O)[O-])cc4c(C(=O)O)c(C(=O)O)c(c1)c2c34,4
CC12C3C4C5C(C1C53C#CC(=O)[O-])C42C#CC(=O)[O-],4
O=C(O)c1cc(-c2cc(C(=O)O)nc(C(=O)O)c2)cc(C(=O)O)n1,4
COc1c(C#CC(=O)[O-])c(OC)c(OC)c(C#CC(=O)[O-])c1OC,4
O=C([O-])c1c(Cl)c(Cl)c(-c2c(Cl)c(Cl)c(-c3c(Cl)c(Cl)c(C(=O)[O-])c(Cl)c3Cl)c(Cl)c2Cl)c(Cl)c1Cl,4
O=C([O-])c1ccc(C(=O)[O-])c2c1CC2C(=O)O,4
O=C([O-])c1cc([N+](=O)[O-])c(C(=O)[O-])c2c1CC2,4
CCc1cc(C#CC(=O)[O-])c(CC)cc1C#CC(=O)[O-],4
O=C([O-])C#Cc1cc([N+](=O)[O-])c(C#CC(=O)[O-])cc1[N+](=O)[O-],4
O=[N+]([O-])c1cncc([N+](=O)[O-])c1C#Cc1c([N+](=O)[O-])cncc1[N+](=O)[O-],4
O=C([O-])c1c([N+](=O)[O-])cc(C#Cc2cc([N+](=O)[O-])c(C(=O)[O-])c([N+](=O)[O-])c2)cc1[N+](=O)[O-],4
Cc1cnccc1C#Cc1ccncc1C,4
Brc1cnccc1C#Cc1ccncc1Br,4
O=C([O-])c1ccc(C#Cc2ccc(C(=O)[O-])c(Br)c2)cc1Br,4
Nc1cc(C#Cc2cc(N)c(C(=O)[O-])c(N)c2)cc(N)c1C(=O)[O-],4
[O]S([O])(O)c1cc(C=Cc2ccc(C(=O)[O-])c(S([O])([O])O)c2)ccc1C(=O)[O-],4
[O]S([O])(O)c1cc([N][N]c2ccc(C(=O)[O-])c(S([O])([O])O)c2)ccc1C(=O)[O-],4
Nc1c(C(=O)[O-])cc2ccc3cc(C(=O)[O-])cc4ccc1c2c34,4
O=C([O-])C#CC12C3C4C1C1(Cl)C2C3C41C#CC(=O)[O-],4
O=C([O-])C#CC12CCC(C#CC(=O)[O-])(CC1)C(O)C2,4
CNC12C3C4C5C(C1C53C#CC(=O)[O-])C42C#CC(=O)[O-],4
CCc1cc(C#CC(=O)[O-])ccc1C#CC(=O)[O-],4
O=C([O-])C#CC12C3C4C1(I)C1C2C3(I)C41C#CC(=O)[O-],4
C(=CC1=C[N]N=C1)[C]1C=NN=C1,4
[CH]1N=NC=C1C=CC1=C[N]N=C1,4
C1=NN=C[C]1c1cc2ccc3cc([C]4C=NN=C4)cc4ccc(c1)c2c34,4
[CH]1N=NC=C1c1ccc(C2=CN=N[CH]2)c2c1CC2,4
C(#CC#CC1=C[N]N=C1)C#CC1=C[N]N=C1,4
C1=N[N]C=C1c1cc(-c2ccccc2)c([C]2C=NN=C2)cc1-c1ccccc1,4
O=C([O-])c1c(Cl)c(Cl)c(C=Cc2c(Cl)c(Cl)c(C(=O)[O-])c(Cl)c2Cl)c(Cl)c1Cl,4
Nc1cc(C=Cc2ccc(C(=O)[O-])c(N)c2)ccc1C(=O)[O-],4
Nc1c(N)c(C(=O)[O-])c(N)c(N)c1C=Cc1c(N)c(N)c(C(=O)[O-])c(N)c1N,4
Cc1c(C)c(C(=O)[O-])c(C)c(C)c1C=Cc1c(C)c(C)c(C(=O)[O-])c(C)c1C,4
O=C([O-])c1ccc(C(Cl)=C(Cl)c2ccc(C(=O)[O-])cc2)cc1,4
O=C([O-])c1cc([N+](=O)[O-])c(C#Cc2c([N+](=O)[O-])cc(C(=O)[O-])cc2[N+](=O)[O-])c([N+](=O)[O-])c1,4
[O]S([O])(O)c1cc(C(=O)[O-])c2c(c1C(=O)[O-])CC2,4
[O]S([O])(O)c1cc(N(c2ccc(C(=O)[O-])c(S([O])([O])O)c2)c2ccc(C(=O)[O-])c(S([O])([O])O)c2)ccc1C(=O)[O-],4
Nc1cncc(N)c1C#Cc1c(N)cncc1N,4
Oc1cnccc1C#Cc1ccncc1O,4
c1nsc2cnsc12,4
Nc1cc2cc(C(=O)[O-])cc3c(N)cc4cc(C(=O)[O-])cc1c4c23,4
O=C([O-])c1cc2cc(F)c3cc(C(=O)[O-])cc4cc(F)c(c1)c2c43,4
Cc1cc(C(=O)[O-])c(C)c2c(C)cc(C(=O)[O-])c(C)c12,4
[O]S([O])(O)c1cc(C(=O)[O-])cc2c(S([O])([O])O)cc(C(=O)[O-])cc12,4
O=C([O-])c1cc([N+](=O)[O-])c2cc(C(=O)[O-])cc([N+](=O)[O-])c2c1,4
O=C([O-])c1ccc(C#Cc2ccc(C(=O)[O-])cc2C(=O)O)c(C(=O)O)c1,4
O=C([O-])c1c(F)c(F)c(-c2c(F)c(F)c(-c3c(F)c(F)c(C(=O)[O-])c(F)c3F)c(F)c2F)c(F)c1F,4
Clc1cc(C=Cc2ccnc(Cl)c2)ccn1,4
O=C([O-])c1cc2cc(Br)c3cc(C(=O)[O-])cc4cc(Br)c(c1)c2c43,4
[O]S([O])(O)c1cc2cncc3c(S([O])([O])O)cc4cncc1c4c23,4
O=C([O-])C#Cc1ccc(C#CC(=O)[O-])n1C#CC(=O)[O-],4
O=C([O-])c1c(Br)c(Br)c(-c2cc(-c3c(Br)c(Br)c(C(=O)[O-])c(Br)c3Br)c(-c3c(Br)c(Br)c(C(=O)[O-])c(Br)c3Br)cc2-c2c(Br)c(Br)c(C(=O)[O-])c(Br)c2Br)c(Br)c1Br,4
O=C([O-])c1cc(S)c(-c2cc(-c3cc(S)c(C(=O)[O-])cc3S)c(-c3cc(S)c(C(=O)[O-])cc3S)cc2-c2cc(S)c(C(=O)[O-])cc2S)cc1S,4
O=C([O-])C#Cc1cc(C#CC(=O)[O-])cc(-c2ccc(-c3cc(C#CC(=O)[O-])cc(C#CC(=O)[O-])c3)cc2)c1,4
O=C([O-])c1ccc2ncccc2c1,3
O=C(CCCCCCCCC(=O)Nc1cccnc1)Nc1cccnc1,3
O=C([O-])c1cc([N][N]c2cc(C(=O)[O-])cc(C(=O)O)c2)cc(C(=O)[O-])c1,3
O=C([O-])c1cccc2cccc(C(=O)[O-])c12,3
O=C([O-])COc1cc(C(=O)[O-])cc(C(=O)O)c1,3
O=C([O-])CCSCCC(=O)[O-],3
O=C(Oc1cc(OC(=O)c2ccncc2)cc(OC(=O)c2ccncc2)c1)c1ccncc1,3
COc1cc(C(=O)[O-])c(OC)cc1C(=O)[O-],3
O=C1[CH]C(=O)C(=O)[CH]C1=O,3
O=C([O-])c1cncnc1,3
O=C([O-])c1cc(C(=O)O)c(C(=O)[O-])nc1C(=O)[O-],3
O=C([O-])c1ccc(-c2ccc(-c3cc(C(=O)[O-])cc(C(=O)[O-])c3)cc2)cc1,3
[O]S([O])([O])c1ccc(S([O])([O])[O])cc1,3
O=C(Nc1ccncc1)c1ccc(Oc2ccc(C(=O)Nc3ccncc3)cc2)cc1,3
[O]c1ccccc1C1=NN=N[N]1,3
C1=C[C]2N=NN=C2C=C1,3
O=P12CN3CN(CN(C3)C1)C2,3
O=C([O-])CCCCCC(=O)O,3
[O]S([O])([O])c1cc(S([O])([O])[O])c(O)cc1O,3
Nc1ccc(S([O])([O])[O])cc1,3
O=C(O)c1ccc(C(c2ccc(C(=O)O)cc2)(C(F)(F)F)C(F)(F)F)cc1,3
O=C([O-])c1ccc2c(c1)C(=O)c1cc(C(=O)[O-])ccc1-2,3
[CH]1N=C[N]N1c1ccc(C2=NN=N[N]2)cc1,3
C=CCOn1nnc2ccccc21,3
O=C([O-])Cc1cccnc1,3
O=C([O-])C1C2CCC(O2)C1C(=O)[O-],3
C[C]([N]N=C(C)c1ccncc1)c1ccncc1,3
c1nncn1[N][N]n1cnnc1,3
O=C([O-])[C]1C=CC(=S)N=C1,3
[O]P(=O)(O)CCCCP([O])(=O)O,3
c1cc(-c2ccc(N(c3ccc(-c4ccncc4)cc3)c3ccc(-n4ccnc4)cc3)cc2)ccn1,3
O=C1C=CN=C[N]1,3
O=C1[C](Nc2ccccc2)C(=O)C1=O,3
CC(C)C(NCc1ccncc1)C(=O)[O-],3
[O]S([O])([O])CCn1cnnc1,3
[O]c1ccccc1[N+](=O)[O-],3
CC(=O)Oc1ccccc1C(=O)[O-],3
O=C([O-])c1ccc(CN2[CH]N=C[N]2)cc1,3
O=C([O-])C1=C(C(=O)O)N=N[N]1,3
O=C(O)[C]1N=NN=C1C(=O)[O-],3
O=C([O-])c1cc(OCc2ccncc2)cc(OCc2ccncc2)c1,3
c1cncc(-c2ccnc(SCCSc3nccc(-c4cccnc4)n3)n2)c1,3
c1cc(C2=N[N]N=N2)ccc1C1=NN=N[N]1,3
O=C([O-])C1=CC=N[N]1,3
O=C([O-])C1=NN=C[CH]1,3
O=C([O-])[C]1C=CN=N1,3
O=C1C=CC(=O)N[N]1,3
c1cn(-c2ccc(C(c3ccc(-n4ccnc4)cc3)(c3ccc(-n4ccnc4)cc3)c3ccc(-n4ccnc4)cc3)cc2)cn1,3
O=C([O-])C1=CN=N[CH]1,3
[O]c1ccncc1,3
[O]P([O])(=O)c1ccc(P([O])([O])=O)cc1,3
N#C[C](C#N)c1ccc(C(C#N)(C#N)C(C#N)(C#N)c2ccc([C](C#N)C#N)cc2)cc1,3
O=C([O-])Cc1cc(O)c(CC(=O)[O-])cc1O,3
CCc1nc(C(=O)O)c(C(=O)[O-])[nH]1,3
[CH]1N=NC=C1c1ccncc1,3
C1=N[N]C=C1c1ccncc1,3
Fc1cc(F)c(F)c([S])c1F,3
C1=CC2=C(c3ccccc3)C3=CC=C([N]3)C(c3ccncc3)=C3C=CC(=N3)C(c3ccccc3)=C3C=CC(=C(c4ccncc4)C1=N2)[N]3,3
O=C([O-])c1cc(CN2[CH]C=C(C=Cc3ccncc3)C=C2)cc(C(=O)[O-])c1,3
C(=Nc1cccnc1)c1ccccn1,3
C=NCCN=C,3
O=C([O-])C(C(=O)[O-])c1ccccc1,3
Cc1nccc(-c2ccnc(C)n2)n1,3
c1cn(-c2ccc([N][N]c3ccc(-n4ccnc4)cc3)cc2)cn1,3
[O]C(CC(=O)[O-])(CC(=O)[O-])C(=O)[O-],3
c1cncc([N][N]c2cccnc2)c1,3
O=C(CSC1CCCCC1)N1CCN(C(=O)CSC2CCCCC2)CC1,3
C(=Nn1cnnc1)c1ccccn1,3
Nc1ccc(C2=NN=N[N]2)cc1,3
O=C([O-])c1ccc(Oc2cccc(C(=O)[O-])c2C(=O)[O-])cc1,3
O=C([O-])CN1[CH]C=C(c2ccncc2)C=C1,3
O=C([O-])c1ccc(NC(=O)c2ccc(C(=O)[O-])cc2)cc1,3
C1CCOC1,3
C#CC1=NC=C[N]1,3
C#CC1=N[CH]C=N1,3
Cc1cncc(C)n1,3
c1ccc(N(c2ccc(N(c3ccncc3)c3ccncc3)cc2)c2ccccn2)nc1,3
O=C([O-])c1ccc(OCc2cccnc2)cc1,3
c1ccc2[nH]c(-c3ccncc3)nc2c1,3
[O]P([O])(=O)c1cccnc1,3
c1ccc2c(c1)ncn2CCCCCCn1cnc2ccccc21,3
c1c(C2=NN=N[N]2)cc(C2=NN=N[N]2)cc1C1=NN=N[N]1,3
S=c1cccc[nH]1,3
c1ccc2c(c1)ncn2-c1ccc(-n2cnc3ccccc32)cc1,3
N#Cc1cc(C(=O)[O-])cc(C(=O)[O-])c1,3
O=C([O-])c1cc(Oc2ccc(-c3cc(-c4ccncc4)nc(-c4ccncc4)c3)cc2)cc(C(=O)[O-])c1,3
C[Si](C)(c1ccncc1)c1ccncc1,3
O=C([O-])COc1ccccc1C(=O)[O-],3
O=C([O-])c1nc(Cc2ccncc2)[nH]c1C(=O)[O-],3
O=C([O-])COc1ccccc1OCC(=O)[O-],3
[O]P([O])(=O)CC(=O)[O-],3
c1cnc(SCc2ccc(CSc3ncccn3)cc2)nc1,3
O=C([O-])COC1=CN(CC(=O)[O-])[CH]C(C(=O)[O-])=C1,3
Cc1ccncn1,3
Cc1c(C)c(Cn2ccnc2C)c(C)c(C)c1Cn1ccnc1C,3
O=C(c1ccncc1)c1cccnc1,3
[O]P([O])(=O)C(O)(CN1[CH]NC=C1)P([O])([O])=O,3
Fc1c(F)c(Cn2ccnc2)c(F)c(F)c1Cn1ccnc1,3
CCCc1nccn1Cn1nnc2ccccc21,3
c1ccc(SSc2ccccn2)nc1,3
O=C([O-])c1cccc(C(=O)O)n1,3
NC(CS([O])([O])[O])C(=O)[O-],3
O=C([O-])C(O)C(O)C(=O)O,3
O=C([O-])CNC(=O)C(=O)NCC(=O)[O-],3
c1cncc(-n2cnnc2)c1,3
O=C([O-])c1ccc(C(=O)O)c2ccccc12,3
[O]S([O])([O])c1ccc(C(=O)[O-])c(C(=O)[O-])c1,3
O=C(Nc1cccnc1)c1cncc(C(=O)Nc2cccnc2)c1,3
[O]c1c(Cl)cc(Cl)c(Cl)c1C(=O)[O-],3
COc1cc([N]C#N)c(OC)cc1[N]C#N,3
[O]P([O])(=O)CP([O])([O])=O,3
O=C([O-])c1ccc(N(c2ccc(C(=O)[O-])cc2)c2ccc(-c3ccc(N(c4ccc(C(=O)[O-])cc4)c4ccc(C(=O)[O-])cc4)cc3)cc2)cc1,3
NCc1cccc(CN)c1,3
[O]c1ccccc1C(=O)[O-],3
O=C([O-])c1cc(OCc2cccnc2)cc(C(=O)[O-])c1,3
[CH]1N=C[N]N1c1ccc(N(c2ccc(N3[CH]N=C[N]3)cc2)c2ccc(N3[CH]N=C[N]3)cc2)cc1,3
O=C1[N]NC(=O)c2cc3c(cc21)C(=O)N[N]C3=O,3
[O]c1c(-c2ccccc2)cccc1-c1ccccc1,3
CC(C)=O,3
c1cc2[nH]c(-c3cncc(-c4nc5ccncc5[nH]4)c3)nc2cn1,3
C=CCOc1cc(C(=O)[O-])c(OCC=C)cc1C(=O)[O-],3
O=C([O-])c1nc[nH]c1C(=O)O,3
Cc1cc(C(=O)[O-])cc(C)c1-c1c(C)cc(C(=O)[O-])cc1C,3
O=C([O-])CCCCCCC(=O)O,3
O=C(NCCCCNC(=O)c1cccnc1)c1cccnc1,3
O=C([O-])CN(CCN(CC(=O)[O-])CC(=O)[O-])CC(=O)[O-],3
O=C1[CH]C(C(=O)[O-])=NC(=O)N1,3
O=C([O-])c1cc(=O)[nH]c(=O)[nH]1,3
[CH]1N=C[N]N1CCN1[CH]N=C[N]1,3
CC(NC(C)C(=O)[O-])C(=O)[O-],3
Cc1cc([N]C#N)c(C)cc1[N]C#N,3
O=C([O-])c1ccc(C(=O)[O-])[n+]([O-])c1,3
O=C([O-])c1cncc(-n2cncn2)c1,3
C[C]1N=NC(C)=C1c1ccc(C(=O)[O-])cc1,3
Cc1c(C)[n+]([O-])cc[n+]1[O-],3
O=C([O-])CN1[CH]C(C(=O)[O-])=CC=C1,3
c1cc(Cn2ccnc2)ccn1,3
O=C([O-])c1ccccc1C(=O)O,3
NCCCn1ccnc1,3
c1cc2ccc1CCc1ccc(cc1)CC2,3
N#C[C]1C(C#N)=C(C#N)C(C#N)=C1C#N,3
O=C([O-])c1cc(Cn2cnc3ccccc32)cc(C(=O)[O-])c1,3
O=C([O-])c1ccc(-c2ccc(-c3ccncc3)cc2)cc1,3
O=C([O-])c1ccc(-c2cc(-c3ccc(C(=O)[O-])cc3)c(-c3ccc(C(=O)O)cc3)cc2-c2ccc(C(=O)[O-])cc2)cc1,3
CC(OCc1cc(C(=O)[O-])cc(C(=O)[O-])c1)C(=O)[O-],3
Cc1c(C)c(C=Cc2ccncc2)c(C)c(C)c1C=Cc1ccncc1,3
O=C([O-])c1nsnc1C(=O)[O-],3
NC(=S)NN=Cc1ccncc1,3
C(=NN=Cc1ccncc1)c1ccncc1,3
O=C([O-])c1ccc(-c2c(Br)c(-c3ccc(C(=O)[O-])cc3)c(-c3ccc(C(=O)[O-])cc3)c(Br)c2-c2ccc(C(=O)[O-])cc2)cc1,3
C(=Cc1c2ccccc2c(C=Cc2ccncc2)c2ccccc12)c1ccncc1,3
O=C(CCCCC(=O)Nc1cccnc1)Nc1cccnc1,3
O=C([O-])[C]1N=C(c2ccncc2)N=C1C(=O)[O-],3
O=C([O-])CSc1ccc(SCC(=O)[O-])cc1,3
N#CC1=C(C#N)C(=O)C(Cl)=C(Cl)C1=O,3
Cc1nncn1-c1ccc(C(=O)[O-])cc1,3
O=C([O-])c1ccc(C=Nc2cc(C(=O)[O-])cc(C(=O)[O-])c2)cc1,3
O=C1C=CC([N+](=O)[O-])=C[C]1[N+](=O)[O-],3
O=C1C=C[C]([N+](=O)[O-])C=C1[N+](=O)[O-],3
C(#Cc1c2ccccc2c(C#Cc2ccncc2)c2ccccc12)c1ccncc1,3
CN(C)c1c(F)c(F)c(-c2cnc(N)nc2)c(F)c1F,3
c1ccc(CN2CCN(Cc3ccccn3)CC2)nc1,3
O=C([O-])C=Cc1c2ccccc2c(C=CC(=O)[O-])c2ccccc12,3
CC(=O)[CH]C(=O)c1ccc(-n2ccnc2)cc1,3
O=C(O)c1ccc(N2[CH]N=C[N]2)c(C(=O)[O-])c1,3
O=C([O-])c1ccc(N2[CH]N=C[N]2)c(C(=O)[O-])c1,3
CSc1nccs1,3
C1=NN=C(n2cnnc2)[N]1,3
CC(=O)Nc1ccc(S(=O)(=O)NCC(=O)[O-])cc1,3
O=C([O-])c1ccc(=O)[nH]c1,3
O=P(CCP(=O)(c1ccccc1)c1ccccc1)(c1ccccc1)c1ccccc1,3
O=C([O-])c1ccccc1N=Cc1ccccn1,3
Cc1ccc(C2=C3C=CC(=C(c4ccncc4)C4=NC(=C(c5ccc(C)cc5)C5=CC=C([N]5)C(c5ccncc5)=C5C=CC2=N5)C=C4)[N]3)cc1,3
[O]P(=O)(O)C(NC1=C(C(=O)[O-])C=C[CH]N1)P([O])(=O)O,3
[O]c1cc(C(=O)[O-])cc(C(=O)[O-])c1,3
CCO,3
O=C([O-])c1ccc2c(c1)N=N[N]2,3
S=c1nccc[nH]1,3
COc1cc(C(=O)[O-])cc(OC)c1-c1c(OC)cc(C(=O)[O-])cc1OC,3
C1=C2Oc3cc4c(cc3O[C]2C=C2N=NN=C12)=N[N]N=4,3
C1=C2Oc3cc4c(cc3O[C]2C=C2N=NN=C12)N=N[N]4,3
O=C([O-])c1cc(C(=O)[O-])cc(-n2ccnn2)c1,3
O=C([O-])c1ccc(Nc2ccc(C(=O)[O-])cc2)cc1,3
O=C([O-])c1cc(-c2cc(C(=O)[O-])nc(C(=O)[O-])c2)cc(C(=O)[O-])n1,3
Brc1cc(Cn2ccnc2)cc(Cn2ccnc2)c1,3
[CH]1C=NN=C1,3
C1=C[N]N=C1,3
O=C([O-])C(Cl)Cl,3
c1cncc(COc2ccc(OCc3cccnc3)cc2)c1,3
[O]S([O])([O])c1ccc(-c2ccc(S([O])([O])[O])cc2)cc1,3
O=C(NC1CCCCC1NC(=O)c1cccnc1)c1cccnc1,3
O=C([O-])c1ccc(C(c2ccc(C(=O)[O-])cc2)(c2ccc(C(=O)[O-])cc2)c2ccc(C(=O)[O-])cc2)cc1,3
[O]S([O])([O])c1cc(O)c(O)c(S([O])([O])[O])c1,3
O=C([O-])c1ccc2c(c1)c1ccc(C(=O)[O-])cc1c1ccc(C(=O)[O-])cc21,3
c1nncn1CCCn1cnnc1,3
O=C([O-])CCC(NC(=O)c1ccccc1)C(=O)[O-],3
CCCc1nc(C(=O)[O-])c(C(=O)O)[nH]1,3
O=C([O-])CCn1nnc2ccccc21,3
c1cnc2ccc3ncccc3c2c1,3
NC1=NC(N)=N[N]1,3
O=C([O-])c1cccc(-c2cc(-c3cccnc3)nc(-c3cccnc3)c2)c1,3
Cc1cc(COc2ccccc2C(=O)NCc2ccccc2)c(C)cc1COc1ccccc1C(=O)NCc1ccccc1,3
C(=Cc1ccccn1)c1ccccn1,3
Nc1ncnc2[nH]cnc12,3
O=C([O-])c1ccc(N(c2ccc(C(=O)[O-])cc2)c2ccc(-c3ccncc3)cc2)cc1,3
O=C([O-])COc1ccc2ccc(OCC(=O)[O-])cc2c1,3
O=C([O-])[C]1C=CC=NC1=O,3
C1Cc2nnc3c4c(nnc(c24)C1)CCC3,3
c1cc(NNc2ccncc2)ccn1,3
O=C([O-])c1ccccc1SSc1ccccc1C(=O)O,3
C(=Nc1cccc2c(N=Cc3cccnc3)cccc12)c1cccnc1,3
O=C([O-])C1CCCC(C(=O)[O-])C1,3
c1cc(Cn2ccnc2-c2nccn2Cc2ccncc2)ccn1,3
c1ncn(Cn2cncn2)n1,3
[O]P(=O)(O)CCP([O])(=O)O,3
Nc1ccncc1,3
c1ncc(-c2ccc(C3=NN=N[N]3)cc2)[nH]1,3
O=C(c1ccc(-n2ccnc2)cc1)c1ccc(-n2ccnc2)cc1,3
O=C([O-])CCN1[CH]C=C(C2=C[CH]N(CCC(=O)[O-])C=C2)C=C1,3
c1ccc(C2SCCCS2)cc1,3
C1CSCSC1,3
N#CC(C#N)=c1c(=O)c(=C(C#N)C#N)c1=O,3
NC1=NN=C(C(=O)[O-])[N]1,3
[O][PH](=O)c1ccccc1,3
O=C([O-])c1ccc2c(c1)c1cc(C(=O)[O-])ccc1n2Cc1ccc(Cn2c3ccc(C(=O)[O-])cc3c3cc(C(=O)[O-])ccc32)cc1,3
O=C([O-])c1ccc(-c2ccncc2)c(C(=O)[O-])c1,3
Fc1c(-c2ccncc2)ccc(-c2ccncc2)c1F,3
N#Cc1cccc(C#N)c1,3
O=C(NN=Cc1cccnc1)c1cccnc1,3
Cc1sc(-c2ccncc2)cc1C1=C(c2cc(-c3ccncc3)sc2C)C(F)(F)C(F)(F)C1(F)F,3
Cc1cc(-c2ccc(N=Cc3cccnc3)c(C)c2)ccc1N=Cc1cccnc1,3
c1nc(C2=NN=N[N]2)c(C2=NN=N[N]2)[nH]1,3
O=C([O-])c1ccc([N][N]c2ccc(C(=O)[O-])c(C(=O)[O-])c2)cc1C(=O)[O-],3
[O]c1ccccc1C=NCC(=O)[O-],3
Cc1cccc[n+]1[O-],3
[CH]1N=C[N]N1Cc1ccccc1Cn1cncn1,3
[CH]1N=C[N]N1Cc1c2ccccc2c(CN2[CH]N=C[N]2)c2ccccc12,3
O=C(c1cccnc1)c1cccc(C(=O)c2cccnc2)n1,3
Cc1cc(-c2ccc(C(=O)[O-])cc2)c(C)cc1-c1ccc(C(=O)[O-])cc1,3
c1cc(-n2cnc3ccccc32)cc(-n2cnc3ccccc32)c1,3
NC1=Nc2ccccc2[N]1,3
c1cc(-n2cnnc2)nc(-n2cnnc2)c1,3
[O]c1cc([O])c(C(=O)[O-])cc1C(=O)[O-],3
c1ccc(-c2nnc(-c3ccccn3)o2)nc1,3
OC1COC(O)C(O)C1O,3
O=C([O-])c1cccc(C(=O)c2cccc(C(=O)[O-])c2C(=O)[O-])c1C(=O)[O-],3
O=[N+]([O-])[C]1C=NC=N1,3
Cc1nccn1CCCCCCn1ccnc1C,3
O=C([O-])c1ccc(C(=O)[O-])c(-c2ccc(-c3cc(C(=O)[O-])ccc3C(=O)[O-])cc2)c1,3
O=C1c2ccc3c4c(ccc(c24)C(=O)N1Cc1ccncc1)C(=O)N(Cc1ccncc1)C3=O,3
[O]CCN(CCO)CCO,3
C(C#Cc1ccc(N(c2ccncc2)c2ccncc2)cc1)#Cc1ccc(N(c2ccncc2)c2ccncc2)cc1,3
O=C([O-])COc1cc(OCC(=O)[O-])cc(OCC(=O)[O-])c1,3
O=C(NCCNC(=O)c1ccncc1)c1ccncc1,3
O=C([O-])c1cc(C(=O)[O-])cc(-c2cc(-c3ccccn3)nc(-c3ccccn3)c2)c1,3
O=C(O)CC(O)(CC(=O)O)C(=O)[O-],3
c1cc(-c2nc3sc(-c4ccncc4)nc3s2)ccn1,3
S=C1[N]N=CN1,3
O=C([O-])c1ccc(F)cc1,3
c1cncc(CC2=NN=N[N]2)c1,3
CSCCCSC,3
O=C([O-])CC=CCC(=O)[O-],3
COc1ccc2nccc(C(O)C3CC4CCN3CC4C(=O)[O-])c2c1,3
O=C([O-])CC(CC(=O)[O-])c1ccccc1,3
O=C1N[N]C(=O)c2ncccc21,3
CC(=NN=C(C)c1ccncc1)c1ccncc1,3
O=C(Nc1cccnc1)c1cccc(C(=O)Nc2cccnc2)n1,3
Cc1cc(CP([O])(=O)O)c(C)cc1CP([O])(=O)O,3
CC(C)([S])C(N)C(=O)[O-],3
CCCC1(CCC)c2cc(C(=O)[O-])ccc2-c2ccc(C(=O)[O-])cc21,3
c1cncc(C2=N[N]N=N2)c1,3
O=C([O-])c1cc(C(=O)[O-])cc(-c2ccc3cc(C(=O)[O-])ccc3c2)c1,3
O=C(OCCOC(=O)c1ccncc1)c1ccncc1,3
[O]P([O])(=O)c1cscc1Br,3
CN1N=N[N]C1=S,3
O=C(Oc1ccc(C2(c3ccc(OC(=O)c4cccnc4)cc3)c3cc(Br)ccc3-c3ccc(Br)cc32)cc1)c1cccnc1,3
O=C([O-])C(F)(F)C(F)(F)C(F)(F)F,3
O=C([O-])c1ccc(S(=O)(=O)c2ccc(C(=O)[O-])c(C(=O)[O-])c2)cc1C(=O)[O-],3
O=C(NCc1ccncc1)c1ccc(C(=O)NCc2ccncc2)cc1,3
O=C([O-])c1cccc(Oc2cccc(C(=O)[O-])c2C(=O)[O-])c1C(=O)[O-],3
Clc1cnccn1,3
[CH]1N=C[N]N1CCCCCCn1cncn1,3
[O]P([O])(=O)c1ccc(C(=O)O)cc1,3
O=C([O-])c1ccc(-c2cc(-c3ccc(C(=O)O)cc3)c(-c3ccc(C(=O)[O-])cc3)cc2-c2ccc(C(=O)O)cc2)cc1,3
c1cnc(N2CCN(c3cnccn3)CC2)cn1,3
O=C([O-])CCCC(=O)O,3
[O]N1[CH]C=C(C2=C[CH]N([O])C=C2)C=C1,3
O=C([O-])C=Cc1c(F)cncc1F,3
O=C([O-])C=Cc1ccncc1F,3
CN(C)C1=N[P](Oc2ccncc2)(Oc2ccncc2)N=C(N(C)C)[N]1,3
NC(=S)c1cccc(C(N)=S)c1,3
O=C([O-])C1=C[CH]N(c2cc(C(=O)[O-])cc(C(=O)[O-])c2)C=C1,3
c1cc(-n2cnnc2)ccc1Cc1ccc(-n2cnnc2)cc1,3
O=c1c2cc3c(=O)n(Cc4ccncc4)c(=O)c3cc2c(=O)n1Cc1ccncc1,3
O=C([O-])c1cccc(OCc2ccc(-c3ccccc3C(=O)[O-])cc2)c1,3
O=C([O-])COc1ccc(F)cc1,3
[O]S([O])([O])c1cc(C(=O)[O-])cc(S([O])([O])[O])c1,3
O=C([O-])[C]1N=C(c2cccnc2)N=C1C(=O)[O-],3
Cc1nccn1Cc1ccc(-c2ccc(Cn3ccnc3C)cc2)cc1,3
O=C(Nc1ccc(C(=O)[O-])c(C(=O)[O-])c1)C(=O)Nc1ccc(C(=O)[O-])c(C(=O)[O-])c1,3
Cc1nnc(C)n1-c1ccc(C(=O)[O-])cc1,3
c1ccc(-c2nc(C3=NN=N[N]3)c(C3=NN=N[N]3)nc2-c2ccccn2)nc1,3
O=C([O-])c1ccc2[nH]c(CO)nc2c1,3
N#C[C]1N=CN=C1C#N,3
S=C(NCc1cccnc1)NCc1cccnc1,3
CC1(C)Cc2nnc3c4c(nnc(c24)C1)CC(C)(C)C3,3
O=C([O-])C(n1cncn1)n1cncn1,3
CC(=CC(=O)[O-])C(=O)[O-],3
O=C([O-])c1cc(C(=O)Nn2cnnc2)c(C(=O)[O-])cc1C(=O)Nn1cnnc1,3
Cc1c(C)c(-c2ccc(C(=O)[O-])cc2)c(C)c(C)c1-c1ccc(C(=O)[O-])cc1,3
c1cc(CC(c2ccncc2)C(Cc2ccncc2)c2ccncc2)ccn1,3
C1=NN=C[C]1c1ccc([C]2C=NN=C2)cc1,3
[O]C1=CN(CC(=O)[O-])[CH]C(C(=O)[O-])=C1,3
O=C([O-])c1ccc(-c2ccc(C(=O)[O-])cc2C(=O)[O-])c(C(=O)[O-])c1,3
O=C(Nc1ccncc1)c1ccc(-c2ccc(C(=O)Nc3ccncc3)cc2)cc1,3
CC(C(=O)[O-])C(C)C(=O)[O-],3
N#CC1=NN=N[N]1,3
O=C([O-])c1ccc(-c2c3ccccc3c(-c3ccc(C(=O)[O-])cc3)c3ccccc23)cc1,3
O=C([O-])C1=C[N]N=C1,3
Cc1ccnc(N)n1,3
Fc1c(F)c(CN2[CH]N=C[N]2)c(F)c(F)c1CN1[CH]N=C[N]1,3
c1cc(Cn2cncn2)cc(Cn2cncn2)c1,3
[O]c1cc(-c2ccc(C(=O)[O-])c(O)c2)ccc1C(=O)[O-],3
CCCOc1cc(-c2ccc(-c3ccc(C(=O)[O-])c(OCCC)c3)cc2)ccc1C(=O)[O-],3
C1=C[C](Sc2ccncc2)C=C1,3
[CH]1C=CC=C1Sc1ccncc1,3
O=C([O-])c1cc(OCOc2cc(C(=O)[O-])cc(C(=O)O)c2)cc(C(=O)[O-])c1,3
O=C([O-])c1ccc(N=Nc2ccc(C(=O)[O-])cc2)cc1,3
[O]S([O])([O])c1ccc(-c2nc3c4cccnc4c4ncccc4c3[nH]2)c(S([O])([O])[O])c1,3
c1cn(-c2cncc(-n3ccnc3)c2)cn1,3
CCSC1=NN=N[N]1,3
[O]C1=C2[CH]C=CC=C2NC(C(=O)[O-])=C1,3
[O]C1=C2C=CC=C[C]2NC(C(=O)[O-])=C1,3
O=C([O-])c1cc(=O)c2ccccc2[nH]1,3
O=C([O-])CN1[CH]N(c2ccc(C(=O)[O-])cc2)C=C1,3
[O]C1=C[C](C(=O)[O-])OC(C(=O)[O-])=C1,3
CC(NC(=O)C1=C[N]N=C1)C(=O)[O-],3
O=C([O-])c1cc(C(=O)[O-])cc(N2C(=O)c3ccc4c5c(ccc(c35)C2=O)C(=O)N(c2cc(C(=O)[O-])cc(C(=O)[O-])c2)C4=O)c1,3
[O]P([O])(=O)CN(CC(=O)[O-])CC(=O)[O-],3
[CH]1C=NC([C](C2=CC=C[N]2)c2ccc(-n3ccnc3)cc2)=C1,3
O=C([O-])C=C(O)C(=O)[O-],3
COC(C(=O)[O-])=C(OC)C(=O)[O-],3
CCC(=CC(=O)[O-])C(=O)[O-],3
CCc1cc2cc(C(=O)[O-])c(CC)cc2cc1C(=O)[O-],3
CCOC(C(=O)[O-])=C(OCC)C(=O)[O-],3
CCCOC(C=CC(=O)[O-])=CC(=O)[O-],3
O=CC(C=CC(=O)[O-])=CC(=O)[O-],3
O=C([O-])C=C(O)C=C(O)C(=O)[O-],3
O=C([O-])C=CC=C(O)C(=O)[O-],3
O=C([O-])C=C(F)C(F)=CC(=O)[O-],3
CCOC(C#CC(=O)[O-])=CC#CC(=O)[O-],3
O=C([O-])c1ccc(C(=O)[O-])c2c(Cl)cccc12,3
O=C([O-])c1ccc(C(=O)[O-])c2c(I)cccc12,3
COc1cc(C(=O)[O-])ccc1C(=O)[O-],3
N#CC12C3C4C5(C#N)C(C1C35C(=O)[O-])C42C(=O)[O-],3
O=CC12C3C4(C#CC(=O)[O-])C1(C=O)C1C2(C#CC(=O)[O-])C3(C=O)C14C=O,3
O=CC12C3C4C5(C=O)C(C1C35C(=O)[O-])C42C(=O)[O-],3
CCc1cc(C(=O)[O-])c2c(c1C(=O)[O-])CC2,3
O=C([O-])c1ccc(C(=O)[O-])c2c1CC2I,3
Nc1cc(C(=O)[O-])c2c(c1C(=O)[O-])CC2N,3
NC12C3C4C5C(C1C53C(=O)[O-])C42C(=O)[O-],3
O=Cc1cc([N][N]c2ccc(C(=O)[O-])c(C=O)c2)ccc1C(=O)[O-],3
N=N,3
O=C([O-])C(=C(C(=O)[O-])[N+](=O)[O-])[N+](=O)[O-],3
O=C([O-])c1cc2cc([N+](=O)[O-])c3cc(C(=O)[O-])cc4cc([N+](=O)[O-])c(c1)c2c43,3
O=C([O-])C=CC(Cl)=CC(=O)[O-],3
O=C([O-])C=CC(=CC(=O)[O-])[N+](=O)[O-],3
O=C([O-])C=C(I)C=C(I)C(=O)[O-],3
CCCON=CC=NOCCC,3
CC1CC2(C(=O)[O-])CCC1(C(=O)[O-])CC2,3
Cc1cccc2c(C(=O)[O-])ccc(C(=O)[O-])c12,3
[O]S([O])(O)c1c(C(=O)O)c(C(=O)[O-])c2ccc(C(=O)O)c(C(=O)O)c2c1C(=O)[O-],3
CC1CC2(C#CC(=O)[O-])CCC1(C#CC(=O)[O-])CC2,3
c1cnc2ccc3ccncc3c2c1,3
O=C([O-])C12CCC(C(=O)[O-])(CC1)C(Cl)C2,3
CNc1cc(C(=O)[O-])c(NC)cc1C(=O)[O-],3
Nc1nc(N)c(N)nc1N,3
CCc1cc(C(=O)[O-])ccc1C(=O)[O-],3
CNc1cc2cc(C(=O)[O-])cc3c(NC)cc4cc(C(=O)[O-])cc1c4c23,3
Fc1nc(F)c(F)nc1F,3
O=C([O-])C#CC12CCC(C#CC(=O)[O-])(CC1)C(I)C2,3
CNC1(NC)CC2(C#CC(=O)[O-])CCC1(C#CC(=O)[O-])CC2,3
O=C([O-])C12C3C4C1C1([N+](=O)[O-])C2C3C41C(=O)[O-],3
N#CC12C3C4C1C1C2C3C41C#N,3
CCCOc1cc(C(=O)[O-])cc(OCCC)c1-c1c(OCCC)cc(C(=O)[O-])cc1OCCC,3
O=Cc1cc(C(=O)[O-])ccc1-c1ccc(C(=O)[O-])cc1C=O,3
[O]S([O])(O)C12C3C4(C#CC(=O)[O-])C1(S([O])([O])O)C1C2(C#CC(=O)[O-])C3(S([O])([O])O)C14S([O])([O])O,3
CCOc1cc(C(=O)[O-])c2c(c1C(=O)[O-])CC2,3
N#CC1Cc2c(C(=O)[O-])ccc(C(=O)[O-])c21,3
CCC1Cc2nccnc21,3
O=C([O-])C#Cc1cc(F)c(C#CC(=O)[O-])cc1F,3
CCCOc1cc(C#CC(=O)[O-])c(OCCC)cc1C#CC(=O)[O-],3
N#Cc1c(-c2ccccc2)c(-c2ccccc2)c(C#N)c(-c2ccccc2)c1-c1ccccc1,3
CCOc1cc(C#CC(=O)[O-])ccc1C#CC(=O)[O-],3
N#Cc1cc(Br)c(C#N)cc1Br,3
O=C([O-])C#Cc1cc(Br)c(C#CC(=O)[O-])cc1Br,3
Nc1c(N)c(C(=O)[O-])c(N)c(N)c1C#Cc1c(N)c(N)c(C(=O)[O-])c(N)c1N,3
O=C([O-])c1ccc(C#Cc2ccc(C(=O)[O-])cc2[N+](=O)[O-])c([N+](=O)[O-])c1,3
O=C([O-])c1ccc(N=Nc2ccc(C(=O)[O-])cc2O)c(O)c1,3
NC12C3C4C5C(C1C53C#CC(=O)[O-])C42C#CC(=O)[O-],3
COc1c(C(=O)[O-])cc2ccc3cc(C(=O)[O-])cc4ccc1c2c34,3
CCC1CC2(C#CC(=O)[O-])CCC1(C#CC(=O)[O-])CC2CC,3
O=C([O-])C#CC12CCC(C#CC(=O)[O-])(CC1)C(Cl)C2,3
CCOc1cc(-c2ccc(C(=O)[O-])cc2)ccc1C(=O)[O-],3
COc1cc(C#CC(=O)[O-])ccc1C#CC(=O)[O-],3
O=C([O-])C#Cc1ccc(C#CC(=O)[O-])c(F)c1,3
O=C([O-])C#Cc1ccc(C#CC(=O)[O-])c(Cl)c1,3
CNc1cc(C#CC(=O)[O-])ccc1C#CC(=O)[O-],3
CCCC12C3C4C1(C#CC(=O)[O-])C1C2C3(C#CC(=O)[O-])C41CCC,3
Cc1c(C(=O)[O-])cc2ccc3cc(C(=O)[O-])cc4ccc1c2c34,3
[CH]1N=NC=C1C12CCC([C]3C=NN=C3)(CC1)CC2,3
[CH]1N=NC=C1C=C[C]1C=NN=C1,3
C1=NN=C[C]1C12C3C4C1C1C2C3C41[C]1C=NN=C1,3
[CH]1N=NC=C1C=CC=CC1=C[N]N=C1,3
[CH]([CH]C1=C[N]N=C1)C=C[C]1C=NN=C1,3
C(=Cc1ccc(C2=C[N]N=C2)cc1)c1ccc([C]2C=NN=C2)cc1,3
[CH]1N=NC=C1c1ccc(-c2ccc([C]3C=NN=C3)cc2)cc1,3
C1=N[N]C=C1c1ccc(C2=C[N]N=C2)c2c1CC2,3
C1=N[N]C=C1c1ccc([C]2C=NN=C2)c2c1CC2,3
O=C([O-])c1ccc(C#Cc2ccc(C(=O)[O-])cc2Br)c(Br)c1,3
O=C([O-])[C]1N=CC=NC1=O,3
CCOc1ccc2cc(P([O])(=O)O)ccc2c1-c1c(OCC)ccc2cc(P([O])(=O)O)ccc12,3
Nc1cc2c(C(=O)[O-])c(N)c(N)c(C(=O)[O-])c2cc1N,3
Nc1cc2c(C(=O)[O-])ccc(C(=O)[O-])c2cc1N,3
O=C([O-])c1ccc(C=Cc2ccc(C(=O)[O-])c(F)c2)cc1F,3
O=C([O-])c1ccc(C=Cc2ccc(C(=O)[O-])c(Br)c2)cc1Br,3
O=C([O-])c1ccc(C=Cc2ccc(C(=O)[O-])c([N+](=O)[O-])c2)cc1[N+](=O)[O-],3
O=C([O-])c1ccc(C=Cc2ccc(C(=O)[O-])c(O)c2)cc1O,3
CC(=C(C)c1ccc(C(=O)[O-])cc1)c1ccc(C(=O)[O-])cc1,3
Cc1c(C)c(C(=O)[O-])c(C)c(C)c1N=Nc1c(C)c(C)c(C(=O)[O-])c(C)c1C,3
O=C([O-])c1ccc([N][N]c2cc(Cl)c(C(=O)[O-])c(Cl)c2)c(Cl)c1Cl,3
O=C([O-])c1c(Cl)c(Cl)c(C#Cc2c(Cl)c(Cl)c(C(=O)[O-])c(Cl)c2Cl)c(Cl)c1Cl,3
O=C(O)c1cc(C#Cc2cc(C(=O)O)c(C(=O)[O-])c(C(=O)O)c2)cc(C(=O)O)c1C(=O)[O-],3
O=C([O-])c1ccc(C#Cc2ccc(C(=O)[O-])c([N+](=O)[O-])c2)cc1[N+](=O)[O-],3
Cc1cc(C#Cc2cc(C)c(C(=O)[O-])c(C)c2)cc(C)c1C(=O)[O-],3
CC(=C(C)c1ccncc1)c1ccncc1,3
O=[N+]([O-])c1cnccc1C#Cc1ccncc1[N+](=O)[O-],3
Oc1cncc(O)c1C#Cc1c(O)cncc1O,3
O=C([O-])c1cc2c(Cl)c(Cl)c3cc(C(=O)[O-])cc4c(Cl)c(Cl)c(c1)c2c34,3
O=C([O-])c1cc([N+](=O)[O-])c2c([N+](=O)[O-])c(C(=O)[O-])cc([N+](=O)[O-])c2c1[N+](=O)[O-],3
O=C([O-])c1cc(Cl)c2c(Cl)c(C(=O)[O-])cc(Cl)c2c1Cl,3
O=C([O-])c1cc(Cl)c2cc(C(=O)[O-])cc(Cl)c2c1,3
O=C([O-])c1cc(O)c2c(O)c(C(=O)[O-])cc(O)c2c1O,3
O=C([O-])c1c(O)c(O)c2c(O)c(C(=O)[O-])c(O)c(O)c2c1O,3
Nc1nc(N)c(N)c(C=Cc2c(N)c(N)nc(N)c2N)c1N,3
Nc1cc(C=Cc2ccnc(N)c2N)cc(N)n1,3
Fc1cc(C=Cc2ccnc(F)c2)ccn1,3
Brc1cc([N][N]c2ccnc(Br)c2Br)cc(Br)n1,3
Clc1cc([N][N]c2ccnc(Cl)c2Cl)cc(Cl)n1,3
Nc1cc([N][N]c2ccnc(N)c2)ccn1,3
Fc1cnccn1,3
O=C(O)c1cnccc1C#Cc1ccncc1C(=O)O,3
Nc1nc2c(nc1N)CC2,3
O=C([O-])c1cc(C(=O)[O-])cc(-c2cc(-c3cc(C(=O)[O-])cc(C(=O)[O-])c3)c3ccc4c(-c5cc(C(=O)[O-])cc(C(=O)[O-])c5)cc(-c5cc(C(=O)[O-])cc(C(=O)[O-])c5)c5ccc2c3c54)c1,3
C(C=CN(C=CC=CC1=C[N]N=C1)C=CC=CC1=C[N]N=C1)=C[C]1C=NN=C1,3
C(C=Cc1cc(C=CC=C[C]2C=NN=C2)cc(C=CC=CC2=C[N]N=C2)c1)=C[C]1C=NN=C1,3
COc1c(-c2ccncc2)cc(C)c(C)c1-c1c(C)c(C)cc(-c2ccncc2)c1OC,2
[CH]1N=C[N]N1Cc1nc2ccccc2[nH]1,2
[CH]1N=NC=C1C1=CN=N[CH]1,2
O=C(O)c1c[nH]c(=O)[nH]c1=O,2
O=C([O-])c1nc(-c2cc[n+]([O-])cc2)[nH]c1C(=O)[O-],2
O=C[C](C=O)c1ccncc1,2
O=C([O-])c1cc(NCc2ccccn2)cc(C(=O)[O-])c1,2
O=C(O)c1cc(Oc2cccc(C(=O)[O-])c2C(=O)[O-])cc(C(=O)O)c1,2
O=C([O-])c1cccc(Cl)c1,2
[O]S([O])([O])CCCCS([O])([O])[O],2
Cc1cc(C(=O)[O-])cnc1C(=O)[O-],2
CS(=O)(=O)C[C]1([Fe])C=CC=C1,2
O=C([O-])COc1ccc(C(=O)[O-])c(OCC(=O)[O-])c1,2
S=C1[N]c2ccccc2N1,2
O=[N+]([O-])[N]c1nnnn1CCCl,2
c1cc(-c2ccc(-c3ccncc3)c3nsnc23)ccn1,2
c1nc[nH]n1,2
O=C(O)c1cc(C(=O)[O-])c(C(=O)[O-])c(C(=O)O)c1,2
O=C([O-])c1cc(C(=O)[O-])c(C(=O)[O-])c(C(=O)[O-])c1,2
Cc1cccc(C)[n+]1[O-],2
c1ccc(C2=NN=N[N]2)nc1,2
c1cnc(C2=N[N]N=N2)cn1,2
[O]P([O])(=O)CCCCS([O])([O])[O],2
CC(Oc1ccc(Oc2ccc(C(=O)[O-])cc2Cl)cc1)C(=O)[O-],2
[O-][n+]1cccc(C2=NN=N[N]2)c1,2
[O]c1ccc([CH][N]NC(=O)c2cccnc2)c2cccnc12,2
O=C([O-])c1ccccc1-c1cc(-c2ccncc2)nc(-c2ccncc2)c1,2
O=C([O-])c1cc(SSc2ccc([N+](=O)[O-])c(C(=O)[O-])c2)ccc1[N+](=O)[O-],2
O=C([O-])c1ccc(-c2ccc(-c3ccc(-c4cc(C(=O)[O-])cc(C(=O)[O-])c4)cc3)cc2)cc1,2
c1ccc(CNc2ccccn2)nc1,2
[O]S([O])([O])c1c(Cl)c(Cl)c(S([O])([O])[O])c(Cl)c1Cl,2
O=C([O-])c1ccccc1F,2
[O]S([O])([O])c1cc(C(=O)O)cc(C(=O)O)c1,2
O=C([O-])c1nc(-c2cccc(Cl)c2)[nH]c1C(=O)[O-],2
CC1=NC(C)=N[N]1,2
Cc1cnccc1-c1ccncc1C,2
S=C1[N]N=NN1c1ccccc1,2
O=C1[C]([N+](=O)[O-])C=C([N+](=O)[O-])C(=O)[C]1[N+](=O)[O-],2
OCc1cccnc1,2
O=C1Nc2cc(cc(-c3ccncc3)c2)C(=O)N2CCCC2C(=O)Nc2cc(cc(-c3ccncc3)c2)C(=O)N2CCCC12,2
CCOP([O])(=O)c1ccc(-c2cc(-c3ccc(P([O])(=O)O)cc3)cc(-c3ccc(P([O])(=O)OCC)cc3)c2)cc1,2
CCC1=NN=N[N]1,2
[O]S([O])([O])C(S([O])([O])[O])S([O])([O])[O],2
c1ncn(-c2ccc(C3=NN=N[N]3)cc2)n1,2
O=C(O)C=CC(=O)O,2
c1ccc(-c2nncn2-c2ccccn2)nc1,2
[O]S([O])([O])c1ccccn1,2
Nc1cc([N+](=O)[O-])ccc1C(=O)[O-],2
O=C([O-])c1c(Cl)c(Cl)c(Cl)c(Cl)c1C(=O)[O-],2
[O]C1=C[C](C(=O)[O-])NC(C(=O)[O-])=C1,2
O=C(O)CCCCC1SCC2NC(=O)NC21,2
Nc1nonc1C1=NN=N[N]1,2
O=C([O-])CCl,2
c1ccc2nc(C3=NN=N[N]3)ccc2c1,2
O=C([O-])c1ccc(O)cc1,2
O=C([O-])c1ccc(-c2ccc(C(=O)[O-])nc2)cc1,2
[CH2]CC#N,2
O=C(NCc1c(F)c(F)c(CNC(=O)c2ccncc2)c(F)c1F)c1ccncc1,2
O=C([O-])c1ccc(C(=O)O)cc1,2
O=C([O-])C1=CC([N+](=O)[O-])=C[C]([N+](=O)[O-])C1=O,2
Cc1c(C)c(Cn2cncn2)c(C)c(C)c1Cn1cncn1,2
CCC(=O)NC1=NN=N[N]1,2
[O]S([O])([O])c1ccc(-n2cnnc2)cc1,2
O=C([O-])c1cncc(OCc2cc(C(=O)[O-])cc(C(=O)[O-])c2)c1,2
O=C([O-])COc1ccc(OCC(=O)[O-])c([N+](=O)[O-])c1,2
[O]Cc1ccccn1,2
CC(=NN=C(C)c1ccccn1)c1ccccn1,2
COc1cc(COc2ccccc2C(=O)NCc2ccccn2)c(OC)cc1COc1ccccc1C(=O)NCc1ccccn1,2
O=C([O-])COc1cc(I)cc(OCC(=O)[O-])c1,2
[O]N=O,2
N#C[C](C#N)c1cc(Br)c([C](C#N)C#N)cc1Br,2
N#C[C](C#N)c1cc(Cl)c([C](C#N)C#N)cc1Cl,2
O=C([O-])c1ccccc1C1=NN=N[N]1,2
C(#Cc1ccc(C#Cc2ccncc2)cc1)c1ccncc1,2
O=C([O-])c1cc(C(=O)[O-])nc(-c2cc(C(=O)O)cc(C(=O)[O-])n2)c1,2
C[Si](C)(c1ccc(C(=O)[O-])cc1)c1ccc(C(=O)[O-])cc1,2
NCCOCCOCCN,2
NC1=N[N]C(=S)S1,2
O=C([O-])c1ccc([N+](=O)[O-])cc1[N+](=O)[O-],2
C[Si](c1cnc2ccccc2c1)(c1cnc2ccccc2c1)c1cnc2ccccc2c1,2
NC(=O)CC(N)=O,2
CC(C)(C)N(CC(=O)[O-])CC(=O)[O-],2
O=C([O-])CNC(=O)c1cc(C(=O)NCC(=O)[O-])cc(C(=O)NCC(=O)[O-])c1,2
CC(=O)Nc1cc(C(=O)[O-])cc(C(=O)[O-])c1,2
[O]C1=C(O)C(=O)OC1C(O)CO,2
Nc1ccc(C(=O)N[O])cc1,2
[O][N]N([O])C(N([O])[N][O])N([O])[N][O],2
C1=NN=C[C]1c1ccncc1,2
O=C([CH]C(=O)c1cccnc1)c1cccnc1,2
OCC(O)C(O)C(O)C(O)CO,2
[CH]1N=C[N]N1Cc1ccc(C2=NN=N[N]2)cc1,2
C1CSCCO1,2
O=C(O)c1nc[nH]c1C(=O)[O-],2
O=C(O)c1ccc(C(=O)[O-])c(N2[CH]N=C[N]2)c1,2
O=C(c1ccccc1)N(Cc1cccnc1)C1CCCCC1N(Cc1cccnc1)C(=O)c1ccccc1,2
O=C(NCc1ccncc1)C(=O)NCc1ccncc1,2
[O]S([O])([O])c1cccc(-c2nnc(-c3ccccn3)nc2-c2cccc(S([O])([O])[O])c2)c1,2
[O]c1c(C(=O)[O-])cc([N+](=O)[O-])cc1[N+](=O)[O-],2
Nc1nc(-c2ccncc2)cc(-c2ccccn2)n1,2
O=C([O-])c1ccc(OCc2cc(C(=O)[O-])cc(C(=O)[O-])c2)cc1,2
CC(=O)NC(CCC(=O)[O-])C(=O)[O-],2
O=C(Nn1cnnc1)C1CCC(C(=O)Nn2cnnc2)CC1,2
O=C([O-])c1ccc2cccccc1-2,2
O=[N+]([O-])[N]c1nonc1-c1nonc1[N][N+](=O)[O-],2
[c]1ccncc1,2
c1cc(SCc2cscc2CSc2ccncc2)ccn1,2
c1cncc(NCc2ccc(CNc3cccnc3)cc2)c1,2
C(C#Cc1ccccn1)#Cc1ccccn1,2
[O].[O][Te][O],2
O=C([O-])c1cccc(C(=O)[O-])c1-c1c(C(=O)[O-])cccc1C(=O)[O-],2
COc1ccc(C(=O)[O-])cc1OC,2
O=C([O-])CN1[CH]N(CC(=O)[O-])c2ccccc21,2
O=C([O-])CN1[CH]C=C(C2=C[CH]N(CC(=O)[O-])C=C2)C=C1,2
COc1ccc(-c2cc(-c3ccncc3)nc(-c3ccncc3)c2)cc1,2
O=C([O-])C1=C[CH]N(Cc2cc(C(=O)[O-])cc(C(=O)[O-])c2)C=C1,2
O=C([O-])c1cccnc1SCc1ccc(CSc2ncccc2C(=O)[O-])cc1,2
C(=Cc1ccccn1)c1ccncc1,2
O=C([O-])[C]1N=CN=C1C(=O)O,2
c1ncn(-c2ccc(-c3ccc(-n4cncn4)cc3)cc2)n1,2
c1cncc(Cn2nnc3ccccc32)c1,2
[O]P([O])(=O)c1ccncc1,2
O=C([O-])CC(CC(=O)[O-])C(=O)[O-],2
c1ccc2c(c1)ncn2CCCCCn1cnc2ccccc21,2
O=C([O-])c1cccc(Oc2ccccc2C(=O)[O-])c1,2
O=C([O-])c1cncs1,2
CCCP([O])([O])=O,2
CSCCC(N)C(=O)[O-],2
CSCC(N)C(=O)[O-],2
Cc1nc(C(=O)[O-])c(C)nc1C(=O)[O-],2
O=C([N]N=Cc1ccccn1)c1ccncc1,2
O=C([O-])c1ccc(Oc2ccc(C(=O)[O-])c(C(=O)[O-])c2)cc1,2
c1ccc2c(c1)nnn2Cn1c(-c2ccncc2)nc2ccccc21,2
CCO[P]([S])([S])OCC,2
COC(=O)[C]1C(C(=O)OC)=C(C(=O)OC)C(C(=O)OC)=C1C(=O)OC,2
O=Cc1ccccc1C(=O)[O-],2
[CH2][CH]Cn1ccnc1,2
O=C([O-])c1cc([C]2[O][Zn](<-[OH2])(<-[OH2])(<-[OH2])(<-[OH2])[O]2)cc(C(=O)[O-])c1,2
O=C([O-])c1cc(-n2ccc(=O)cc2)ccc1C(=O)O,2
Nc1nc[nH]n1,2
O=C([O-])c1cccc(-c2cncc(C(=O)[O-])c2)c1,2
Nn1c(SCc2cccnc2)nnc1-c1ccc2ncccc2c1,2
O=C([O-])c1cccc(I)c1,2
S=C1[N]NC(=S)S1,2
CC(=O)N(C)C,2
O=C([O-])c1ccc(C(=O)Nc2cc(C(=O)[O-])cc(C(=O)[O-])c2)cc1,2
c1cnc2c(c1)c1nc[nH]c1c1cccnc12,2
N#Cc1cnccn1,2
C1CSCS1,2
CC(O)C(=O)[O-],2
NN1N=N[N]C1=O,2
[O].[O].[O][Se][O],2
O=C([O-])c1cc(C(=O)[O-])cc(-c2cc(C(=O)[O-])ccc2C(=O)[O-])c1,2
O=C1N=C[C]([N+](=O)[O-])C=C1[N+](=O)[O-],2
O=C1[C]([N+](=O)[O-])C=NC=C1[N+](=O)[O-],2
O=C1C([N+](=O)[O-])=C[N+]([O-])C=C1[N+](=O)[O-],2
[CH]1C=C(c2ccncc2)C=CN1CCN1[CH]C=C(c2ccncc2)C=C1,2
O=S(=O)(Cc1ccccn1)c1ccccn1,2
O=C([O-])c1ccc(-c2ccc(C(=O)[O-])cc2C(=O)[O-])nc1,2
O=C([O-])c1ccc(Oc2cc(Oc3ccc(C(=O)O)cc3)cc(C(=O)[O-])c2)cc1,2
c1nc2cc3[nH]cnc3cc2[nH]1,2
COc1ccccc1C(=O)[O-],2
N#Cc1ccc([O])cc1,2
O=C([O-])c1cc(CSc2nc3ccccc3[nH]2)cc(C(=O)[O-])c1,2
C[C]1N=NC(C)=C1CC1=C(C)N=N[C]1C,2
O=C([O-])c1ccc(N(c2ccc(C(=O)[O-])cc2)c2ccc(C(=O)O)cc2)cc1,2
c1cc(-c2ccnc(SSc3nccc(-c4ccncc4)n3)n2)ccn1,2
Cc1ccccc1C(=O)[O-],2
O=C([O-])c1cc(C(=O)[O-])cc(-c2ccc(-c3cc(C(=O)[O-])cc(C(=O)[O-])c3)cc2)c1,2
O=[N+]([O-])[C]1C=NC([N+](=O)[O-])=N1,2
Cc1c(C)c(CN2[CH]N=C[N]2)c(C)c(C)c1CN1[CH]N=C[N]1,2
c1cn(CCCCCn2ccnc2)cn1,2
O=C([O-])CCC1=NN=N[N]1,2
O=C1[CH]C(C(=O)[O-])=CC(=O)N1,2
CC(=O)[CH]C(=O)c1ccc(-c2ccncc2)cc1,2
C=CCn1nnc2ccccc21,2
c1cc(CCCCc2ccncc2)ccn1,2
c1nncn1CCCCn1cnnc1,2
C=C(C)C(=O)[O-],2
CN(CC(=O)[O-])CC(=O)[O-],2
c1cc(-c2sc(-c3ccncc3)c(-c3ccncc3)c2-c2ccncc2)ccn1,2
CC[O],2
Nc1ccc(-c2ccc(N)cc2)cc1,2
O=C([O-])[C]1C=CC=NC1=S,2
Nc1cccc(N)c1,2
C1=NC=N[C]1c1ccc([C]2C=NC=N2)cc1,2
c1cc(C2=N[N]C(c3cnccn3)=N2)ccn1,2
NCc1ccc(CN)cc1,2
O=C(NCCNC(=O)Nc1ccncc1)Nc1ccncc1,2
O=C([O-])CC1(CC(=O)[O-])CCCC1,2
[O]S([O])([O])c1ccccc1,2
O=C([O-])c1ccc(-c2ccc(C(=O)O)cn2)nc1,2
O=C([O-])c1ccc(-c2cc(-c3ccc(C(=O)[O-])cc3)cc(-c3cc(-c4ccc(C(=O)[O-])cc4)cc(-c4ccc(C(=O)[O-])cc4)c3)c2)cc1,2
NC(=O)c1ccncc1,2
O=C([O-])c1cc(C(=O)O)cc(C(=O)O)c1,2
O=C([O-])c1cc(C(=O)[O-])cc(N2Cc3ccccc3C2=O)c1,2
CSC1=NN=C(N)[N]1,2
O=C([O-])c1cc(C(=O)[O-])cc(-c2ccccc2)c1,2
C[C]1N=NC(C)=C1Cc1ccc(C(=O)[O-])cc1,2
O=C(CCCCC(=O)Nc1ccncc1)Nc1ccncc1,2
O=C1C(Cl)=C(Cl)C(=O)C(Cl)=C1Cl,2
O=C([S])c1ccccc1,2
C(#CC12c3ccccc3C(C#Cc3ccncc3)(c3ccccc31)c1ccccc12)c1ccncc1,2
c1cc(-n2cnnc2)ccn1,2
Cc1c(C(=O)[O-])cc([N+](=O)[O-])cc1[N+](=O)[O-],2
Nc1cc(C(=O)[O-])ccc1Oc1cc(C(=O)[O-])cc(C(=O)[O-])c1,2
O=C([O-])c1cc(C(=O)[O-])cc(-n2cnnn2)c1,2
[O]P(=O)(CCC(=O)O)c1ccccc1,2
O=C([O-])c1c(Br)c(C(=O)[O-])c(C(=O)[O-])c(Br)c1C(=O)[O-],2
CC(=O)C(=C(C)[O])c1ccncc1,2
C[C]([O])C(=C(C)[O])c1ccncc1,2
CC(=O)[C](C(C)=O)c1ccncc1,2
O=C([O-])c1ccc(COc2cc(C(=O)[O-])cc(C(=O)O)c2)cc1,2
O=C([O-])c1cccc(S(=O)(=O)c2cccc(C(=O)[O-])c2C(=O)[O-])c1C(=O)[O-],2
O=C([O-])c1cc(C#CC#Cc2cc(C(=O)[O-])cc(C(=O)[O-])c2)cc(C(=O)[O-])c1,2
[O]P([O])(=O)CC1=CC=C[CH]N1,2
[O]P([O])(=O)C[C]1C=CC=CN1,2
O=C([O-])c1ccc(OCOc2ccc(C(=O)[O-])cc2)cc1,2
[O]C1=C[CH]N(c2ccc(C(=O)[O-])c(C(=O)[O-])c2)C=C1,2
c1ccc(-c2ccncn2)nc1,2
CC1(NCC(=O)[O-])CC2C(CC1=NO)C2(C)C,2
O=C([O-])c1nc(C(=O)O)c(C(=O)[O-])nc1C(=O)O,2
O=C([O-])C1CC(C(=O)[O-])C(C(=O)O)CC1C(=O)[O-],2
O=C([O-])C1CC(C(=O)O)C(C(=O)[O-])CC1C(=O)O,2
O=C([O-])c1cc(Oc2ccc(C3=NN=N[N]3)cc2)cc(C(=O)[O-])c1,2
O=C([O-])c1cc(-c2ccc(C(=O)O)c(C(=O)[O-])c2)ccc1C(=O)O,2
O=C([O-])c1cc(OCc2ccc(C(=O)O)cc2)cc(C(=O)[O-])c1,2
O=C([O-])CN1N=N[N]C1=S,2
O=C([O-])c1cc(NC(=O)c2cc(C(=O)Nc3cc(C(=O)[O-])cc(C(=O)[O-])c3)cc(-c3cc(C(=O)Nc4cc(C(=O)[O-])cc(C(=O)[O-])c4)cc(C(=O)Nc4cc(C(=O)[O-])cc(C(=O)[O-])c4)c3)c2)cc(C(=O)[O-])c1,2
C(C1=NN=N[N]1)C1=NN=N[N]1,2
CCCCc1cn(Cc2ccncc2)nn1,2
O=C1C=C(C(=O)[O-])[CH]C(C(=O)[O-])=C1,2
[O]P(=O)(O)c1cncc(C(=O)[O-])c1,2
O=C([O-])c1c2ccccc2cc2ccccc12,2
[O]c1ccc([N+](=O)[O-])cc1,2
O=C([O-])c1cc2c(cc1C(=O)[O-])N[CH]N2,2
Cn1cncc1C(=O)[O-],2
[O]P([O])(=O)CCCP([O])([O])=O,2
c1ccc2c(Cn3ccnc3)c3ccccc3c(Cn3ccnc3)c2c1,2
O=C([O-])c1ccc(CSc2ccncc2)cc1,2
O=C([O-])c1cc(C(=O)O)cc(-c2cc(C(=O)[O-])cc(C(=O)O)c2)c1,2
CCOc1ncccc1C(=O)[O-],2
O=C([O-])CN(CC(=O)[O-])Cc1cc(C(=O)[O-])cc(C(=O)[O-])c1,2
c1ccc(-c2nnc(-c3ccncc3)o2)nc1,2
O=C(Nc1ccc(C#Cc2ccncc2)cc1)c1ccncc1,2
CC1=Nc2ccccc2[N]1,2
c1ccc(C2=N[N]C(c3ccccn3)=N[N]2)nc1,2
C(#CP(c1ccccc1)c1ccccc1)P(c1ccccc1)c1ccccc1,2
O=C([O-])CCc1ccc(C(=O)[O-])cc1,2
O=C([O-])c1cccc([N+](=O)[O-])c1C(=O)O,2
O=C([O-])c1ccc(-c2cc(C(=O)[O-])ccc2C(=O)[O-])cc1,2
[O]P(=O)(O)C1=CC(P([O])(=O)O)=CN[CH]1,2
NC(Cc1c[nH]c2ccccc12)C(=O)[O-],2
O=C([O-])c1cc(C(=O)[O-])cc(-c2cncnc2)c1,2
O=C([O-])COc1cc(C(=O)[O-])cc(OCC(=O)[O-])c1OCC(=O)[O-],2
CC(C(=O)[O-])n1ccnc1,2
Nc1cccc(C2=NN=N[N]2)c1,2
O=C([O-])COc1ccc2ccccc2c1-c1c(OCC(=O)[O-])ccc2ccccc12,2
[CH]([N]N=Cc1ccncc1)c1ccncc1,2
CC(C)c1cc(C(C)C)c(CP([O])(=O)O)c(C(C)C)c1,2
O=C(Nc1cccnc1)c1ccc(C(=O)Nc2cccnc2)cc1,2
O=C([O-])c1ccc[nH]c1=S,2
O=C([O-])c1ccc(-c2ccncc2)nc1,2
O=C([O-])CCOc1ccc(C(=O)[O-])cc1,2
[O]P([O])(=O)C(O)(Cc1cccnc1)P([O])(=O)O,2
[O]c1ccc(Cl)cc1S([O])([O])[O],2
CCC(C)C(NCc1ccncc1)C(=O)[O-],2
O=C([O-])c1ccc(C(=O)[O-])c(-n2ccnc2)c1,2
O=C([O-])C1OC1C(=O)[O-],2
Cc1c(CN2[CH]C=C(C(=O)[O-])C=C2)c(C)c(CN2[CH]C=C(C(=O)[O-])C=C2)c(C)c1CN1[CH]C=C(C(=O)[O-])C=C1,2
O=C([O-])c1ccc(Oc2cncc(C(=O)[O-])c2)cc1,2
c1ccc(P(c2ccccc2)c2cc(-c3ccncc3)cc(P(c3ccccc3)c3ccccc3)c2)cc1,2
O=C([O-])CCCC(=O)O.O=C([O-])CCCC(=O)O,2
O=C(NCc1cccnc1)NCc1cccnc1,2
c1cc([C]2N=C(c3ccncc3)[N]N2Cn2cncn2)ccn1,2
O=C([O-])[C]1N=C(C(=O)[O-])[N]N1,2
c1ccc2[nH]c(Cn3cncn3)nc2c1,2
O=C([O-])c1ccc(C(=O)[O-])c2c1C(=O)c1ccccc1C2=O,2
[S]C(=S)N1CCCC1,2
CCc1nc(S([O])([O])[O])c(C)[nH]1,2
CC1(C)c2cc(-n3ccnc3)ccc2-c2ccc(-n3ccnc3)cc21,2
O=C([O-])c1cc(C(=O)[O-])cc(N2c3ccccc3S(=O)(=O)c3ccccc32)c1,2
Nc1cccc(-n2cnnc2)n1,2
N#CC(C#N)=c1c(=O)c(=O)c(=C(C#N)C#N)c1=O,2
O=C([O-])c1ccc(-c2cccnc2)c(C(=O)[O-])c1,2
CC(=O)[C](Sc1ccncc1)C(C)=O,2
O=C([O-])c1cccnc1SSc1ncccc1C(=O)[O-],2
O=C([O-])c1ccc(-c2ccccc2)cc1,2
CC(N=Cc1c([O])ccc2ccccc12)C(=O)[O-],2
c1ccc(NCc2ccncc2)nc1,2
c1cnc(Sc2cncc(Sc3cnccn3)n2)cn1,2
O=C([O-])[C]1C=C[CH][CH]1[Mn],2
O=C(O)c1ccc(S(=O)(=O)[N]S(=O)(=O)c2ccc(C(=O)O)cc2)cc1,2
COc1ccc(-c2coc3cc(O)c(OC)c(O)c3c2=O)cc1S([O])([O])[O],2
O=C(OCCOC(=O)c1cccnc1)c1cccnc1,2
O=C([O-])CN(CC(=O)[O-])Cc1ccccn1,2
c1ccc(-c2nc3ccccc3nc2-c2ccccc2)cc1,2
O=C([O-])c1cc(C(=O)[O-])cc(-c2cc(C(=O)[O-])cc(C(=O)O)c2)c1,2
O=[N+]([O-])c1ccc(C2=NN=N[N]2)cc1,2
C1=Nc2cc3c(cc2[N]1)N=C[N]3,2
[O]c1cccc2ccc(C=Cc3ccncc3)nc12,2
[CH]1N=NC=P1,2
c1ccc2c(c1)nnn2CCCn1nnc2ccccc21,2
OC(Cn1cncn1)(Cn1cncn1)c1ccc(F)cc1F,2
Cc1nnc(SCCSc2nnc(C)s2)s1,2
c1ccc(SCSc2ccccn2)nc1,2
[O-][n+]1cc(-c2ccncc2)cc(-c2ccncc2)c1,2
[O]C1=CN[CH]C(C(=O)[O-])=C1,2
[O]C1=CC(C(=O)[O-])=CN[CH]1,2
c1ccc(Cn2nnc3ccccc32)c(Cn2nnc3ccccc32)c1,2
O=C([O-])Cc1ccc([N+](=O)[O-])cc1,2
O=C([O-])c1ccc(OCc2ccc(-c3ccccc3C(=O)[O-])cc2)cc1,2
NCC(=O)NCC(=O)[O-],2
C1SCSCS1,2
Cn1cnc(C#N)c1C#N,2
COP([O])(=O)C(Cl)(Cl)P([O])(=O)N1CCCCC1,2
O=C(NCc1ccncc1)NCc1ccncc1,2
COc1cccc(C=NC(CCSC)C(=O)[O-])c1[O],2
[O].[O].[O].[O]Cl,2
CC(=O)[CH]C(=O)c1cccc(-n2cnc3ccccc32)c1,2
C1=NN=C(C2=N[C](c3cccnc3)N[N]2)[N]1,2
C1=NN=C(c2n[nH]c(-c3cccnc3)n2)[N]1,2
c1nncc2cnncc12,2
[CH]1C=CN=C1[C](C1=CC=C[N]1)c1ccncc1,2
COc1cc(S([O])([O])[O])ccc1O,2
C[C]1N=NC(C)=C1C1=C(C)N=N[C]1C,2
Cc1nc2ccccc2n1CCCCCCn1c(C)nc2ccccc21,2
Nc1ccc(N=Cc2ccncc2)cc1,2
O=C([O-])c1c(F)c(F)c(F)c(F)c1F,2
[O].[O].[O]I,2
O=C([O-])C1(C(=O)[O-])CC1,2
O=C([O-])c1ccc(C(=O)[O-])c(-c2cncc(-c3cc(C(=O)[O-])ccc3C(=O)[O-])c2)c1,2
[O]P(=O)(O)c1cccc(S([O])([O])[O])c1,2
CN1[C](NCC(=O)[O-])N=C(N)C(=N[O])C1=O,2
O=C([O-])COc1c(Sc2ccccc2)c(Sc2ccccc2)c(OCC(=O)[O-])c2ccccc12,2
[O]P([O])(=O)c1ccc(P([O])(=O)O)cc1,2
CC1=NN=C(C)[C]1[C]1C(C)=NN=C1C,2
CC1=N[N]C(C)=C1C1=C(C)[N]N=C1C,2
[O]S([O])([O])c1[c]cccc1,2
c1c[nH]c(-c2ncc[nH]2)n1,2
c1nncn1C12CC3CC(C1)CC(n1cnnc1)(C3)C2,2
O=C([O-])c1cc([N][N]c2ccc(O)cc2)cc(C(=O)[O-])c1,2
c1cc(C2C(c3ccncc3)C3C2C2C(c4ccncc4)C(c4ccncc4)C32)ccn1,2
[O]P([O])(=O)CN(CP([O])([O])=O)CP([O])([O])=O,2
Cc1cc2ncn(Cc3cccc(Cn4cnc5cc(C)c(C)cc54)c3)c2cc1C,2
O=C([O-])C(O)(c1ccccc1)c1ccccc1,2
CC(O)(P([O])(=O)O)P([O])(=O)O,2
c1ccc2c(c1)CSCCOCCSCc1ccccc1OCCO2,2
c1ccc(P(CCCCP(c2ccccc2)c2ccccc2)c2ccccc2)cc1,2
[CH]1C=CC=C1Sc1nc2ccccc2s1,2
NC1=NC=N[N]1,2
O=C([O-])c1cccc(Sc2cccc(C(=O)[O-])c2C(=O)[O-])c1C(=O)[O-],2
c1ccc2c(c1)c1ccccc1c1nccnc21,2
[O]P(=O)(O)c1ccc(-n2cnnc2)cc1,2
O=C([O-])c1ccc(-c2ccc(C3=NN=N[N]3)cc2)cc1,2
O=C([O-])C12CCC(C(=O)[O-])(NC1=O)C(=O)N2,2
Cc1c(CN2[CH]N=C[N]2)c(C)c(Cn2cncn2)c(C)c1Cn1cncn1,2
O=C([O-])CCn1ccnc1-c1nccn1CCC(=O)O,2
O=C([O-])c1cccc(C2=N[N]N=N2)c1,2
O=C([O-])c1ccc(OCCCOc2ccc(C(=O)[O-])cc2)cc1,2
O=C([O-])C1=C(C(=O)[O-])SCCS1,2
CN1c2cc(ncn2)N(C)c2cc(ncn2)N(C)c2cc(ncn2)N(C)c2cc1ncn2,2
O=C([O-])c1cc([N+](=O)[O-])cc(C(=O)[O-])c1C(=O)[O-],2
CC(=O)O.CC(=O)[O-],2
O=C(O)c1ccc(-c2ccc(C(=O)O)cc2C(=O)[O-])c(C(=O)[O-])c1,2
[O]S([O])([O])c1ccc(O)c2ncccc12,2
O=C([O-])C1=C(C(=O)O)N=C(c2ccncc2)[N]1,2
c1cncc(COc2ccccc2-c2ccccc2OCc2cccnc2)c1,2
O=C([O-])C1=C[CH]C=NC1=O,2
[CH]1N=C[N]N1CCCN1[CH]N=C[N]1,2
O=C([O-])COc1ccc(CC(=O)[O-])cc1,2
O=C1C(=Cc2cccnc2)CCCC1=Cc1cccnc1,2
c1ccc(CNCc2cccnc2)nc1,2
c1cc(CC2=NN=N[N]2)ccc1CC1=NN=N[N]1,2
c1ccc(CC2=NN=N[N]2)nc1,2
O=C([O-])c1cc(Oc2ccc(C(=O)O)c(C(=O)[O-])c2)ccc1C(=O)O,2
[O]S([O])([O])CCN1CCN(CCS([O])([O])[O])CC1,2
O=C([O-])CN1CCN(CC(=O)[O-])C(=O)C1,2
O=C([O-])c1cncc(O)c1,2
O=C([O-])c1ccc(-c2cccc(-c3ccc(C(=O)[O-])cc3C(=O)[O-])c2)c(C(=O)[O-])c1,2
O=C([O-])c1cc(C(=O)[O-])cc(-c2cccc(C(=O)[O-])c2C(=O)[O-])c1,2
c1ccc2c(c1)[N]C(c1nc3ccccc3[nH]1)=N2,2
COCC(=O)[O-],2
O=C([O-])COc1cccc(C(=O)[O-])c1,2
O=C1[N]N=NN1,2
O=P(O)(O)c1ccccc1,2
O=C([O-])c1ccc(COc2cc(OCc3ccc(C(=O)O)cc3)cc(C(=O)[O-])c2)cc1,2
O=C([O-])c1cccs1,2
Cc1nc(-c2cccnc2)sc1C(=O)[O-],2
Nc1n[nH]c(N)n1,2
CC(NCP([O])(=O)[O][Sn])c1ccccc1,2
N#C[C](C#N)c1c2c(c([C](C#N)C#N)c3c1=NS[N]3)=NS[N]2,2
O=C([O-])CCc1nc2ccccc2[nH]1,2
c1ccc2c(c1)nnn2CCCCCn1nnc2ccccc21,2
c1cc2nc(-c3ccc4cnccc4n3)ccc2cn1,2
O=C([O-])c1ccc(C(=O)[O-])c(-c2nc(C(=O)[O-])ccc2C(=O)[O-])n1,2
C1=C2Oc3cc4c(cc3O[C]2C=C2N=NN=C12)[N]N=N4,2
C1=C2OC3=C[C]4N=NN=C4C=C3O[C]2C=C2N=NN=C12,2
O=C([O-])c1cc(C(=O)[O-])cc(-c2ccc(C(=O)[O-])cc2C(=O)[O-])c1,2
CN(c1ccc(C(=O)[O-])cc1)c1ccc(C(=O)[O-])cc1,2
COc1cc2c(-c3cc(C(=O)[O-])cc(C(=O)O)c3)c3cc(OC)c(OC)cc3c(-c3cc(C(=O)[O-])cc(C(=O)O)c3)c2cc1OC,2
c1ccc(C2=NN=C(c3ccccn3)[N]2)nc1,2
C(=CCSc1ccccc1)CSc1ccccc1,2
c1ccc(-c2cnc(-c3ccccn3)cn2)nc1,2
N#C[N]c1cc(Cl)c([N]C#N)cc1Cl,2
c1ncc(-c2cc(-c3cnc[nH]3)cc(-c3cnc[nH]3)c2)[nH]1,2
Cc1c(CN2[CH]N=C[N]2)c(C)c(Cn2cncn2)c(C)c1CN1[CH]N=C[N]1,2
O=C([O-])c1cc(Oc2ccccc2C(=O)[O-])cc(C(=O)[O-])c1,2
N#CN=C1C(=O)C(=NC#N)C1=O,2
[O]P(=O)(O)OCC1OC(n2ccc(=O)[nH]c2=O)C(O)C1O,2
O=C(O)c1cnccn1,2
O=C([O-])c1cc([N][N]c2ccc(O)c(C(=O)[O-])c2)ccc1O,2
N#C[C](C#N)C(C(=O)c1ccc(Br)cc1)=C(C#N)C#N,2
c1ccc(-c2cc(-c3ccncc3)cc(-c3ccccn3)n2)nc1,2
Cc1ccc[n+]([O-])c1,2
c1cc(-c2cc(-c3ccncc3)nc(-c3ccncc3)c2)ccn1,2
O=C([O-])CN[C]1N=C(NCC(=O)[O-])N=C(NCC(=O)[O-])N1,2
CC(O)C(NCc1ccncc1)C(=O)[O-],2
N#Cc1cccc(CSCc2cccc(C#N)c2)c1,2
S=C1[CH]C=CC=N1,2
OCCO,2
c1ccc2c(c1)ncn2-c1cncc(-n2cnc3ccccc32)c1,2
c1cn(-c2ccc(C(=C(c3ccc(-n4ccnc4)cc3)c3ccc(-n4ccnc4)cc3)c3ccc(-n4ccnc4)cc3)cc2)cn1,2
O=[N+]([O-])C1=C([N+](=O)[O-])N=C[N]1,2
O=C([O-])c1ccc(C(=O)[O-])nn1,2
O=C([O-])c1cc(OCCO)cc(C(=O)[O-])c1,2
c1cnc2c(SCc3ccncc3)cccc2c1,2
[O]C1=C2[CH]C=CC=C2N(CC(=O)[O-])C=C1,2
[O]C1=C2C=CC=C[C]2N(CC(=O)[O-])C=C1,2
[O]P(=O)(O)C(O)(CN1[CH]NC=C1)P([O])(=O)O,2
O=C1[N]C(=O)NC(=O)N1,2
O=C([O-])c1cccc(Oc2cccc(C(=O)[O-])c2C(=O)[O-])c1,2
CC(N)=S,2
O=[N+]([O-])C1=CN=C[N]1,2
O=C([O-])c1cc(OCc2ccccc2C(=O)[O-])cc(C(=O)[O-])c1,2
COc1ccc(-c2nc(C(=O)[O-])c(C(=O)O)[nH]2)cc1,2
Nc1ccc(C=Cc2ccc(N)cc2S([O])([O])[O])c(S([O])([O])[O])c1,2
O=[N+]([O-])c1cc([N+](=O)[O-])c([N]c2c([N+](=O)[O-])cc([N+](=O)[O-])cc2[N+](=O)[O-])c([N+](=O)[O-])c1,2
C1=NN=C(C2=NN=N[N]2)[N]1,2
CN(CC[O])CC[O],2
O=C([O-])C(O)c1ccccc1,2
[O][PH](=O)O,2
O=C(NCCCNC(=O)c1ccncc1)c1ccncc1,2
OCCN1N=N[N]C1=S,2
O=C([O-])c1ccc(Cc2ccc(C(=O)[O-])cc2)cc1,2
O=C([O-])C[N]S(=O)(=O)c1cnccn1,2
O=C([O-])c1nc(-c2cccnc2)[nH]c1C(=O)[O-],2
O=C([O-])c1ccc(N2[CH]N=C[N]2)cc1,2
O=C([O-])CN1[CH]C=C(C2=NN=N[N]2)C=C1,2
O=C1CCC(C(=O)[O-])O1,2
S=c1[nH]cn[nH]1,2
S=C1[N]C=NN1,2
[O]P(=O)(Oc1ccccc1)Oc1ccccc1,2
O=C([O-])c1ccc(Cn2cncn2)cc1,2
[S]C(=S)[C]1N(Cc2ccccc2)CCN1Cc1ccccc1,2
C(#Cc1cncnc1)c1cncnc1,2
Cc1cc(C)c[n+]([O-])c1,2
Cc1c(-c2ccncc2)c(C)c(-c2c(C)c(-c3ccncc3)c(C)c(-c3ccncc3)c2C)c(C)c1-c1ccncc1,2
O=C([O-])c1ccc2c3c(ccc(C(=O)[O-])c13)C(=O)OC2=O,2
Cc1cc(-c2ccc(N=Cc3ccncc3)c(C)c2)ccc1N=Cc1ccncc1,2
c1ccc(CSCc2ccc(CSCc3ccccn3)cc2)nc1,2
CC(NC(=O)c1ccc(C(=O)[O-])cc1)C(=O)[O-],2
[O-][n+]1ccc(C2=Nc3ccccc3[N]2)cc1,2
O=C([O-])CCN1[CH]N=C(C(=O)[O-])[N]1,2
O=C([O-])CCn1cnc(C(=O)[O-])n1,2
O=C([O-])c1cc(-c2ccncc2)ccn1,2
O=C([O-])c1ccccc1Sc1ccccc1C(=O)[O-],2
CC(C(=O)[O-])N1C(=O)c2cccc3cccc(c23)C1=O,2
CCOC(=O)[C](C#N)C#N,2
[CH]([N][N][CH]c1ccco1)c1ccco1,2
O=C([O-])c1cc(C(=O)[O-])c[n+]([O-])c1,2
O=C([O-])C1CC(C(=O)[O-])N1,2
[O]P(=O)(O)c1cncnc1,2
COc1cc(-c2ccncc2)c(OC)cc1-c1ccncc1,2
O=CC(=O)[O-],2
[O]c1ccc(O)c2c1C(=O)c1ccccc1C2=O,2
O=[N+]([O-])[C]([C]1[N]CCN1)[N+](=O)[O-],2
O=C([O-])c1ccc(-c2ccccc2C2=NN=N[N]2)cc1,2
[CH]1C=CN=N1,2
[O]S([O])([O])c1nccc(-c2ccccn2)n1,2
CCn1c2ccc(-n3ccnc3)cc2c2cc(-n3ccnc3)ccc21,2
O=C1[C](NC2=NN=N[N]2)C(=O)C1=O,2
CC(Oc1ccc(C(=O)[O-])cc1)C(=O)[O-],2
O=C([O-])c1ccccc1I,2
CC(=O)CC(C#N)(C#N)[C](C#N)C#N,2
[O]CCN(CC[O])CCO,2
O=C([O-])Cn1cc(Cn2ccnc2)nn1,2
CN1CCCN(C)C1=O,2
O=C([O-])COc1ccccc1,2
Cn1ccnc1-c1nccn1C,2
CCc1nc2ccccc2n1Cc1ccc(Cn2c(CC)nc3ccccc32)cc1,2
O=C([O-])CN1[CH]C(C(=O)[O-])=CC(C(=O)[O-])=C1,2
O=C([O-])c1ccc(Oc2cc(C(=O)[O-])ccc2C(=O)[O-])cc1,2
CC1=C(C)C2=C(C#N)C(C#N)=C3C(C)=C(C)SC3(C)C2(C)S1,2
O=C1[C](c2ccccc2)C(=O)C(=O)[C](c2ccccc2)C1=O,2
CC(COc1ccc(C(=O)[O-])cc1)(COc1ccc(C(=O)[O-])cc1)COc1ccc(C(=O)[O-])cc1,2
O=C([O-])c1cccc(F)c1C(=O)[O-],2
O=C([O-])c1cc(NCc2ccc(C(=O)O)cc2)cc(C(=O)[O-])c1,2
O=C([O-])c1ccc(Cn2ccnc2)cc1,2
Cc1nc2ccccc2nc1C,2
[O]c1ccccc1,2
CC(C)(C(=O)[O-])C(=O)[O-],2
CN1[CH]C=C(C2=NN=N[N]2)C=C1,2
[O]P([O])(=O)c1cc(C(=O)O)ccn1,2
CP(=O)(CP([O])([O])=O)c1ccccc1,2
c1cc(C2=NN=N[N]2)cc(-c2ccncc2)c1,2
[O]C1=CC=CN[CH]1,2
O=C([O-])c1cc2ccccc2nc1C(=O)[O-],2
NCC[O],2
C[C]1N(CC(=O)[O-])c2ccccc2N1CC(=O)[O-],2
N#Cc1ccc(C2=C3C=CC(=C(c4ccncc4)C4=NC(=C(c5ccc(C#N)cc5)C5=CC=C([N]5)C(c5ccncc5)=C5C=CC2=N5)C=C4)[N]3)cc1,2
O=C([O-])c1cc([N+](=O)[O-])ccc1O,2
O=C([O-])c1cccc(C(=O)[O-])c1O,2
O=C([O-])c1cc(C(=O)[O-])cc(-n2ccnc2)c1,2
[CH]1N=C[N]N1c1ccc(-c2ccc(-n3cncn3)cc2)cc1,2
O=C([O-])COc1cc(Cl)cc(Cl)c1,2
O=C([O-])c1ccc(C(=CC=C(c2ccccc2)c2ccc(C(=O)[O-])cc2)c2ccccc2)cc1,2
C(=NC1CCC(N=Cc2ccc(-c3cccnc3)cc2)CC1)c1ccc(-c2cccnc2)cc1,2
O=C([O-])c1cc(C(=O)[O-])c(-c2c(C(=O)[O-])cc(C(=O)[O-])cc2[N+](=O)[O-])c([N+](=O)[O-])c1,2
[O]P([O])(=O)C(O)(CC1=C[CH]NC=C1)P([O])(=O)O,2
c1ncn(Cc2ccc(-c3nnc(-c4ccc(Cn5cncn5)cc4)o3)cc2)n1,2
Cc1ccc(C2=NC(C(=O)[O-])=C(C(=O)O)[N]2)cc1,2
Cc1ccc(C2=N[C](C(=O)O)C(C(=O)[O-])=N2)cc1,2
CC(C)C(N=Cc1ccccc1[O])C(=O)[O-],2
Cc1cc(C)c(CN(CC(=O)[O-])CC(=O)[O-])c(C)c1CN(CC(=O)[O-])CC(=O)[O-],2
O=C([O-])CCN1C(=O)[N]C(=O)N(CCC(=O)[O-])C1=O,2
[O]S([O])([O])S([O])([O])[O],2
O=C([O-])C1C2C=CC(C1C(=O)O)C(C(=O)O)C2C(=O)O,2
c1cc(CSCc2ccncc2)ccn1,2
N[C]1N=C(N)[N]N1,2
CCCCC(=O)[O-],2
c1cc(-c2ccc(N(c3ccc(-c4ccncc4)cc3)c3ccc(-c4ccc(N(c5ccc(-c6ccncc6)cc5)c5ccc(-c6ccncc6)cc5)cc4)cc3)cc2)ccn1,2
O=C([O-])c1ccc(Cn2ccnc2-c2ccccn2)cc1,2
Nc1nc(C(=O)[O-])n[nH]1,2
O=C1CCCN1CCO,2
CCCC(=O)[O-],2
CC1=NN=C[N]1,2
Cc1nnc(-c2cccc(C(=O)[O-])c2)n1-c1ccc(C(=O)[O-])cc1,2
O=C([O-])c1cccc(-c2cncnc2)c1,2
O=C([O-])c1ccc(-c2cc(C(=O)[O-])nc(-c3ccccn3)c2)cc1,2
[CH]1N=C[N]N1c1ccc(-c2ccc(N3[CH]N=C[N]3)cc2)cc1,2
Cn1cc[nH]c1=S,2
[O]c1ccccc1C=Nc1ccccc1C(=O)[O-],2
c1cncc(CNc2cccnc2)c1,2
CC(C)CC(NC(=O)c1cccnc1)C(=O)Nc1cccnc1,2
Cn1c(Cc2ccc(Cc3nc4ccccc4n3C)cc2)nc2ccccc21,2
Cc1cc2ncn(Cc3ccc(Cn4cnc5cc(C)c(C)cc54)cc3)c2cc1C,2
COc1ccc(C2=N[C](C(=O)O)C(C(=O)[O-])=N2)cc1,2
O=C([O-])c1ncccc1O,2
OC(c1ccncc1)C(O)c1ccncc1,2
Cc1cc[n+]([O-])cc1,2
N#Cc1cccc(NC(=O)Nc2cccc(C#N)c2)c1,2
O=C([O-])c1ccc(C2=C(c3ccc(C(=O)[O-])cc3)SC(=C3SC(c4ccc(C(=O)[O-])cc4)=C(c4ccc(C(=O)[O-])cc4)S3)S2)cc1,2
O=C([O-])c1c(C(=O)[O-])c(C(=O)O)c(C(=O)[O-])c(C(=O)[O-])c1C(=O)O,2
Nc1ccc([N+](=O)[O-])cc1C(=O)[O-],2
O=C([O-])c1ccc(-c2cc(-c3ccc(C(=O)[O-])s3)cc(-c3ccc(C(=O)[O-])s3)c2)s1,2
Nc1ccc2ccccc2c1S([O])([O])[O],2
O=C([O-])c1cc(C(=O)[O-])c(C(=O)O)cc1C(=O)O,2
O=C(Nc1ccc(C(=O)O)c(C(=O)[O-])c1)C(=O)Nc1ccc(C(=O)O)c(C(=O)[O-])c1,2
[CH]1N=C[N]N1CCCCCCCCCCN1[CH]N=C[N]1,2
O=C([O-])C1=C[C]([N+](=O)[O-])C=C([N+](=O)[O-])C1=O,2
O=C([O-])c1ccc(Oc2cc(Oc3ccc(C(=O)[O-])cc3)cc(Oc3ccc(C(=O)[O-])cc3)c2)cc1,2
S=C1[N]N=C(CN2[CH]N=C[N]2)S1,2
CCOc1cc(C(=O)[O-])cc(C(=O)[O-])c1,2
O=C1C([N+](=O)[O-])=C[C]([N+](=O)[O-])C=C1[N+](=O)[O-],2
CCc1nc2cc(C(=O)[O-])ccc2[nH]1,2
COc1cc(-c2ccc(C(=O)[O-])c(OC)c2)ccc1C(=O)[O-],2
CC(=NNC(=O)c1ccccn1)c1cnccn1,2
O=C([O-])c1nc(-c2ccncc2)[nH]c1C(=O)O,2
N#C[C](C#N)C([S])=S,2
[Cl][Cu]([Cl])[n]1cnnc1,2
NCC(=O)NC(Cc1ccc(O)cc1)C(=O)[O-],2
O=C([O-])c1ccc(CN2[CH]C=C(C=Cc3ccncc3)C=C2)cc1,2
CC1=NN=C(C)[C]1c1ccncc1,2
O=C([O-])c1ccc(-c2ccc(C(=O)[O-])cc2C(=O)[O-])cc1,2
c1ccc2c(c1)nnn2CC1=NN=N[N]1,2
O=C([O-])c1cc(C(=O)[O-])nc(-c2cc(C(=O)[O-])cc(C(=O)[O-])n2)c1,2
N#CC1=NC(=O)C(=O)N=C1C#N,2
c1ccc2nsnc2c1,2
O=C([O-])c1ccc(-c2ccnc(C(=O)[O-])c2)cc1,2
O=C([O-])c1cc2cc3cc(C(=O)[O-])c(C(=O)[O-])cc3cc2cc1C(=O)[O-],2
O=C([O-])c1ccc(OCc2ccccc2COc2ccc(C(=O)[O-])cc2)cc1,2
Cc1c(C(=O)[O-])cc(C(=O)[O-])c(C)c1[N+](=O)[O-],2
[O]S([O])([O])c1ccc(O)c(C=O)c1,2
[O]c1c(F)c(F)c(C(=O)[O-])c(F)c1F,2
c1ccc2cc3c(cc2c1)OCCOCCOCCOCCOCCO3,2
CC(N)C(=O)[O-],2
[O]P(=O)(O)C(O)c1ccc(C(O)P([O])(=O)O)cc1,2
O=C([O-])c1cc(C(=O)O)cc(-c2cccc(C(=O)[O-])c2C(=O)[O-])c1,2
O=C1[CH]C(=O)NC(=O)N1,2
[O]P(=O)(O)Oc1ccc([N+](=O)[O-])cc1,2
O.[O]P(=O)(O)Oc1ccc([N+](=O)[O-])cc1,2
O=C1Nc2ccccc2C2(C(=O)[O-])C1C1C(=O)Nc3ccccc3C12C(=O)[O-],2
N#CC1=N[N]N=N1,2
c1ccc(-c2cc(-c3cccnc3)cc(-c3ccccn3)n2)nc1,2
O=C([O-])CNCCC1=NN=N[N]1,2
O=C([O-])CCC(NS(=O)(=O)c1ccccc1)C(=O)[O-],2
[O]S([O])([O])NC1CCCCC1,2
O=C([O-])c1ccc(-n2ccnc2)cc1C(=O)[O-],2
c1cncc(Cn2c(-c3ccc(-c4cccnc4)cc3)nc3ccccc32)c1,2
Brc1cnccn1,2
[O]P(=O)(O)OCC(O)C(=O)[O-],2
COc1cc(C(=O)[O-])ccc1-c1ccc(C(=O)[O-])cc1OC,2
O=C([O-])CNS(=O)(=O)c1cccc(C(=O)[O-])c1,2
[O]P(=O)(O)c1cc(C(=O)O)cc(C(=O)O)c1,2
[O]P(=O)(O)c1cc(C(=O)[O-])cc(C(=O)O)c1,2
O=C1[C]([N+](=O)[O-])C(=O)C(=O)[C]([N+](=O)[O-])C1=O,2
O=C([O-])Cn1nnc(-c2ncccn2)n1,2
Cc1nnnn1C,2
S=c1[nH]c(=S)[nH]c(=S)[nH]1,2
O=C([O-])c1ccc2ccc(C(=O)[O-])cc2c1,2
O=C(Nc1ccncc1)Nc1ccncc1,2
CCCCCCP([O])(=O)O,2
O=C1C([N+](=O)[O-])=C(O)[C]([N+](=O)[O-])C(O)=C1[N+](=O)[O-],2
O=C([O-])c1cc2oc(=O)c3cc(C(=O)[O-])cc4oc(=O)c(c1)c2c43,2
O=C([O-])c1cc(OCn2cncn2)cc(C(=O)[O-])c1,2
C=CCn1nnc(-c2cccnc2)n1,2
[O]P(=O)(O)C(O)C(=O)[O-],2
O=C([O-])c1cccc(-c2cc(C(=O)[O-])ccc2C(=O)[O-])c1,2
[O]P([O])(=O)C(O)(Cn1ccnc1)P([O])(=O)O,2
NC(=O)CCC(N)C(=O)[O-],2
C(=Nn1cnnc1)c1ccncc1,2
O=C(O)C1=CC([N+](=O)[O-])=C[C]([N+](=O)[O-])C1=O,2
O=C(O)C1=C[C]([N+](=O)[O-])C=C([N+](=O)[O-])C1=O,2
[O]C1=C[CH]NC=C1,2
O=C([O-])C(CCC(C(=O)[O-])N1[CH]C=CC=C1)N1[CH]C=CC=C1,2
Cc1nc(-c2ccncc2)sc1C(=O)[O-],2
O=C([O-])c1ccc(C(=O)[O-])c(-n2cnc3ccccc32)c1,2
O=C(O)c1cc2ccccc2nc1C(=O)[O-],2
[O]P([O])(=O)c1ccc2ccccc2n1,2
[O]P(=O)(O)Cc1cccc(C(=O)O)c1,2
c1cc(OCCOc2cccc(-n3cnnc3)c2)cc(-n2cnnc2)c1,2
[O]P(=O)(O)c1ccc(C(c2ccc(P([O])(=O)O)cc2)(c2ccc(P([O])(=O)O)cc2)c2ccc(P([O])(=O)O)cc2)cc1,2
c1cn2c(n1)n1ccnc1n1ccnc21,2
[O]P([O])(=O)[C]1C=CC=CN1,2
O=C1[N]NC(=O)c2ccccc21,2
O=C([O-])c1ccc(CN(Cc2ccc(C(=O)[O-])cc2)c2cc(C(=O)[O-])ccc2C(=O)O)cc1,2
O=C([O-])CN(CCN(CC(=O)[O-])CC(=O)[O-])CCN(CC(=O)O)CC(=O)O,2
O=C([O-])C=C(CC(=O)[O-])C(=O)O,2
c1ccc2c(c1)nnn2Cn1nnc2ccccc21,2
O=C1C([N+](=O)[O-])=C[C]([N+](=O)[O-])C(O)=C1[N+](=O)[O-],2
c1ccc2c(c1)nnn2Cc1ccc(Cn2nnc3ccccc32)cc1,2
O=C(NCc1ccncc1)c1ccncc1,2
NC(=O)NC(CCC(=O)[O-])C(=O)[O-],2
O=C1[C](Cl)C(=O)C(O)=C(Cl)C1=O,2
O=C([O-])c1cc(OCCOc2cc(C(=O)[O-])cc(C(=O)O)c2)cc(C(=O)[O-])c1,2
Cc1nnc(C)n1-c1cc(C(=O)[O-])cc(C(=O)[O-])c1,2
CCc1nnc(C)n1-c1cc(C(=O)[O-])cc(C(=O)[O-])c1,2
O=C(Nc1cccnc1)C1CCC(C(=O)Nc2cccnc2)CC1,2
O=C([O-])[C]1C=C(C(=O)[O-])N=N1,2
CCc1nc(C(=O)[O-])c(C(=O)O)[nH]1,2
Cc1cccnc1C1=NN=C(c2ccncc2)[N]1,2
O=C([O-])C1=CC=CN(Cc2cc(C(=O)[O-])cc(C(=O)[O-])c2)[CH]1,2
O=C([O-])CCN1CCN(CCC(=O)[O-])CC1,2
O=C([O-])c1ccc([N][N]c2cc(C(=O)[O-])cc(C(=O)[O-])c2)cc1,2
O=C([O-])c1ccc(C(c2ccc(C(=O)[O-])cc2)n2cncn2)cc1,2
[O]P([O])(=O)c1cnccn1,2
[N]c1cc(C(=O)[O-])[c]cc1C(=O)[O-],2
[O]c1ccc(S(=O)(=O)c2ccc([O])cc2)cc1,2
[O]c1ccc(S(=O)(=O)c2ccc(O)cc2)cc1,2
O=C(Nc1cccnc1)c1ccc2cc(C(=O)Nc3cccnc3)ccc2c1,2
O=C([O-])Cn1cnc2[nH]cnc2c1=O,2
c1cnc(C2=NN=C(c3cnccn3)[N]2)cn1,2
O=C([O-])CNC(=O)[C]1C=NN=C1,2
O=C([O-])CNC(=O)C1=C[N]N=C1,2
Cc1ccc2c(n1)C(=O)[N]NC2=O,2
[O]P(=O)(O)c1ccc(-c2ccc(P([O])(=O)O)cc2)cc1,2
O=P(O)(O)c1ccc(-c2ccc(P(=O)(O)O)cc2)cc1.[O]P(=O)(O)c1ccc(-c2ccc(P([O])(=O)O)cc2)cc1,2
NC1=NC([N+](=O)[O-])=N[N]1,2
[CH]1N=C[N]N1Cc1c(CN2[CH]N=C[N]2)c(CN2[CH]N=C[N]2)c(CN2[CH]N=C[N]2)c(CN2[CH]N=C[N]2)c1CN1[CH]N=C[N]1,2
c1cncc(CSc2nnc(SCc3cccnc3)s2)c1,2
O=C([O-])c1cc(Br)c[n+]([O-])c1,2
CC1=C([O])C([O])=C[CH]N1C,2
C(=Cc1ccc(C2C(c3ccncc3)C(c3ccc(C=Cc4ccncc4)cc3)C2c2ccncc2)cc1)c1ccncc1,2
[O]P(=O)(O)CN1CC(=O)N(CP([O])(=O)O)CC1=O,2
O=C([N]c1ccccc1)c1cccc(C(=O)[N]c2ccccc2)n1,2
CSC1=NN=N[N]1,2
[O]P(=O)(O)CC(=O)O,2
COc1c(-c2ccc(C(=O)[O-])cc2)cc(-c2ccc(C(=O)[O-])cc2)c(OC)c1-c1c(OC)c(-c2ccc(C(=O)[O-])cc2)cc(-c2ccc(C(=O)[O-])cc2)c1OC,2
O=C([O-])c1ccc(Oc2ccc(Oc3ccc(C(=O)[O-])c(C(=O)[O-])c3)cc2)cc1C(=O)[O-],2
N#Cc1cnc(C#N)cn1,2
Cc1cc(Cn2ccnc2)cc(Cn2ccnc2)c1,2
N#CC(C#N)=C(C#N)C#N,2
[O][PH2]=O,2
C1=NC=NC2=NC=N[C]12,2
O=C([O-])Cn1cnc(C(=O)[O-])n1,2
C1=CN=C(c2ccncc2)[N]1,2
[CH]1C=NC(c2ccncc2)=N1,2
C(C#CCn1ccnc1)#CCn1ccnc1,2
CC1=N[N]C(C)=C1c1ccc(C(=O)[O-])cc1,2
CC1=NN=C(C)[C]1c1ccc(C(=O)[O-])cc1,2
O=C([O-])c1ccc(C2=C3C=CC4=[N]3->[Mn]35<-[N]6=C(C=CC6=C(c6ccc(C(=O)[O-])cc6)c6ccc2[n]63)C(c2ccc(C(=O)[O-])cc2)=c2ccc([n]25)=C4c2ccc(C(=O)[O-])cc2)cc1,2
O=C([O-])c1ccc(OCCOc2ccc(C(=O)[O-])cc2)cc1,2
O=C([O-])C(F)(F)C(F)(F)C(F)(F)C(F)(F)C(=O)[O-],2
c1ccc(-c2nnc(-c3ccncc3)n2-c2ccncc2)nc1,2
O=C1[C]2N=NN=C2C(=O)C2=C1[N]N=N2,2
O=C([O-])c1ccc([C](C2=c3ccccc3=C3[CH]C=CC=C32)c2ccc(C(=O)[O-])cc2)cc1,2
CCC(C)Oc1cc(-c2ccncc2)c(OC(C)CC)cc1-c1ccncc1,2
O=C(OCC(COC(=O)c1ccncc1)(COC(=O)c1ccncc1)COC(=O)c1ccncc1)c1ccncc1,2
O=C([O-])c1cc(C(=O)[O-])c(-n2ccnc2)cc1-n1ccnc1,2
CCC(C(=O)[O-])=C(CC)C(=O)[O-],2
CCCC(=CC(=O)[O-])C(=O)[O-],2
O=C([O-])C=C(C(=O)[O-])c1ccccc1,2
O=C([O-])C(C(=O)O)=C(C(=O)[O-])C(=O)O,2
N#Cc1c(C(=O)[O-])ccc2ccc3c4cc(C(=O)[O-])ccc4ccc3c12,2
O=C([O-])C=C(Cl)C(=O)[O-],2
O=C([O-])C=C(C(=O)[O-])[N+](=O)[O-],2
O=C([O-])C=C(Br)C(=O)[O-],2
CCCC(=CC(=O)[O-])C(=CC(=O)[O-])CCC,2
CCCOC(=CC=C(OCCC)C(=O)[O-])C(=O)[O-],2
O=C([O-])C=CC=C(C(=O)[O-])C(=O)O,2
O=C([O-])C=CC=C(I)C(=O)[O-],2
N#CC(=CC=CC(=O)[O-])C(=O)[O-],2
CC(C=CC(=O)[O-])=CC(=O)[O-],2
O=C([O-])C(O)=CC=C(O)C(=O)[O-],2
COC(C#CC(=O)[O-])=CC#CC(=O)[O-],2
O=C([O-])C#CC=C(I)C#CC(=O)[O-],2
[O]S([O])(O)c1c(C(=O)[O-])c(S([O])([O])O)c2c(S([O])([O])O)c(Cl)c(C(=O)[O-])c(Cl)c2c1S([O])([O])O,2
[O]S([O])(O)c1c(C(=O)[O-])c(Cl)c2c(Cl)cc(C(=O)[O-])c(Cl)c2c1Cl,2
O=C([O-])c1ccc2cc(C(=O)[O-])c(O)cc2c1,2
CCCc1c(C(=O)[O-])ccc2cc(C(=O)[O-])ccc12,2
O=C([O-])c1ccc(C=Cc2ccc(C(=O)[O-])c(Cl)c2)cc1,2
O=C([O-])c1ccc2c(Cl)c(C(=O)[O-])ccc2c1,2
O=Cc1c(C(=O)[O-])ccc2cc(C(=O)[O-])ccc12,2
CCOc1cc(C(=O)[O-])c2ccccc2c1C(=O)[O-],2
COc1ccc2c(C(=O)[O-])ccc(C(=O)[O-])c2c1,2
O=C([O-])c1ccc(C(=O)[O-])c2c(O)cccc12,2
O=C([O-])c1cc(Br)c(C(=O)[O-])c2cc(Br)ccc12,2
O=Cc1cc2ccc3c(C(=O)[O-])cccc3c2cc1C(=O)[O-],2
O=Cc1cc2ccc(C(=O)[O-])cc2c2c(C=O)cc3ccc(C(=O)[O-])cc3c12,2
O=CC12C3(C#CC(=O)[O-])C4(C=O)C1(C=O)C1(C#CC(=O)[O-])C2(C=O)C3(C=O)C14C=O,2
O=C([O-])C(F)=CC=C(F)C(=O)[O-],2
CCCOC(C#CC(=O)[O-])=CC#CC(=O)[O-],2
CCCC(C#CC(=O)[O-])=CC#CC(=O)[O-],2
O=C([O-])C#CC=C(F)C#CC(=O)[O-],2
N#CC1CC2(C(=O)[O-])CCC1(C(=O)[O-])CC2,2
CNC1CC2(C(=O)[O-])CCC1(C(=O)[O-])CC2,2
O=C([O-])C12C3C4C1(O)C1C2C3(O)C41C(=O)[O-],2
CCCC12C3C4C5(CCC)C(C1C35C(=O)[O-])C42C(=O)[O-],2
NC12C3C4C5(N)C(C1C35C(=O)[O-])C42C(=O)[O-],2
N#CC12C3C4C5(C#N)C(C1C35C#CC(=O)[O-])C42C#CC(=O)[O-],2
O=C([O-])C#CC12C3C4C1(F)C1C2C3(F)C41C#CC(=O)[O-],2
CCC1Cc2c(C(=O)[O-])ccc(C(=O)[O-])c21,2
[O]S([O])(O)C1Cc2c(C(=O)[O-])ccc(C(=O)[O-])c21,2
O=C(O)c1cc(C(=O)[O-])c2c(c1C(=O)[O-])CC2C(=O)O,2
N#Cc1cc(C(=O)[O-])c2c(c1C(=O)[O-])CC2C#N,2
NC1c2c(C(=O)[O-])ccc(C(=O)[O-])c2C1N,2
O=Cc1cc(C(=O)[O-])c2c(c1C(=O)[O-])CC2,2
O=C([O-])c1ccc(C(=O)[O-])c2c1C(F)C2F,2
COC1Cc2c(C(=O)[O-])ccc(C(=O)[O-])c21,2
[O]S([O])(O)C1(C=O)C2(C#CC(=O)[O-])CCC(C#CC(=O)[O-])(C(C=O)C2C=O)C1(C=O)S([O])([O])O,2
COC12C3C4(OC)C5(OC)C(C1(OC)C35C(=O)[O-])C24C(=O)[O-],2
O=C([O-])C#CC12C3C4(O)C1(O)C1C2(O)C3(O)C14C#CC(=O)[O-],2
CNc1cc(C(=O)[O-])ccc1[N][N]c1ccc(C(=O)[O-])c(S([O])([O])O)c1,2
[O]S([O])(O)C1CC2(C(=O)[O-])CCC1(C(=O)[O-])CC2,2
O=C([O-])C12C3C4C5(C(=O)[O-])C(C1C35[N+](=O)[O-])C42[N+](=O)[O-],2
O=C([O-])C(Cl)=C(Cl)C(Cl)=C(Cl)C(=O)[O-],2
Cl[N][N]Cl,2
CCC(=CC=C(CC)C(=O)[O-])C(=O)[O-],2
CCN=NCC,2
O=C([O-])C(Br)=C(Br)C(=O)[O-],2
O=C([O-])c1cc2ccc3c(I)c(C(=O)[O-])cc4ccc(c1I)c2c43,2
IN=NI,2
O=C([O-])C#CC(=C(C#CC(=O)[O-])[N+](=O)[O-])[N+](=O)[O-],2
[NH][N]Br,2
O=C([O-])C=C(Cl)C=C(Cl)C(=O)[O-],2
COC(=CC=CC(=O)[O-])C(=O)[O-],2
O=C([O-])C=CC=C(C(=O)[O-])[N+](=O)[O-],2
CC(=CC=CC(=O)[O-])C(=O)[O-],2
CCCOC(=N)C=N,2
CCCOC(=CC=CC(=O)[O-])C(=O)[O-],2
N=CC=NBr,2
O=C([O-])C=C(Br)C(Br)=C(Br)C(=O)[O-],2
O=C([O-])c1ccc2ccc3c(ccc4ccc(C(=O)[O-])c([N+](=O)[O-])c43)c2c1,2
NC(C=CC(=O)[O-])=C(N)C(=O)[O-],2
O=C([O-])C=CC(Br)=C(Br)C(=O)[O-],2
O=C([O-])C=CC(=C(C(=O)[O-])[N+](=O)[O-])[N+](=O)[O-],2
O=C([O-])C=CC=C(Br)C(=O)[O-],2
O=C([O-])C12CCC(C(=O)[O-])(CC1)C(O)C2,2
O=C([O-])C#CC12CCC(C#CC(=O)[O-])(CC1)C(Br)C2,2
CCOC(C=CC(=O)[O-])=CC(=O)[O-],2
O=C([O-])C12C3C4C1C1(Cl)C2C3C41C(=O)[O-],2
N=CC(O)=NO,2
NC(=CC=CC(=O)[O-])C(=O)[O-],2
N=CC(=N)c1ccccc1,2
O=C([O-])c1cc(I)c2c(I)c(C(=O)[O-])cc(I)c2c1I,2
CCCOc1cc(C(=O)[O-])c2ccccc2c1C(=O)[O-],2
CCCC(=CC=C(CCC)C(=O)[O-])C(=O)[O-],2
O=C([O-])C(Cl)=CC=C(Cl)C(=O)[O-],2
O=C([O-])C=C(Br)C(Br)=CC(=O)[O-],2
O=C([O-])C12C3C4C1(Br)C1C2C3(Br)C41C(=O)[O-],2
CCc1cc(C(=O)[O-])ccc1C=Cc1ccc(C(=O)[O-])cc1CC,2
O=Cc1cc(C(=O)[O-])cc2c(C=O)cc(C(=O)[O-])cc12,2
O=C([O-])c1ccc2cc(C(=O)[O-])c([N+](=O)[O-])cc2c1,2
O=C([O-])c1cc(Cl)c2cc(C(=O)[O-])ccc2c1,2
O=C([O-])c1ccc2c(Br)c(C(=O)[O-])ccc2c1,2
O=C([O-])c1cc(I)c2cc(C(=O)[O-])cc(I)c2c1,2
O=C([O-])c1cc2cc([N+](=O)[O-])c(C(=O)[O-])cc2cc1[N+](=O)[O-],2
O=C([O-])c1cc(O)c(C(=O)[O-])c2ccccc12,2
O=C([O-])c1cc(Br)c(C(=O)[O-])c2ccccc12,2
O=C([O-])c1cc(F)c(C(=O)[O-])c2ccccc12,2
Cc1cc(C(=O)[O-])c2ccccc2c1C(=O)[O-],2
O=C([O-])c1ccc(C(=O)[O-])c2cc(Cl)ccc12,2
CCCc1cc(C(=O)[O-])ccc1-c1nnc(-c2ccc(C(=O)[O-])cc2)nn1,2
O=Cc1nccc2ccc3ncccc3c12,2
O=CC1CC2(C#CC(=O)[O-])CCC1(C#CC(=O)[O-])C(C=O)C2,2
[O]S([O])(O)c1c(C(=O)[O-])cc2ccc3c(S([O])([O])O)c(C(=O)[O-])cc4ccc1c2c43,2
O=Cc1cc2cc(C(=O)[O-])c(C=O)c3c(C=O)cc4cc(C(=O)[O-])c(C=O)c1c4c23,2
N#Cc1c(C(=O)[O-])cc2ccc3c(C#N)c(C(=O)[O-])cc4ccc1c2c43,2
O=C([O-])C#CC12C3C4C1(Cl)C1C2C3(Cl)C41C#CC(=O)[O-],2
O=C(O)c1c(C(=O)O)c2cncc3c(C(=O)O)c(C(=O)O)c4cncc1c4c23,2
Nc1cncc2c1ccc1c3cncc(N)c3ccc21,2
O=C([O-])c1cc(Br)c2ccc3c4cc(C(=O)[O-])cc(Br)c4ccc3c2c1,2
NC1CC2(C#CC(=O)[O-])CCC1(C#CC(=O)[O-])CC2,2
O=C([O-])C#CC12C3C4(c5ccccc5)C5(C#CC(=O)[O-])C(C1(c1ccccc1)C35[N+](=O)[O-])C24[N+](=O)[O-],2
O=C([O-])c1ccc(C=Cc2ccc(C(=O)[O-])cc2C(=O)O)c(C(=O)O)c1,2
O=C([O-])C#CC(O)=C(O)C#CC(=O)[O-],2
CCC(C#CC(=O)[O-])=C(C#CC(=O)[O-])CC,2
O=C([O-])C#CC12C(F)C(F)C(C#CC(=O)[O-])(C(F)C1F)C(F)(F)C2(F)F,2
O=C([O-])C12C3C4(Cl)C1(Cl)C1C2(Cl)C3(Cl)C14C(=O)[O-],2
CNc1cnc(NC)cn1,2
CCc1cnc(CC)cn1,2
COc1c(C=O)c(C(=O)[O-])c(OC)c(C=O)c1C(=O)[O-],2
O=Cc1cnc(C=O)cn1,2
N#Cc1c(C#N)c(C(=O)[O-])c(C#N)c(C#N)c1C(=O)[O-],2
O=C([O-])c1ccc(C(=O)[O-])c([N+](=O)[O-])c1[N+](=O)[O-],2
[O]S([O])(O)c1c(C(=O)[O-])c(S([O])([O])O)c(S([O])([O])O)c(C(=O)[O-])c1S([O])([O])O,2
O=C([O-])c1ccc(C(=O)[O-])c(-c2ccccc2)c1,2
O=Cc1cc(C(=O)[O-])ccc1C(=O)[O-],2
CCCc1cc(C(=O)[O-])c(CCC)cc1C(=O)[O-],2
CCCc1cnc(CCC)cn1,2
CCc1cc(C(=O)[O-])c(CC)cc1C(=O)[O-],2
O=C([O-])c1cc(F)c(-c2c(F)cc(C(=O)[O-])cc2F)c(F)c1,2
Fc1cncc(F)n1,2
O=C([O-])c1ccc(C(=O)[O-])c2c1C([N+](=O)[O-])C2[N+](=O)[O-],2
O=Cc1cc(C(=O)[O-])cc(C=O)c1C#Cc1c(C=O)cc(C(=O)[O-])cc1C=O,2
CNc1cc([N][N]c2ccc(C(=O)[O-])c(NC)c2)ccc1C(=O)[O-],2
Clc1cnc(Cl)cn1,2
O=CC1C(C=O)C2(C(=O)[O-])CCC1(C(=O)[O-])C(C=O)C2C=O,2
CC12C3C4C5(C)C(C1C35C#CC(=O)[O-])C42C#CC(=O)[O-],2
N#CC(Cl)=C(Cl)C#N,2
CCCOC(C#CC(=O)[O-])=C(C#CC(=O)[O-])OCCC,2
CCCOC(C#N)=C(C#N)OCCC,2
O=C([O-])C#CC(Cl)=C(Cl)C#CC(=O)[O-],2
O=C([O-])C12CCC(C(=O)[O-])(C(I)C1)C(I)C2,2
O=C([O-])C#CC12CCC(C#CC(=O)[O-])(C(C(=O)O)C1)C(C(=O)O)C2,2
O=C([O-])C12CCC(C(=O)[O-])(CC1)C(Br)C2,2
O=C([O-])c1ccc(C2=N[N]C(c3ccc(C(=O)[O-])c(O)c3)=N[N]2)cc1O,2
O=C([O-])C12CC(F)(F)C(C(=O)[O-])(CC1F)CC2F,2
N#CC12CCC(C#N)(CC1)CC2,2
CCOC1C(OCC)C2(C#N)CCC1(C#N)CC2,2
O=C([O-])C#CC12CCC(C#CC(=O)[O-])(C(F)C1)C(F)C2,2
N#CC1CC2(C#CC(=O)[O-])CCC1(C#CC(=O)[O-])C(C#N)C2,2
N#CC12CCC(C#N)(CC1)C(Cl)C2Cl,2
O=C([O-])C#CC12C3C4C1(O)C1C2C3(O)C41C#CC(=O)[O-],2
N#CC12C3C4(O)C1(O)C1C2(O)C3(O)C14C#N,2
O=C([O-])C#CC12C3C4C5(C#CC(=O)[O-])C(C1C35[N+](=O)[O-])C42[N+](=O)[O-],2
Nc1cc2c3c(c(N)cc4c3c1C(=O)N(c1ccc(C(=O)[O-])cc1)C4=O)C(=O)N(c1ccc(C(=O)[O-])cc1)C2=O,2
O=C([O-])c1c(O)cc(-c2cc(O)c(C(=O)[O-])c(O)c2)cc1O,2
CCCOc1cc(-c2ccc(C(=O)[O-])c(OCCC)c2)ccc1C(=O)[O-],2
Oc1cc(-c2ccnc(O)c2)ccn1,2
Nc1cc(-c2ccnc(N)c2)ccn1,2
CCOc1cncc(OCC)c1-c1c(OCC)cncc1OCC,2
Fc1cncc(F)c1-c1c(F)cncc1F,2
N#Cc1cc(-c2cc(C#N)c(C(=O)[O-])c(C#N)c2)cc(C#N)c1C(=O)[O-],2
c1ccc(-c2cc(-c3ccnc(-c4ccccc4)c3)ccn2)cc1,2
Clc1cnccc1-c1ccncc1Cl,2
CCOc1cc(C(=O)[O-])cc(OCC)c1-c1ccc(-c2c(OCC)cc(C(=O)[O-])cc2OCC)cc1,2
O=C([O-])C#Cc1c(F)c(F)c(C#CC(=O)[O-])c(F)c1F,2
COc1cc(-c2cc(OC)c(C(=O)[O-])c(OC)c2)cc(OC)c1C(=O)[O-],2
N#Cc1cc(C(=O)[O-])ccc1-c1ccc(C(=O)[O-])cc1C#N,2
[O]S([O])(O)c1cc(C#CC(C#Cc2c(S([O])([O])O)cc(C(=O)[O-])c(F)c2F)(C#Cc2c(F)c(F)c(C(=O)[O-])c(F)c2S([O])([O])O)C#Cc2c(S([O])([O])O)cc(C(=O)[O-])c(S([O])([O])O)c2S([O])([O])O)c(F)cc1C(=O)[O-],2
O=Cc1cc(-c2ccc(-c3ccnc(C=O)c3)cc2)ccn1,2
CCc1c(CC)c(-c2ccncc2)c(CC)c(CC)c1-c1ccncc1,2
O=C([O-])c1ccc(-c2ccc(-c3ccc(C(=O)[O-])c([N+](=O)[O-])c3)cc2)cc1[N+](=O)[O-],2
N#Cc1cc(-c2ccc(-c3cc(C#N)nc(C#N)c3)cc2)cc(C#N)n1,2
O=C([O-])C#Cc1c(I)c(I)c(C#CC(=O)[O-])c(I)c1I,2
CCCOC1Cc2c(C(=O)[O-])ccc(C(=O)[O-])c21,2
O=C([O-])c1cc(I)c(C(=O)[O-])c2c1CC2,2
Fc1cnc2c(n1)CC2F,2
BrC1Cc2nccnc21,2
O=C([O-])c1c2ccccc2c(C(=O)[O-])c2cc([N+](=O)[O-])ccc12,2
O=C([O-])c1ccc(C(=O)[O-])c2c1C(O)C2O,2
NC1Cc2nccnc21,2
FC1Cc2nccnc21,2
NC(C#CC(=O)[O-])=CC#CC(=O)[O-],2
CNC1Cc2c(C(=O)[O-])ccc(C(=O)[O-])c21,2
CNc1cnc2c(n1)C(NC)C2,2
CCOC1Cc2nccnc21,2
O=CC1CC2(C(=O)[O-])CCC1(C(=O)[O-])CC2,2
O=C([O-])C#CC12C3C4C1C1(C(=O)O)C2C3C41C#CC(=O)[O-],2
O=C([O-])C#CC12C3C4C1C1([N+](=O)[O-])C2C3C41C#CC(=O)[O-],2
Brc1cnc2c(n1)CC2,2
O=C([O-])C#Cc1ccc(C#CC(=O)[O-])c(Br)c1,2
CCOc1cc(C#Cc2ccc(C(=O)[O-])c(OCC)c2)ccc1C(=O)[O-],2
O=C(O)c1cnc2c(n1)CC2,2
CCc1c(C#N)c(CC)c(CC)c(C#N)c1CC,2
Cc1cc(C#N)c(C)cc1C#N,2
O=C([O-])C#Cc1cc(O)c(C#CC(=O)[O-])c(O)c1,2
O=C([O-])C#Cc1c(O)c(O)c(C#CC(=O)[O-])c(O)c1O,2
O=C([O-])C#Cc1cc(O)c(C#CC(=O)[O-])cc1O,2
O=C(O)c1cc(C(=O)[O-])c(C(=O)O)cc1C#Cc1cc(C(=O)O)c(C(=O)[O-])cc1C(=O)O,2
Clc1cc(C#Cc2cc(Cl)nc(Cl)c2)cc(Cl)n1,2
O=C([O-])c1ccc(C#Cc2ccc(C(=O)[O-])c([N+](=O)[O-])c2[N+](=O)[O-])c([N+](=O)[O-])c1[N+](=O)[O-],2
Nc1cc(C#Cc2ccnc(N)c2)ccn1,2
NC12C3C4C5(N)C(C1C35C#CC(=O)[O-])C42C#CC(=O)[O-],2
CNc1cc(N2C(=O)c3ccc4c5c(ccc(c35)C2=O)C(=O)N(c2ccc(C(=O)[O-])c(NC)c2)C4=O)ccc1C(=O)[O-],2
O=C(O)c1cc([N][N]c2ccnc(C(=O)O)c2)ccn1,2
Oc1cnccc1N=Nc1ccncc1O,2
CCCC1CC2(C#CC(=O)[O-])CCC1(C#CC(=O)[O-])CC2,2
[O]S([O])(O)C1CC2(C#CC(=O)[O-])C(Cl)CC1(C#CC(=O)[O-])C(Cl)C2Cl,2
NC1C(N)C2(C#CC(=O)[O-])CCC1(C#CC(=O)[O-])C(N)C2(N)S([O])([O])O,2
Nc1cc2cc(C(=O)[O-])cc3ccc4cc(C(=O)[O-])cc1c4c32,2
[O]S([O])(O)C12C3C4C5C(C1C53C#CC(=O)[O-])C42C#CC(=O)[O-],2
COC12C3C4C5C(C41C#CC(=O)[O-])C2(OC)C53C#CC(=O)[O-],2
COc1cc2cc(C(=O)[O-])cc3c(OC)cc4cc(C(=O)[O-])cc1c4c23,2
CCOC1CC2(C#CC(=O)[O-])CCC1(C#CC(=O)[O-])CC2,2
O=C([O-])C#CC12CCC(C#CC(=O)[O-])(C(Cl)C1)C(Cl)C2Cl,2
N#CC1CC2(C#CC(=O)[O-])CCC1(C#CC(=O)[O-])CC2,2
N#CC12C3C4C5C(C1C53C#CC(=O)[O-])C42C#CC(=O)[O-],2
CC12C3C4C5(C)C3(C#CC(=O)[O-])C1(C)C5(C)C42C#CC(=O)[O-],2
CCC12C3C4C5C(C1C53C#CC(=O)[O-])C42C#CC(=O)[O-],2
O=CC12C3C4C5C(C1C53C#CC(=O)[O-])C42C#CC(=O)[O-],2
O=C([O-])C#CC12C3C4C1C1(Br)C2C3C41C#CC(=O)[O-],2
[O]S([O])(O)C12C3C4C5C(C41C#CC(=O)[O-])C2(S([O])([O])O)C53C#CC(=O)[O-],2
CCCOC1CC2(C#CC(=O)[O-])CCC1(C#CC(=O)[O-])CC2,2
CNc1cc(C2=N[N]C(c3ccc(C(=O)[O-])cc3)=N[N]2)ccc1C(=O)[O-],2
CNc1cc(C(=O)[O-])ccc1-c1ccc(C(=O)[O-])cc1,2
O=C([O-])c1ccc(-c2ccc(C(=O)[O-])c(-c3ccccc3)c2)cc1,2
O=C([O-])c1ccc(-c2ccc(C(=O)[O-])cc2F)cc1,2
CCCc1cc(C#CC(=O)[O-])ccc1C#CC(=O)[O-],2
O=C([O-])C#Cc1ccc(C#CC(=O)[O-])c(I)c1I,2
O=C([O-])C#Cc1ccc(C#CC(=O)[O-])c(C(=O)O)c1,2
O=C([O-])C#Cc1cc(Cl)c(C#CC(=O)[O-])c(Cl)c1Cl,2
O=C([O-])C#Cc1ccc(C#CC(=O)[O-])c([N+](=O)[O-])c1,2
O=Cc1cc2cc(C(=O)[O-])ccc2cc1C(=O)[O-],2
O=C([O-])c1cc2ccc3c(Br)c(C(=O)[O-])cc4ccc(c1Br)c2c43,2
CCCOc1cc2ccc(C(=O)[O-])cc2c2c(OCCC)cc3ccc(C(=O)[O-])cc3c12,2
O=C([O-])C12CCC(C(=O)[O-])(CC1I)C(I)C2,2
O=C([O-])C12C3C4C1C1(O)C2C3C41C(=O)[O-],2
[O]S([O])(O)C12C3(C#CC(=O)[O-])C4(S([O])([O])O)C1(S([O])([O])O)C1(C#CC(=O)[O-])C2(S([O])([O])O)C3(S([O])([O])O)C14S([O])([O])O,2
Nc1cc(C(=O)[O-])ccc1-c1ccc(-c2ccc(C(=O)[O-])cc2N)cc1,2
O=C([O-])c1ccc(-c2ccc(-c3ccc(C(=O)[O-])c(O)c3)cc2)cc1O,2
CNc1cc(C#CC(=O)[O-])c(NC)cc1C#CC(=O)[O-],2
O=Cc1cc(C#CC(=O)[O-])c(C=O)cc1C#CC(=O)[O-],2
[O]S([O])(O)c1c(O)c(C(=O)[O-])c2c(S([O])([O])O)c(S([O])([O])O)c3c(S([O])([O])O)cc(C(=O)[O-])c(S([O])([O])O)c3c2c1O,2
COc1c(F)c(C(=O)[O-])c(OC)c(OC)c1[N][N]c1c(OC)c(F)c(C(=O)[O-])c(OC)c1OC,2
[CH]1N=NC=C1C12C3C4C1C1C2C3C41[C]1C=NN=C1,2
[CH]1N=NC=C1C=CC=C[C]1C=NN=C1,2
[CH](C=C[C]1C=NN=C1)C=C1C=NN=C1,2
C1=N[N]C=C1C12CCC([C]3C=NN=C3)(CC1)CC2,2
[CH](C=CC=C1C=NN=C1)C1=C[N]N=C1,2
[CH]1N=NC=C1c1ccc2cc([C]3C=NN=C3)ccc2c1,2
[CH]1N=NC=C1c1ccc2cc(C3=C[N]N=C3)ccc2c1,2
[CH]1N=NC=C1c1ccc(C=Cc2ccc([C]3C=NN=C3)cc2)cc1,2
C(#C[C]1C=NN=C1)C=CC#CC1=C[N]N=C1,2
C(C#CC1=C[N]N=C1)#C[C]1C=NN=C1,2
C(C#CC1=C[N]N=C1)#CC1=C[N]N=C1,2
[CH]([CH]C1=CN=N[CH]1)[C]1C=NN=C1,2
[CH]([CH]C1=CN=N[CH]1)C=CC1=CN=N[CH]1,2
C(C=CC1=C[N]N=C1)=CC1=C[N]N=C1,2
O=C(O)C1=C(c2ccc(C3=C[N]N=C3)cc2)[CH]N=N1,2
C1=NN=C[C]1c1cc(-c2ccccc2)c([C]2C=NN=C2)cc1-c1ccccc1,2
COC1=NN=C[C]1C#CC#CC#C[C]1C=NN=C1OC,2
C(#CC#CC1=CN=N[CH]1)C#C[C]1C=NN=C1,2
C(#CC#CC1=C[N]N=C1)C#CC1=CN=N[CH]1,2
C(#CC12CCC(C#CC3=C[N]N=C3)(CC1)CC2)C1=CN=N[CH]1,2
ClC1=C(C#CC#CC#CC2=C[N]N=C2)C=N[N]1,2
O=C(O)C1=NN=C[C]1C#CC#CC#CC1=C[N]N=C1C(=O)O,2
C(#CC12C3C4C1C1C2C3C41C#CC1=CN=N[CH]1)C1=CN=N[CH]1,2
C(#CC12C3C4C1C1C2C3C41C#CC1=C[N]N=C1)C1=CN=N[CH]1,2
[C]1=CN=N[CH]1,2
O=[N+]([O-])c1cc([C]2C=NN=C2)ccc1-c1ccc(C2=C[N]N=C2)cc1,2
C1=N[N]C=C1c1ccc(-c2ccc([C]3C=NN=C3)cc2)cc1,2
COC1=NN=C[C]1c1ccc([N][N]c2ccc([C]3C=NN=C3)cc2)cc1,2
ClC1Cc2c(C3=CN=N[CH]3)ccc([C]3C=NN=C3)c21,2
Cc1cc([C]2C=NN=C2)c2c(c1C1=C[N]N=C1)CC2,2
[CH]1N=NC=C1c1ccc([C]2C=NN=C2)c2c1CC2,2
[CH]1N=NC=C1C12C3C4C1C1C2C3C41C1=CN=N[CH]1,2
C(#Cc1ccc(C#CC2=CN=N[CH]2)cc1)[C]1C=NN=C1,2
C(#Cc1ccc(C#CC2=C[N]N=C2)cc1)C1=CN=N[CH]1,2
C(#Cc1ccc(C#CC2=C[N]N=C2)cc1)C1=C[N]N=C1,2
C(#Cc1ccc(C#CC2=CN=N[CH]2)cc1)C1=CN=N[CH]1,2
[CH]1N=NC=C1c1cc2ccc3cc([C]4C=NN=C4)cc4ccc(c1)c2c34,2
[CH]1N=NC=C1c1cc2ccc3cc(C4=C[N]N=C4)cc4ccc(c1)c2c34,2
C1=N[N]C=C1c1cc(-c2ccccc2)c(C2=C[N]N=C2)cc1-c1ccccc1,2
O=C(Nc1ccncc1)N1CCN(C(=O)Nc2ccncc2)CCN(C(=O)Nc2ccncc2)CCN(C(=O)Nc2ccncc2)CC1,2
c1cc(-c2cc(Oc3cc(-c4ccncc4)cc(-c4ccncc4)c3)cc(-c3ccncc3)c2)ccn1,2
O=C([O-])c1cc(NC(=O)c2ccc(C(=O)Nc3cc(C(=O)[O-])cc(C(=O)[O-])c3)cc2)cc(C(=O)[O-])c1,2
CC1=Nc2ncnn2C(=O)[CH]1,2
O=C([O-])C12c3ccccc3C(C(=O)[O-])(c3ccccc31)c1ccccc12,2
[CH]1N=C[N]N1c1ccc(N(c2ccc(N3[CH]N=C[N]3)cc2)c2ccc(-n3cncn3)cc2)cc1,2
O=C([O-])c1ccc(-n2cnc3cc4ccccc4cc32)cc1,2
CC(C)(C)c1cc2c(OCc3cccnc3)c(c1)Sc1cc(C(C)(C)C)cc(c1OCc1cccnc1)Sc1cc(C(C)(C)C)cc(c1OCc1cccnc1)Sc1cc(C(C)(C)C)cc(c1OCc1cccnc1)S2,2
O=C([O-])c1ccc(C(=O)[O-])c2c1OCO2,2
C1CC2CCc3nnc4c5c6c7c(nnc1c7c2c35)CCC6CC4,2
O=C([O-])c1cc(C(=O)[O-])c(C(=O)[O-])c(C(=O)[O-])c1C(=O)[O-],2
[CH]1N=NC=C1c1cc([C]2C=NN=C2)cc(C2=C[N]N=C2)c1,2
COc1ccc(C(=O)[O-])cc1OS([O])([O])c1ccc(C(=O)[O-])cc1,2
CCOc1cc(C(=O)[O-])c2cc(Cl)ccc2c1-c1c(OCC)cc(C(=O)[O-])c2cc(Cl)ccc12,2
CC1=N[N]C(C)=C1C(=O)[O-],2
CC1=NN=C(C)[C]1C(=O)[O-],2
O=C([O-])c1c(F)c(F)c(C=Cc2c(F)c(F)c(C(=O)[O-])c(F)c2F)c(F)c1F,2
O=C([O-])c1ccc(C(=C(c2ccc(C(=O)[O-])cc2)[N+](=O)[O-])[N+](=O)[O-])cc1,2
O=C([O-])c1c([N+](=O)[O-])c([N+](=O)[O-])c(C=Cc2c([N+](=O)[O-])c([N+](=O)[O-])c(C(=O)[O-])c([N+](=O)[O-])c2[N+](=O)[O-])c([N+](=O)[O-])c1[N+](=O)[O-],2
O=C([O-])c1ccc([N][N]c2cc(F)c(C(=O)[O-])c(F)c2)c(F)c1F,2
O=C([O-])c1c(F)c(F)c(N=Nc2c(F)c(F)c(C(=O)[O-])c(F)c2F)c(F)c1F,2
O=C([O-])c1ccc([N][N]c2cc([N+](=O)[O-])c(C(=O)[O-])c([N+](=O)[O-])c2)c([N+](=O)[O-])c1[N+](=O)[O-],2
O=C([O-])c1ccc([N][N]c2ccc(C(=O)[O-])c(Br)c2)cc1Br,2
O=C([O-])c1c([N+](=O)[O-])c([N+](=O)[O-])c(N=Nc2c([N+](=O)[O-])c([N+](=O)[O-])c(C(=O)[O-])c([N+](=O)[O-])c2[N+](=O)[O-])c([N+](=O)[O-])c1[N+](=O)[O-],2
O=C([O-])c1ccc(N=Nc2cc(O)c(C(=O)[O-])c(O)c2)c(O)c1O,2
Cc1cc([N][N]c2ccc(C(=O)[O-])c(C)c2C)cc(C)c1C(=O)[O-],2
Cc1c(C)c(C(=O)[O-])c(C)c(C)c1C#Cc1c(C)c(C)c(C(=O)[O-])c(C)c1C,2
O=C(O)c1c(C#Cc2c(C(=O)O)c(C(=O)O)c(C(=O)[O-])c(C(=O)O)c2C(=O)O)c(C(=O)O)c(C(=O)O)c(C(=O)[O-])c1C(=O)O,2
O=C([O-])c1c([N+](=O)[O-])c([N+](=O)[O-])c(C#Cc2c([N+](=O)[O-])c([N+](=O)[O-])c(C(=O)[O-])c([N+](=O)[O-])c2[N+](=O)[O-])c([N+](=O)[O-])c1[N+](=O)[O-],2
O=C([O-])c1ccc(-c2ccc(C(=O)[O-])c(C(=O)O)c2)cc1C(=O)O,2
O=C([O-])c1ccc(N(c2ccc(C(=O)[O-])c(F)c2)c2ccc(C(=O)[O-])c(F)c2)cc1F,2
Nc1cc(N(c2ccc(C(=O)[O-])c(N)c2)c2ccc(C(=O)[O-])c(N)c2)ccc1C(=O)[O-],2
O=C([O-])c1ccc(N(c2ccc(C(=O)[O-])c([N+](=O)[O-])c2)c2ccc(C(=O)[O-])c([N+](=O)[O-])c2)cc1[N+](=O)[O-],2
O=C([O-])c1ccc(N(c2ccc(C(=O)[O-])c(O)c2)c2ccc(C(=O)[O-])c(O)c2)cc1O,2
O=C([O-])c1ccc(N(c2ccc(C(=O)[O-])c(Br)c2)c2ccc(C(=O)[O-])c(Br)c2)cc1Br,2
Cc1cc(N(c2ccc(C(=O)[O-])c(C)c2)c2ccc(C(=O)[O-])c(C)c2)ccc1C(=O)[O-],2
O=C([O-])c1ccc(N(c2ccc(C(=O)[O-])c(Cl)c2)c2ccc(C(=O)[O-])c(Cl)c2)cc1Cl,2
O=C([O-])c1ccc(N(c2ccc(C(=O)[O-])c(C(=O)O)c2)c2ccc(C(=O)[O-])c(C(=O)O)c2)cc1C(=O)O,2
O=C(O)c1cc(N(c2cc(C(=O)O)c(C(=O)[O-])c(C(=O)O)c2)c2cc(C(=O)O)c(C(=O)[O-])c(C(=O)O)c2)cc(C(=O)O)c1C(=O)[O-],2
O=C([O-])c1ccc(-c2cc(-c3ccc(C(=O)[O-])c(F)c3)cc(-c3ccc(C(=O)[O-])c(F)c3)c2)cc1F,2
O=C([O-])c1c(F)cc(-c2cc(-c3cc(F)c(C(=O)[O-])c(F)c3)cc(-c3cc(F)c(C(=O)[O-])c(F)c3)c2)cc1F,2
O=C([O-])c1c(F)c(F)c(-c2cc(-c3c(F)c(F)c(C(=O)[O-])c(F)c3F)cc(-c3c(F)c(F)c(C(=O)[O-])c(F)c3F)c2)c(F)c1F,2
Nc1cc(-c2cc(-c3ccc(C(=O)[O-])c(N)c3)cc(-c3ccc(C(=O)[O-])c(N)c3)c2)ccc1C(=O)[O-],2
Nc1cc(-c2cc(-c3cc(N)c(C(=O)[O-])c(N)c3)cc(-c3cc(N)c(C(=O)[O-])c(N)c3)c2)cc(N)c1C(=O)[O-],2
O=C([O-])c1ccc(-c2cc(-c3ccc(C(=O)[O-])c(Br)c3)cc(-c3ccc(C(=O)[O-])c(Br)c3)c2)cc1Br,2
O=C([O-])c1c(O)cc(-c2cc(-c3cc(O)c(C(=O)[O-])c(O)c3)cc(-c3cc(O)c(C(=O)[O-])c(O)c3)c2)cc1O,2
O=C([O-])c1c(Br)cc(-c2cc(-c3cc(Br)c(C(=O)[O-])c(Br)c3)cc(-c3cc(Br)c(C(=O)[O-])c(Br)c3)c2)cc1Br,2
Cc1cc(-c2cc(-c3cc(C)c(C(=O)[O-])c(C)c3)cc(-c3cc(C)c(C(=O)[O-])c(C)c3)c2)cc(C)c1C(=O)[O-],2
O=C([O-])c1ccc(-c2cc(-c3ccc(C(=O)[O-])c(Cl)c3)cc(-c3ccc(C(=O)[O-])c(Cl)c3)c2)cc1Cl,2
O=C([O-])c1c(Cl)cc(-c2cc(-c3cc(Cl)c(C(=O)[O-])c(Cl)c3)cc(-c3cc(Cl)c(C(=O)[O-])c(Cl)c3)c2)cc1Cl,2
O=C([O-])c1c(Cl)c(Cl)c(-c2cc(-c3c(Cl)c(Cl)c(C(=O)[O-])c(Cl)c3Cl)cc(-c3c(Cl)c(Cl)c(C(=O)[O-])c(Cl)c3Cl)c2)c(Cl)c1Cl,2
O=[N+]([O-])C(=C(c1ccncc1)[N+](=O)[O-])c1ccncc1,2
BrC(=C(Br)c1ccncc1)c1ccncc1,2
Fc1cc([N][N]c2ccnc(F)c2F)cc(F)n1,2
Clc1cnccc1C#Cc1ccncc1Cl,2
Fc1cc(C#Cc2ccnc(F)c2)ccn1,2
Fc1cnccc1C#Cc1ccncc1F,2
Nc1c(N)c2cc(C(=O)[O-])cc3c(N)c(N)c4cc(C(=O)[O-])cc1c4c23,2
O=C([O-])c1ccc(C=Cc2cc(F)c(C(=O)[O-])c(F)c2)c(F)c1F,2
Fc1cc(C=Cc2ccnc(F)c2F)cc(F)n1,2
Clc1nc(Cl)c(Cl)c(C=Cc2c(Cl)c(Cl)nc(Cl)c2Cl)c1Cl,2
Oc1cc(C=Cc2ccnc(O)c2)ccn1,2
Cc1nc(C)c(C)c(C=Cc2c(C)c(C)nc(C)c2C)c1C,2
O=C([O-])c1ccc(C=Cc2cc(Br)c(C(=O)[O-])c(Br)c2)c(Br)c1Br,2
Brc1cc(C=Cc2ccnc(Br)c2Br)cc(Br)n1,2
O=C([O-])c1ccc([N][N]c2cc(Br)c(C(=O)[O-])c(Br)c2)c(Br)c1Br,2
Clc1cc([N][N]c2ccnc(Cl)c2)ccn1,2
Oc1cc([N][N]c2ccnc(O)c2)ccn1,2
Clc1nc(Cl)c(Cl)nc1Cl,2
Cc1cc(C#Cc2ccnc(C)c2)ccn1,2
Fc1nc(F)c(F)c(C#Cc2c(F)c(F)nc(F)c2F)c1F,2
Nc1cnccc1C#Cc1ccncc1N,2
Brc1cc(-c2ccnc(Br)c2)ccn1,2
Oc1cc2cncc3c(O)cc4cncc1c4c23,2
Cc1c(C)c2cncc3c(C)c(C)c4cncc1c4c23,2
Fc1c(F)c2cncc3c(F)c(F)c4cncc1c4c23,2
Oc1nsc2c(O)nsc12,2
Nc1cnc2c(n1)CC2,2
Fc1nc2c(nc1F)CC2,2
Cc1cncc2c(C)cncc12,2
O=C([O-])c1ccc(-c2cc(-c3ccc(C(=O)O)cc3)c3ccc4c(-c5ccc(C(=O)[O-])cc5)cc(-c5ccc(C(=O)O)cc5)c5ccc2c3c45)cc1,2
O=C([O-])C#Cc1cc2c#cc3cc4c#cc5cc(C#CC(=O)[O-])cc(c#cc6cc7c#cc8cc(C#CC(=O)[O-])cc(c#cc9cc(c#cc(c1)c2)c1c#cc2cc(C#CC(=O)[O-])cc(c#cc6cc7c#cc6cc(C#CC(=O)[O-])cc(c#cc3cc4c#cc3cc(C#CC(=O)[O-])cc(c#cc9c1)c3)c6)c2)c8)c5,2
O=C([O-])C=Cc1ccc(C=Cc2ccc(C=CC(=O)[O-])n2C=CC(=O)[O-])n1C=CC(=O)[O-],2
O=C([O-])C#Cc1ccc(C#Cc2ccc(C#CC(=O)[O-])n2C#CC(=O)[O-])n1C#CC(=O)[O-],2
O=C([O-])c1cc(F)c(C(c2cc(F)c(C(=O)[O-])cc2F)(c2cc(F)c(C(=O)[O-])cc2F)c2cc(F)c(C(c3cc(F)c(C(=O)[O-])cc3F)(c3cc(F)c(C(=O)[O-])cc3F)c3cc(F)c(C(=O)[O-])cc3F)cc2F)cc1F,2
N#Cc1c(C#N)c(-c2cc(-c3c(C#N)c(C#N)c(C(=O)[O-])c(C#N)c3C#N)c(-c3c(C#N)c(C#N)c(C(=O)[O-])c(C#N)c3C#N)cc2-c2c(C#N)c(C#N)c(C(=O)[O-])c(C#N)c2C#N)c(C#N)c(C#N)c1C(=O)[O-],2
O=C([O-])c1cc(S)c(-c2cc3cc(c2)c2cc(S)c(cc2S)c2cc4c5cc(S)c(cc5S)c5cc(-c6cc(S)c(C(=O)[O-])cc6S)cc(c5)c5cc(S)c(cc5S)c4cc2c2cc(S)c3cc2S)cc1S,2
O=C([O-])c1c(Br)c(Br)c(-c2cc3cc(c2)c2c(Br)c(Br)c(c(Br)c2Br)c2cc4c5c(Br)c(Br)c(c(Br)c5Br)c5cc(-c6c(Br)c(Br)c(C(=O)[O-])c(Br)c6Br)cc(c5)c5c(Br)c(Br)c(c(Br)c5Br)c4cc2c2c(Br)c(Br)c3c(Br)c2Br)c(Br)c1Br,2
O=C([O-])C#Cc1cc2cc(c1)C#Cc1cc3c(cc1C#C2)C#Cc1cc(C#CC(=O)[O-])cc(c1)C#C3,2
O=C([O-])C#Cc1ccc2c#cc3cc4c#cn5c(C#CC(=O)[O-])ccc5c#cc4cc3c#cn12,2
O=C([O-])c1ccc2cc(-c3cc(-c4ccc5cc(C(=O)[O-])ccc5c4)c(-c4ccc5cc(C(=O)[O-])ccc5c4)cc3-c3ccc4cc(C(=O)[O-])ccc4c3)ccc2c1,2
O=C([O-])c1c(Br)c(Br)c(-c2cc(-c3c(Br)c(Br)c(C(=O)[O-])c(Br)c3Br)cc(-c3c(Br)c(Br)c(-c4cc(-c5c(Br)c(Br)c(C(=O)[O-])c(Br)c5Br)cc(-c5c(Br)c(Br)c(C(=O)[O-])c(Br)c5Br)c4)c(Br)c3Br)c2)c(Br)c1Br,2
O=C([O-])c1ccc(-c2cc(-c3ccc(C(=O)[O-])cc3)cc(-c3ccc(-c4cc(-c5ccc(C(=O)[O-])cc5)cc(-c5ccc(C(=O)[O-])cc5)c4)cc3)c2)cc1,2
O=C([O-])c1cc(F)c([C]2C=C[C](c3cc(F)c(C(=O)[O-])cc3F)N2c2cc(F)c(N3[C](c4cc(F)c(C(=O)[O-])cc4F)C=C[C]3c3cc(F)c(C(=O)[O-])cc3F)cc2F)cc1F,2
O=C([O-])c1cc(F)c(-c2ccc(-c3cc(F)c(C(=O)[O-])cc3F)n2-c2cc(F)c(-n3c(-c4cc(F)c(C(=O)[O-])cc4F)ccc3-c3cc(F)c(C(=O)[O-])cc3F)cc2F)cc1F,2
O=C([O-])c1c(Br)c(Br)c(-c2ccc(-c3c(Br)c(Br)c(C(=O)[O-])c(Br)c3Br)n2-c2c(Br)c(Br)c(-n3c(-c4c(Br)c(Br)c(C(=O)[O-])c(Br)c4Br)ccc3-c3c(Br)c(Br)c(C(=O)[O-])c(Br)c3Br)c(Br)c2Br)c(Br)c1Br,2
O=C([O-])c1ccc(-c2ccc(-c3ccc(C(=O)[O-])cc3)n2-c2ccc(-n3c(-c4ccc(C(=O)[O-])cc4)ccc3-c3ccc(C(=O)[O-])cc3)cc2)cc1,2
O=C([O-])[CH][CH]c1ccc(C=CC(=O)[O-])n1C#Cn1c([CH][CH]C(=O)[O-])ccc1C=CC(=O)[O-],2
O=C([O-])[CH][CH][C]1C=C[C](C=CC(=O)[O-])N1C=Cn1c([CH][CH]C(=O)[O-])ccc1C=CC(=O)[O-],2
O=C([O-])[CH][CH]c1ccc(C=CC(=O)[O-])n1C=Cn1c([CH][CH]C(=O)[O-])ccc1C=CC(=O)[O-],2
O=C([O-])c1ccc(-c2cc(C=Cc3cc(-c4ccc(C(=O)[O-])cc4)cc(-c4ccc(C(=O)[O-])cc4)c3)cc(-c3ccc(C(=O)[O-])cc3)c2)cc1,2
O=C([O-])c1ccc(C(c2ccc(C(=O)[O-])cc2)(c2ccc(C(=O)[O-])cc2)c2ccc(C(c3ccc(C(=O)[O-])cc3)(c3ccc(C(=O)[O-])cc3)c3ccc(C(=O)[O-])cc3)cc2)cc1,2
C(#C[Si](C#C[C]1C=NN=C1)(C#CC1=C[N]N=C1)C#CC1=C[N]N=C1)[C]1C=NN=C1,2
[CH]1N=NC=C1C=CC=CC(C=CC=C[C]1C=NN=C1)(C=CC=CC1=C[N]N=C1)C=CC=CC1=C[N]N=C1,2
C(C=CC(C=CC=C[C]1C=NN=C1)(C=CC=CC1=C[N]N=C1)C=CC=CC1=C[N]N=C1)=C[C]1C=NN=C1,2
C(#CC(C#C[C]1C=NN=C1)(C#CC1=C[N]N=C1)C#CC1=C[N]N=C1)[C]1C=NN=C1,2
C1=N[N]C=C1C([C]1C=NN=C1)([C]1C=NN=C1)C1=C[N]N=C1,2
C(C=CC1=CC2(C=CC=CC3=C[N]N=C3)C=C(C=CC=C[C]3C=NN=C3)C1C(C=CC=CC1=C[N]N=C1)=C2)=C[C]1C=NN=C1,2
C(C=CC1=CC2(C=CC=C[C]3C=NN=C3)C=C(C=CC=CC3=C[N]N=C3)C1C(C=CC=CC1=C[N]N=C1)=C2)=C[C]1C=NN=C1,2
C(C=Cc1cc(C=CC=CC2=C[N]N=C2)cc(-c2cc(C=CC=C[C]3C=NN=C3)cc(C=CC=CC3=C[N]N=C3)c2)c1)=C[C]1C=NN=C1,2
C(C=Cc1cc(C=CC=C[C]2C=NN=C2)cc(-c2cc(C=CC=CC3=C[N]N=C3)cc(C=CC=CC3=C[N]N=C3)c2)c1)=C[C]1C=NN=C1,2
C(C=CN(C=CC=C[C]1C=NN=C1)C=CC=CC1=C[N]N=C1)=C[C]1C=NN=C1,2
[CH]1N=NC=C1C=CC=CN(C=CC=C[C]1C=NN=C1)C=CC=C[C]1C=NN=C1,2
[CH]1N=NC=C1C=CN(C=C[C]1C=NN=C1)C=CC1=C[N]N=C1,2
C(=CN(C=CC1=C[N]N=C1)C=CC1=C[N]N=C1)[C]1C=NN=C1,2
C1=N[N]C=C1c1ccc(N(c2ccc([C]3C=NN=C3)o2)c2ccc(C3=C[N]N=C3)o2)o1,2
[CH]1N=NC=C1c1ccc(N(c2ccc([C]3C=NN=C3)o2)c2ccc(C3=C[N]N=C3)o2)o1,2
[CH]1N=NC=C1C=Cc1cc(C=C[C]2C=NN=C2)cc(C=CC2=C[N]N=C2)c1,2
C(=Cc1cc(C=CC2=C[N]N=C2)cc(C=CC2=C[N]N=C2)c1)[C]1C=NN=C1,2
C1=N[N]C=C1c1cc([C]2C=NN=C2)cc(C2=C[N]N=C2)c1,2
C1=N[N]C=C1c1cc([C]2C=NN=C2)cc([C]2C=NN=C2)c1,2
C(C=Cc1cc(C=CC=CC2=C[N]N=C2)cc(C=CC=CC2=C[N]N=C2)c1)=C[C]1C=NN=C1,2
O=C([O-])c1cccc(-c2nccs2)c1,1
O=C(C=Cc1ccncc1)NNC(=O)C=Cc1ccncc1,1
[O]S([O])([O])c1cc(C(=O)[O-])cc(C(=O)O)c1,1
[O]C([O])(c1ccccn1)c1ccccn1,1
O=C([O-])CSC(SCC(=O)O)C(SCC(=O)[O-])SCC(=O)O,1
[O].[O]I,1
[O]S([O])([O])c1cc[c]cc1,1
O=C(O)c1c[nH]c(=O)[nH]c1=O.O=C([O-])c1c[nH]c(=O)[nH]c1=O,1
COc1cccc([CH][N]NC(=O)c2ccc(NC(=O)c3ccncc3)cc2)c1[O],1
O.O=C([O-])c1nccnc1C(=O)O,1
O=C(CCC(=O)Nc1cncc(F)c1)Nc1cncc(F)c1,1
O=C([O-])C1=C[CH]N(Cc2ccc(-c3ccc(CN4[CH]C=C(C(=O)[O-])C=C4)cc3)cc2)C=C1,1
O=C([O-])c1ccc(-c2cc(C(=O)O)ccc2C(=O)[O-])cc1,1
[O]c1cc(S([O])([O])[O])cc(S([O])([O])[O])c1O,1
O=C([O-])c1cccc([N+](=O)[O-])c1,1
O=C([O-])[C]1N=C(C(F)(F)F)N=C1C(=O)[O-],1
O=C([O-])C1=C(C(=O)O)[N]C(C(F)(F)F)=N1,1
[S]C(=S)N(Cc1ccccc1)Cc1ccccc1,1
[I][Cu]1([I])[N]2[CH]C=CC=C2C[S]1Cc1ccccn1,1
[O]S(=O)(=O)OOS([O])(=O)=O,1
[O]P(=O)(O)c1cc(P([O])(=O)O)cc(P(=O)(O)O)c1,1
[O]P(=O)(Oc1ccc([N+](=O)[O-])cc1)Oc1ccc([N+](=O)[O-])cc1,1
O=C([O-])C(O)C(O)C(O)C(O)C(=O)[O-],1
[CH]1N=C[N]N1Cn1nnc2ccccc21,1
[Cl][Cu][N]1C=N[CH]N1Cc1cccnc1,1
[Cl][Cu][N]1[CH]N=CN1Cc1cccnc1,1
[CH]1N=C[N]N1Cc1cccnc1,1
N#C[C]1C(=O)C(=O)C(Cl)=C(O)C1=O,1
O=C([O-])c1nc2c3cccnc3c3ncccc3c2nc1C(=O)O,1
CC12CCSCCN(CCSCC1)CCSCC2,1
O=C([O-])C(Br)C(Br)C(=O)[O-],1
O=C([O-])C1=C2[CH]C=CC=C2[N]2C(=O)C(=O)[N]3C4=CC=C[CH]C4=C(C(=O)[O-])[N]4c5ccccc5[N]1[Ni]234,1
O=C([O-])C1=C2C=CC=C[C]2[N]2C(=O)C(=O)[N]3[C]4C=CC=CC4=C(C(=O)[O-])[N]4c5ccccc5[N]1[Ni]234,1
O=C([O-])C1=C2C=CC=C[C]2[N]2C(=O)C(=O)[N]3C4=CC=C[CH]C4=C(C(=O)[O-])[N]4c5ccccc5[N]1[Ni]234,1
CS(=O)(=O)CC1=CC=C[CH]1,1
CS(=O)(=O)CC1=C[CH]C=C1,1
c1cn(-c2cnc3c(ccc4cc(-n5ccnc5)cnc43)c2)cn1,1
O=C([O-])c1cccc([C](O)[O][Ca]2(<-[OH2])(<-[OH2])[O]C(=O)c3cccc(C(=O)[OH]->2)n3)n1,1
NCCCCCC(=O)[O-],1
COC1=C([O])C(=O)C(C)=C([O])C1=O,1
O=C([O-])CN1CCN(CC(=O)[O-])CC1,1
NC(=O)c1nccnc1C(=O)[O-],1
c1cncc(Oc2cccnc2)c1,1
[Cd]<-[N]12CN3CN(CN(C3)C1)C2,1
CN1CC(=O)[N]C1=O,1
O=C(O)c1cc(C(=O)[O-])c(C(=O)[O-])c(C(=O)[O-])c1,1
O=C([O-])c1ccc(-c2ccc(C(=O)O)cc2C(=O)[O-])nc1,1
O=C1[CH]C=CC=N1,1
[O]c1c(C(=O)[O-])cc2ccccc2c1-c1c(O)c(C(=O)[O-])cc2ccccc12,1
O=C([O-])c1ccc([C]2N=C(c3cccnc3)[N]N2)cc1,1
O=C([O-])c1ccc(-c2cc(C(=O)[O-])c(-c3ccc(C(=O)[O-])cc3C(=O)[O-])cc2C(=O)[O-])c(C(=O)[O-])c1,1
O=C([O-])[C]1C(C(=O)[O-])=CC=C[N]1[Hg],1
O=C([O-])CNC(=O)c1ccccc1,1
Nc1ncnc2c1ncn2CCO,1
[CH]1N=C[N]N1Cc1cccc(Cn2cncn2)n1,1
O=C(O)CC(O)C(=O)[O-],1
c1ccc(OCCOc2ccccc2Cn2ccnc2)c(Cn2ccnc2)c1,1
O=C([O-])C=CC1=C[N]([Cu][Cl])[CH]C=C1,1
CCOC(=O)CCC(=O)OCC,1
c1ccc(NCc2cccnc2)nc1,1
c1ccc(CNc2cccnc2)nc1,1
C1COCCOCCNCCOCCOCCN1,1
[CH]1N=C[N]N1Cn1cncn1,1
CC1(C)N=C(c2cccnc2)N([O])C1(C)C,1
O=C([O-])c1ccc2cc(C3=NN=N[N]3)ccc2c1,1
[O]S([O])([O])c1c(F)c(F)c(S([O])([O])[O])c(F)c1F,1
O=C([O-])c1cc(C(=O)[O-])cc(-c2ccc(C(=O)[O-])nc2)c1,1
[O]P([O])(=O)c1ccc2cc(P([O])([O])=O)ccc2c1,1
COCCCOc1cc(C(=O)[O-])c(OCCCOC)cc1C(=O)[O-],1
CCOP(=O)(Cc1c(C)c(C)c(CP(=O)(OCC)OCC)c(C)c1C)OCC,1
COC(=N)c1cnccn1,1
O=C1C=C[CH]C=N1,1
CC(=NNc1ccc(C(=O)[O-])cc1)c1cccnc1,1
NC(CC(=O)[O-])c1cccnc1,1
O=C([O-])c1ccc(CSc2cnccn2)cc1,1
O=C([O-])c1cc(C(=O)[O-])cc(C2=N[N]N=N2)c1,1
[CH]1N=NC=C1c1nnc(-c2ccccn2)[nH]1,1
O=C([O-])CC(NS(=O)(=O)c1cccnc1)C(=O)O,1
[O]c1ccccc1C1=NCCO1,1
CC(C)(C)P(Cc1cccc(CP(C(C)(C)C)C(C)(C)C)n1)C(C)(C)C,1
O=C([O-])c1cc(C(=O)[O-])cc(-c2cc(C(=O)[O-])cc(-c3cc(C(=O)[O-])cc(C(=O)[O-])c3)c2)c1,1
O=C([O-])c1cc(OCc2ccc(-c3ccc(COc4cc(C(=O)O)cc(C(=O)O)c4)cc3)cc2)cc(C(=O)[O-])c1,1
COC(=O)c1ccc(C(=O)OC)cc1,1
O=C([O-])Cc1nnnn1CC(=O)[O-],1
CC(C(=O)[O-])n1nnc(-c2cnccn2)n1,1
O=C([O-])C1=C[CH][N]([Cu][I])C=C1,1
O=C([O-])CCC(=O)c1ccc(-c2ccccc2)cc1,1
Cc1ccc([O])c(S([O])([O])[O])c1,1
Cc1cc(S([O])([O])[O])c(O)c(S([O])([O])[O])c1,1
[O]S([O])([O])c1cc(Br)ccc1O,1
[O]S([O])([O])c1cc(Br)cc(S([O])([O])[O])c1O,1
O=C([O-])c1cc(F)cc(F)c1,1
[NH]S(=O)(=O)c1ccc(N)cc1,1
Nc1nncs1,1
O=C(O)c1cc([N+](=O)[O-])cc([N+](=O)[O-])c1,1
CN1CCN(C)[C]1[N]c1ccccc1SCc1ccccn1,1
c1cc(-c2ccc(-c3ccncc3)nn2)ccn1,1
c1ccc(SCc2ccccc2CSc2ccccn2)nc1,1
O=C([O-])C1OC(C(=O)[O-])C(C(=O)O)C1C(=O)[O-],1
O=C([O-])C1OC(C(=O)[O][Pb]<-[OH2])C(C(=O)[O-])C1C(=O)[O-],1
CC1=NN=C(C(=O)[O-])[CH]1,1
CC1=CC(C(=O)[O-])=N[N]1,1
[O]P1(=O)c2cccc3cccc(c23)P1P1c2cccc3cccc(c23)P1([O])=O,1
[O]S([O])([O])CCN1CCN(CCO)CC1,1
O=C([O-])c1cccc(=O)[nH]1,1
c1cncc(-c2ncc[nH]2)c1,1
O=C(Nc1ccccc1)Nc1cc(C(=O)[O-])cc(C(=O)[O-])c1,1
O=C(O)c1cc(Oc2ccccc2C(=O)[O-])cc(Oc2ccccc2C(=O)[O-])c1,1
CC(C)(C)c1cc2c(OCC(=O)O)c(c1)Sc1cc(S([O])([O])[O])cc(c1O)Sc1cc(S([O])([O])[O])cc(c1O)Sc1cc(S([O])([O])[O])cc(c1O)S2,1
O=C([O-])C[N]12->[Cu]3456<-[N](CC(=O)[O-])(CC[N]->3(CC1)CC(=O)[O]4)CC[N]->5(CC2)CC(=O)[O]6,1
Nc1ccc(C(=O)[O-])nc1,1
c1c2cc3cc1[C]1[O][Li]4([O]1)[O][C]3[O][Li]13[O][C]([O]1)c1cc(cc(c1)[C]([O]3)[O]4)[N][N]2,1
Nn1c(Cn2ccnc2)nnc1Cn1ccnc1,1
[O]P(=O)(O)C=Cc1ccccc1,1
[O]S([O])([O])CCc1ccncc1,1
CC(NCc1ccccc1[O])C(=O)[O-],1
O=C([O-])c1cc(OCOc2cc(C(=O)[O-])cc(C(=O)[O-])c2)cc(C(=O)[O-])c1,1
O=C([O-])c1ccccc1[S],1
NC(=O)CC(=O)[O-],1
Cc1cc(C)nc(SCc2ccc(CSc3nc(C)cc(C)n3)cc2)n1,1
c1ccc2c(c1)[N]C(Cn1cnnn1)=N2,1
[O]S([O])([O])c1ccc(N=Nc2ccc(O)cc2)cc1,1
O=C(O)C(=O)O.O=C([O-])C(=O)[O-],1
O=S(=O)([S])c1ccccc1,1
O=C([O-])c1cccc(C=Cc2cccnc2)c1,1
Clc1cncc(Cl)c1-c1c(Cl)cncc1Cl,1
O=C([O-])c1cc(=O)cc(C(=O)[O-])[nH]1,1
O=C([O-])C1=C[N]2C(=C3C=CC(C(=O)[O-])=C[N]3[Pt]2([Cl])[Cl])C=C1,1
O=C([O-])c1ccc(-n2ccnc2)cn1,1
CC(C[S])C(=O)N1CCCC1C(=O)[O-],1
c1ccc(SCCCCSc2ccccn2)nc1,1
[CH]1C=CC=C1,1
CC1(C)SC2C(NC(=O)C(C(=O)Oc3ccccc3)c3ccccc3)C(=O)N2C1C(=O)[O-],1
O=C1C=C[N]C=N1,1
O=C1[CH]C=NC=N1,1
c1ccc2nc(C3=N[N]N=N3)ccc2c1,1
O=C([O-])c1ccc(-c2ccc(-c3ccc(C(=O)O)cc3C(=O)[O-])cc2)c(C(=O)[O-])c1,1
O=C([O-])c1c(F)cc(F)cc1F,1
O=C(O)c1c(F)cc(F)cc1F.O=C([O-])c1c(F)cc(F)cc1F,1
[O-][n+]1ccc(C=Cc2cc[n+]([O-])cc2)cc1,1
O=C([O-])c1cccc(CN2CCOCCN(Cc3cccc(C(=O)[O-])c3)CCOCC2)c1,1
O=C([O-])c1ccc(-c2cc(-c3ccncc3)cc(-c3ccc(C(=O)O)cc3)n2)cc1,1
O=C([N][N+](=O)[O-])NN=Cc1ccco1,1
O=C1CN2CC[N]34->[Cd](<-[OH2])([O]1)([O]C(=O)C2)([O]C(=O)C3)[O]C(=O)C4,1
CC(O)C1=Nc2cc(C(=O)[O-])ccc2[N]1,1
CC([N]Cc1ccncc1)C(=O)[O-],1
CC=NCc1ccncc1,1
CC(C)C([N]Cc1ccncc1)C(=O)[O-],1
CC1CCCC(C)N1C([S])=S,1
c1ccc(-c2nnc(-c3ccncc3)n2-c2ccccn2)nc1,1
O=C([O-])[C]1C=C([N+](=O)[O-])C=C([N+](=O)[O-])C1=O,1
O=C([O-])c1cc(C(=O)[O-])nc(-c2ccncc2)n1,1
CC(=O)NC1=NN=N[N]1,1
O=C(OC1COC2C(OC(=O)c3cccnc3)COC12)c1cccnc1,1
CC([O])(CC(=O)[O-])C(=O)[O-],1
O=C([O-])c1ccc2c(c1)C(=O)c1ccc(C(=O)[O-])cc1C2=O,1
O=C([O-])c1ccc2c(c1)C(=O)c1cc(C(=O)[O-])ccc1C2=O,1
c1ccc(Cn2cnnc2)c(Cn2cnnc2)c1,1
[O-][n+]1ccc(C2=NN=N[N]2)cc1,1
[O-][n+]1ccc(C2=N[N]N=N2)cc1,1
c1ccc(CSc2ccncc2)nc1,1
O=C([O-])CCNC(=O)NCCC(=O)[O-],1
C1=NN=C(c2cnccn2)[N]1,1
O=C([O-])c1ccc(Oc2ccc(C(=O)O)cc2)c(C(=O)[O-])c1,1
O=C([O-])c1ccc(-n2cnc(-c3cnccn3)n2)cc1,1
O=C([O-])[C]1N=NN=C1C(=O)O,1
O=C([O-])c1ccc(C(F)(F)F)cc1,1
c1cnc2c(n1)CCCC2,1
O=C([O-])C[N]12->[Cu]3456<-[N](CCC1)(CCC[N]->3(CC(=O)[O]4)CC1=CC=C[C](C2)[N]15)CC(=O)[O]6,1
C(#Cc1cc(C#Cc2ccncc2)cc(C#Cc2ccncc2)c1)c1ccncc1,1
O=C([O-])c1cc(Cl)nc(Cl)c1,1
O=C(O)c1ccc(C(=O)O)c(C(=O)[O-])c1,1
O=C([O-])Cc1ccc(-n2cnnc2)cc1,1
[O][N]C(=O)c1ccc(F)cc1F,1
O=C([O-])c1cnncc1C(=O)[O-],1
c1cnc(C2=NN=N[N]2)c(C2=NN=N[N]2)n1,1
COP([O])(=O)C(Cl)(Cl)P([O])(=O)N1CCOCC1,1
Cc1ccc(C(=O)[O-])nc1-c1nc(C(=O)[O-])ccc1C,1
C=CCNC(=S)NCC=C,1
[N]1N=NN=C1Nc1nnn[nH]1,1
[O]S1([O])[O][Li][O]S([O])([O])c2ccccc2P(c2ccc(C(F)(F)F)cc2)c2ccccc21,1
Cc1nc2ccccc2n1CC(=O)[O-],1
c1ccc(N(c2ccccn2)c2cc(N(c3ccccn3)c3ccccn3)ncn2)nc1,1
O=S1(=O)[N]c2c(c3ncccc3c3cccnc23)[N]1,1
O=C([O-])CCN(Cc1ccccc1)C([S])=S,1
c1cn(-c2ccc(OCOc3ccc(-n4ccnc4)cc3)cc2)cn1,1
[O]n1nnc2ccccc21,1
O=C([O-])CNC(=S)C(=S)NCC(=O)[O-],1
C[C]1N=NC(C)=C1c1cccc(C2=C(C)[N]N=C2C)c1,1
CC1=NN=C(C)[C]1c1cccc(C2=C(C)[N]N=C2C)c1,1
CC1=NN=C(C)[C]1c1cccc([C]2C(C)=NN=C2C)c1,1
CC1=N[N]C(C)=C1c1cccc(C2=C(C)[N]N=C2C)c1,1
CN1[C]C(CSc2ccccc2)=CC=C1,1
O=C(O)[C]1N=C(c2ccccn2)N=C1C(=O)[O-],1
[S][As]([S])S[As]([S])[S],1
c1cc(-c2n[nH]c(-c3ccncc3)n2)nc(-c2n[nH]c(-c3ccncc3)n2)c1,1
c1cc(-c2cc(-c3ccc(-n4ccnc4)cc3)cc(-c3ccncc3)n2)ccn1,1
O=C([O-])c1cc(Br)cc(Br)c1,1
CC1(O)P([O])(=O)[O][Zn][O]P1(=O)O,1
[CH](CCn1ccnc1)Cn1ccnc1,1
O=C1CCC(C(=O)N2CSCC2C(=O)[O-])N1,1
O=C(O)c1c(F)c(F)c(C(=O)O)c(F)c1F,1
O=C([O-])c1ccc(OCCCCOc2ccc(C(=O)[O-])cc2)cc1,1
O=C([O-])CC(=O)NO,1
O=C(NCc1ccncc1)c1ccc(C(=O)NCc2ccncc2)c2ccccc12,1
[O][C](C1=C[CH]C=N1)c1ccncc1,1
[O][C](C1=CC=C[N]1)c1ccncc1,1
CSCCSCCn1cnc2c1[N]C=N[C]2N,1
[O]P1(=O)[O][Ca]23456(<-[OH2])(<-[O]1C(CC(=O)O)(C[C](O)[O]2)[C](O)[O]3)<-[O](C(CC(=O)O)(C[C](O)[O]4)[C](O)[O]5)P([O])(=O)[O]6.[O]P1(=O)[O][Ca]23456(<-[OH2])(<-[O]1C(CC(=O)O)(C[C](O)[O]2)[C](O)[O]3)<-[O](C(CC(=O)O)(C[C](O)[O]4)[C](O)[O]5)P([O])(=O)[O]6,1
[NH]C1=C2C(=NON2[O])[C]([N+](=O)[O-])C(N)=C1[N+](=O)[O-],1
[NH]C1=C([N+](=O)[O-])C(N)=C([N+](=O)[O-])C2=NON([O])[C]21,1
C(=CC1=NN=N[N]1)C1=NN=N[N]1,1
C(=CC1=N[N]N=N1)C1=NN=N[N]1,1
O=[N+]([O-])C1=NC=N[N]1,1
[O]S([O])([O])C(O)C(O)C(O)C(O)CO,1
CCCCS(=O)CCCCS(=O)CCCC,1
O=C([O-])c1cnc(-c2cnc(C(=O)[O-])cn2)cn1,1
O=C([O-])c1ccncn1,1
O=C([O-])C=Cn1cncn1,1
CN1P2N(C)P3N(C)P1N(C)P(N2C)N3C,1
c1cnc(Cc2cnccn2)cn1,1
NC(=O)CCC(=O)[O-],1
COC(CN(C)C([S])=S)OC,1
[O]S([O])([O])CS([O])([O])[O],1
O=C1C(=O)c2ccc(-c3ccncc3)cc2-c2cc(-c3ccncc3)ccc21,1
[O]c1c(C(=O)[O-])ccc2c([O])c(C(=O)[O-])ccc12,1
C1=NN=C(c2ccccn2)[N]1,1
Cc1cccc(C)c1N=C(P1C(=O)[P]C1=O)C(C)(C)C,1
O=C([O-])[CH][CH]c1cccnc1,1
O=C([O-])[CH][CH]c1ccccn1,1
O=C([O-])CCC(=O)CCC(=O)[O-],1
[CH]1N=C[N]N1Cn1nc(-c2ccncc2)nc1-c1ccncc1,1
Cc1cc(NS([O])([O])[O])no1,1
O=C([O-])Cn1ccnc1-c1ncc[nH]1,1
O=C([O-])CCCCC(=O)O,1
O=C([O-])c1ccc(-c2cccc(C(=O)O)c2C(=O)[O-])cc1C(=O)[O-],1
[O]S([O])([O])c1cc(Br)cc(C(=O)[O][Ag])c1O,1
C=CC[Si](CC=C)(c1ccncc1)c1ccncc1,1
O=C([O-])c1c[nH]c2ncccc12,1
[S]C(=S)[C]1C=NC=N1,1
O=C(c1ccncc1)c1ccccn1,1
NCCP([O])([O])=O,1
O=C([O-])c1cc(C(=O)NCCCn2ccnc2)c(C(=O)[O-])cc1C(=O)NCCCn1ccnc1,1
Nc1ccc(C(=O)[O-])c(C(=O)[O-])c1,1
Cn1ncnn1,1
O=C([O-])C1=N[N]N=N1,1
[O]S([O])([O])c1cc(C(=O)O)cc2c(S([O])([O])[O])cc(C(=O)[O-])cc12,1
C1=CC2=[N]3->[Cu]45<-[N]6=C(C=CC6=C(c6ccncc6)c6ccc([n]64)C(c4ccncc4)=C13)C(c1ccncc1)=c1ccc([n]15)=C2c1ccncc1,1
CSC1=C(SC)SC(=C(C#N)C(C#N)=C2SC(SC)=C(SC)S2)S1,1
C1=CC2=[N]3->[Zn]45<-[N]6=C(C=CC6=C(c6ccncc6)c6ccc([n]64)C(c4ccncc4)=C13)C(c1ccncc1)=c1ccc([n]15)=C2c1ccncc1,1
N#Cc1ccc(N)c(Cl)c1,1
O=C(NCc1cccnc1)c1cccc(C(=O)NCc2cccnc2)n1,1
c1cc(-n2cnnc2)ccc1C1=NN=N[N]1,1
NC(=S)C(N)=S,1
[CH]1N=C[N]N1Cc1cc(CN2[CH]N=C[N]2)cc(Cn2cncn2)c1,1
N#CC(=N[O])C(=O)[O-],1
O=C1[CH]C(=O)N=C[N]1,1
Cc1ccc(-c2nc(C(=O)[O-])c(C(=O)[O-])[nH]2)cc1,1
[S]C(=S)Nc1ccccc1,1
C1=N[N]C=N[N]1,1
O=C(O)C=C(CC(=O)[O-])C(=O)[O-],1
O=C([O-])c1ccccc1SCc1cccc(CSc2ccccc2C(=O)[O-])c1,1
[CH]1N=CC2=C[N]3CCC[N]4C=C5C=N[CH][N]5[Ni]34[N]12,1
[CH]1c2cnc[n]2[Ni]23[N]1CCC[N]2C=C1C=N[CH][N]13,1
[CH]1c2cnc[n]2[Ni]23[N]1CCC[N]2[CH]c1cnc[n]13,1
Cc1cc(C(=O)Nc2cccnc2)cc(C(=O)Nc2cccnc2)c1,1
N#Cc1ccc(C2=NN=N[N]2)cc1,1
[O]n1nnc2cccnc21,1
c1ccc2c(c1)CSCCOCCOCCSCc1ccccc1OCCO2,1
S=C=[N][Ag],1
O=C([O-])c1ccc(C(O)(O)c2ccc(C(=O)[O-])cc2)cc1,1
O=C(Oc1ccc(OC(=O)c2ccncc2)cc1)c1ccncc1,1
c1ccc(-c2cn(Cc3ccncc3)nn2)cc1,1
c1ccc2c(C3C(c4ccncc4)C(c4cccc5ccccc45)C3c3ccncc3)cccc2c1,1
c1cncc(NCc2ccncc2)c1,1
O=C([O-])c1ccccc1Cl,1
O=C(Nc1ccncc1)Nc1ccccc1Oc1ccccc1NC(=O)Nc1ccncc1,1
Cn1c2c(c(=O)n(C)c1=O)[N]C=N2,1
O=C([O-])CN1C(=O)C=CC1=O,1
O=C(O)c1nc(-c2nc(C(=O)O)c(C(=O)[O-])[nH]2)[nH]c1C(=O)[O-],1
[C]#Cc1ccccc1C#N,1
[Cl][Ag]([Cl])([Cl])<-[N]12CN3CN(CN(C3)C1)C2,1
CC(C)[O],1
NCCCNCCCCNCCCN,1
c1ccc(P(CNc2cccnc2)c2ccccc2)cc1,1
O=C([O-])CCCCC(=O)O.O=C([O-])CCCCC(=O)O,1
Nc1nc(-c2cccnc2)cc(-c2ccccn2)n1,1
[O]P([O])(=O)Cc1cccc2ccccc12,1
[O]P([O])(=O)c1cc(C(=O)[O-])cc(C(=O)O)c1,1
[O]c1ccccc1C=N[N]C(=O)c1ccccc1O,1
O=C([O-])C12C(=O)OC(=O)C1(C(=O)O)C2c1ccccc1,1
O=C([O-])c1ccc2ccccc2c1-c1c(C(=O)[O-])ccc2ccccc12,1
COC(OC)C(=O)[CH]C(=O)C(F)(F)F,1
Cc1ccc(S(=O)(=O)NCC(=O)[O-])cc1,1
S=c1[nH]c2c([nH]1)=N[CH]NC=2,1
CC(C)c1cccc(C(C)C)c1[N]C1=C([N]c2c(C(C)C)cccc2C(C)C)c2ccc3c4c(ccc1c24)C([N]c1c(C(C)C)cccc1C(C)C)=C3[N]c1c(C(C)C)cccc1C(C)C,1
C1=N[C]([C]2NCCCN2)C(C2=NCCCN2)=N1,1
c1ccc(-c2nccn2CCCCn2ccnc2-c2ccccc2)cc1,1
[CH]1C=CN=C1C(=C1C=CC=N1)c1cccnc1,1
C1=C[N]C([C](C2=CC=C[N]2)c2cccnc2)=C1,1
[CH]1C=CN=C1[C](C1=NC=C[CH]1)c1cccnc1,1
[CH]1C=NC([C](C2=N[CH]C=C2)c2cccnc2)=C1,1
N#Cc1cccc(C2=NN=N[N]2)c1,1
O=C(O)CSc1ccccc1.O=C([O-])CSc1ccccc1,1
O=C(Nc1ccccc1NC(=O)c1ccncc1)c1ccncc1,1
O=C([O-])c1ccc2c(c1)Cc1cc(C(=O)[O-])ccc1-2,1
C=CC=CC#N,1
C(=NCCN=Cc1ccncc1)c1ccncc1,1
O=C([O-])c1cccc(Oc2ccc3c(c2)C(=O)[N]NC3=O)c1,1
Cc1cc(C)nc(SCC(=O)[O-])n1,1
NC(C(=O)[O-])c1ccccc1,1
O=C1CCCC(=O)[N]1,1
O=C1N[CH]N=C2[N]C=N[C]12,1
O=C(O)c1ccc(-c2ccc(-c3ccc(C(=O)O)cc3C(=O)[O-])cc2)c(C(=O)[O-])c1,1
c1cncc(Cn2nnc(-c3cccc(-c4cncnc4)c3)n2)c1,1
COc1cc([CH]C=C([O])C=C([O])C=Cc2ccc([O])c(OC)c2)ccc1[O],1
[O]N1[CH]C=CC=C1,1
O=C(O)c1ccc(Oc2ccccc2C(=O)[O-])c(C(=O)[O-])c1,1
O=C([O-])CN(CC(=O)[O-])c1cc(C(=O)[O-])cc(C(=O)O)c1,1
O=C([O-])Cn1cnc2ccccc21,1
C(C1=NN=N[N]1)N(CC1=NN=N[N]1)CC1=NN=N[N]1,1
O=C([O-])c1ccccc1Nc1ccccc1,1
O=C(Nc1ccc(Oc2ccc(NC(=O)c3ccncc3)cc2)cc1)c1ccncc1,1
Cc1ccc([N][N]c2ccc(N(CCO)CCO)cc2)c(S([O])([O])[O])c1,1
[O]S([O])([O])c1ccccc1N=Nc1ccccc1O,1
O=C([O-])c1ccc(OCc2ccc(COc3ccc(C(=O)[O-])cc3)cc2)cc1,1
O=C([O-])c1ccc2ccc3ccc(C(=O)[O-])nc3c2n1,1
c1ccc(Cn2cc(COn3nnc4ccccc43)nn2)nc1,1
O=C([O-])c1ccc(-c2c(-c3ccc(C(=O)[O-])cc3)c(-c3ccc(C(=O)[O-])cc3)c(-c3ccc(C(=O)[O-])cc3)c(-c3ccc(C(=O)[O-])cc3)c2-c2ccc(C(=O)[O-])cc2)cc1,1
c1ccc(COc2cccc(OCc3ccccn3)c2)nc1,1
O=C([O-])C1=C(C(=O)O)N=C[N]1,1
O=C([O-])c1cccc(SSc2cccc(C(=O)[O-])c2)c1,1
Brc1ccc(-c2cc(-c3ccncc3)nc(-c3ccncc3)c2)cc1,1
O=C([O-])CSc1nc2ccccc2[nH]1,1
O=C([O-])CSC1=Nc2ccccc2[N]1,1
c1ccc2c(c1)ncn2CCn1cnc2ccccc21,1
ON=Cc1ncc[nH]1,1
Cc1nc[nH]c1C=NO,1
CCCN1CCN(C2=NCCN2CCC)C1=S,1
O=C([O-])c1c(C(=O)[O-])c([N+](=O)[O-])c(C(=O)[O-])c(C(=O)[O-])c1[N+](=O)[O-],1
[O]P([O])(=O)C1(O)CCCCC1,1
O=C([O-])c1cc(C(=O)[O-])cc(-c2ccc(C(=O)[O-])c([N+](=O)[O-])c2)c1,1
CC(C)C(C(=O)[O-])N1[CH]N(C(C(=O)[O-])C(C)C)C=C1,1
[CH]1N=C[N]c2ccccc21,1
CCc1nccn1Cc1ccc(Cn2ccnc2CC)cc1,1
CSCCC(NC(C)=O)C(=O)[O-],1
O=C([O-])c1ccc(Oc2ccc3c4c(cccc24)C(=O)N(Cc2ccncc2)C3=O)cc1,1
O=C(Nc1ccc(C(=O)[O-])cc1)Nc1ccc(C(=O)[O-])cc1,1
CCCc1nc(C(=O)[O-])c(C(=O)[O-])[nH]1,1
O=C([O-])C1=C(C(=O)[O-])N=C(Cn2cncn2)[N]1,1
O=C([O-])[C]1N=C(Cn2cncn2)N=C1C(=O)O,1
O=C([O-])c1nc(Cc2cccnc2)[nH]c1C(=O)[O-],1
O=C([O-])c1ccc(Oc2ccc(C(=O)O)c(C(=O)[O-])c2)cc1,1
CC(C)(C)SCc1ccc(CSC(C)(C)C)cc1,1
CSCc1ccc(CSC)cc1,1
O=C(NCCN(CCNC(=O)c1ccncc1)CCNC(=O)c1ccncc1)C1=C[CH][N]([Hg]([Cl])([Cl])[Cl])C=C1,1
[O]c1c(Cl)cc(Cl)cc1C=NCc1ccccn1,1
[O]P1(=O)C[NH2]->[Pt]([Cl])([Cl])<-[NH2]C1,1
CCCCP([O])(=O)CCCC,1
CN1CCCC1c1cccnc1,1
[O]P([O])(=O)c1ccc(-c2cnc[nH]2)cc1,1
CO[P]([S])([S])OC,1
[CH]1N=C[N]N1c1cccc(N2[CH]N=C[N]2)c1,1
[CH]1N=C[N]N1c1cccc(-n2cncn2)c1,1
CCS(=O)CCCS(=O)CC,1
O=C([O-])c1cc([C]2Nc3ccccc3N2)cc(C(=O)[O-])c1,1
[O]c1ccc(-c2ccccc2)cc1C=O,1
[O]P(=O)(c1ccc(C(=O)[O-])cc1)c1ccc(C(=O)[O-])cc1,1
Cn1ccn(Cn2ccn(C)c2=S)c1=S,1
O=C([O-])c1cc2c(cc1C(=O)[O-])C(=O)c1cc(C(=O)[O-])c(C(=O)[O-])cc1C2=O,1
O=C([O-])Cc1cccc(C(=O)[O-])c1,1
CCCC1=NN=C(CCC)[N]1,1
Brc1ccc(C2=NN=C(c3ccncc3)[N]2)nc1,1
CCCCCCOc1cc(C=Cc2ccncc2)c(OCCCCCC)cc1C=Cc1ccncc1,1
C1=CCOC(C2OCC=CCO2)OC1,1
N#C[C](C#N)C(=O)OCCO,1
C1=C(c2ccncc2)SC(=C2SC3=C(SCCS3)S2)S1,1
c1cncc(-c2cc(-c3ccc(-c4cc(-c5cccnc5)nc(-c5cccnc5)c4)cc3)cc(-c3cccnc3)n2)c1,1
NC1=N[CH]N[N]1,1
Cc1c(C)[n+]([O-])c(C)c(C)[n+]1[O-],1
NC(=O)C1CCN(C([S])=S)CC1,1
C1=N[N]C=C1c1c2ccccc2c([C]2C=NN=C2)c2ccccc12,1
[CH]1N=NC=C1c1c2ccccc2c(C2=C[N]N=C2)c2ccccc12,1
C(=Nc1ccccc1SCc1ccc(CSc2ccccc2N=Cc2cccs2)cc1)c1cccs1,1
O=[N+]([O-])c1ccc(C=Nc2ccccc2SCCSc2ccccc2N=Cc2ccc([N+](=O)[O-])cc2)cc1,1
O=S1(=O)[N]C(=S)c2ccccc21,1
S=C1NCCCCN1,1
NCCN(CCN)Cc1ccc(-n2ccnc2)cc1,1
O=C([O-])c1cccc(Br)c1,1
O=C([O-])c1ccc(-n2cnc(C(=O)[O-])n2)cc1,1
c1cncc(CNC2CCC(NCc3cccnc3)CC2)c1,1
O=C([O-])c1ccc(Sc2cccc(C(=O)[O-])c2C(=O)[O-])cc1C(=O)O,1
Cc1cccc(C(=O)[O-])n1,1
[O]c1ccccc1C=Nc1ccc(C(=O)[O-])cc1,1
OB(O)O,1
CC(=O)NC(Cc1c[nH]cn1)C(=O)[O-],1
[O]S([O])([O])c1ccc(-c2cc(-c3ccccn3)nc(-c3ccccn3)c2)c(S([O])([O])[O])c1,1
c1ccc2c(c1)nnn2CCCCCCn1nnc2ccccc21,1
C=CCC(C(=O)[O-])C(=O)[O-],1
O=C([O-])c1cc(Cl)cc(Cl)c1,1
N#CCCCC#N,1
c1cn(-c2ccc(-n3ccnc3)nn2)cn1,1
O=C([O-])CCN1C(=O)c2ccccc2C1=O,1
CCOP(=O)(OCC)OCc1ccncc1,1
O=C(O)[C]1N=C(c2ccc(C(=O)[O-])cc2)N=C1C(=O)[O-],1
O=C([O-])CN1[N]N=C(c2cccc(-c3nnn(CC(=O)[O-])n3)c2)[N]1,1
O=C([O-])Cn1nnc(-c2cccc(-c3nnn(CC(=O)[O-])n3)c2)n1,1
O=C([O-])c1cc(S(=O)(=O)c2ccc(C(=O)[O-])c(C(=O)O)c2)ccc1C(=O)O,1
O=C1N=CC([N+](=O)[O-])=C[C]1[N+](=O)[O-],1
NC(=O)c1ccccc1OCC(=O)[O-],1
N#Cc1ccc(-c2ccc(C#N)s2)s1,1
Cc1c(C)c(Cn2ccnc2)c(C)c(C)c1Cn1ccnc1,1
O=C([O-])c1ccc(CNCc2ccc(C(=O)[O-])cc2)cc1,1
COC(=O)[C]1C(C(=O)OC)=C(C(=O)OC)C(C(=O)OC)=C(C(=O)OC)C(C(=O)OC)=C1C(=O)OC,1
C1=N[C](n2cnnc2)N[N]1,1
S=C1[N]N=C(c2ccncc2)S1,1
c1ccc(-c2ccccc2Cn2ccnc2)c(Cn2ccnc2)c1,1
O=C([O-])CN1[N]N=C(c2cccnc2)[N]1,1
Cn1nnc(N)n1,1
CC1=C(C)C(C)([O])C(C)=C1C,1
COC1OCC(OS([O])(=O)=O)C(O)C1O,1
c1ccc(P(Cc2ccncc2)c2ccccc2)cc1,1
CN1C(=O)[C](C([C]2C(=O)N(C)C(=O)N(C)C2=O)=C([C]2C(=O)N(C)C(=O)N(C)C2=O)[C]2C(=O)N(C)C(=O)N(C)C2=O)C(=O)N(C)C1=O,1
[O]P([O])(=O)C(c1ccc(C(P([O])([O])=O)P([O])(=O)O)cc1)P([O])(=O)O,1
O=C([O-])c1ccccc1Br,1
C[C]1N=NC(C)=C1c1ccc(C2=C(C)[N]N=C2C)cc1,1
C[C]1N=NC(C)=C1c1ccc(C2=C(C)N=N[C]2C)cc1,1
C[C]1N=NC(C)=C1c1ccc(-c2ccc(C3=C(C)N=N[C]3C)cc2)cc1,1
O=C([O-])[C]1([Co])C=CC=C1,1
O=C([O-])[C]1([Co])[CH]C=C[CH]1,1
[CH]1N=C[N]N1CCOCCN1[CH]N=C[N]1,1
CCCc1nc(C(=O)O)c(C(=O)[O-])[nH]1,1
Cc1nc2ccccc2n1Cc1ccccc1Cn1c(C)nc2ccccc21,1
C(=Nc1ccc(N=Cc2cccnc2)cc1)c1cccnc1,1
O=C([O-])c1cccc2nnsc12,1
O=C([O-])C1C(=CCO)OC2CC(=O)N21,1
[O]C1=C2[C](O)C=C(O)C(S([O])([O])[O])=C2OC(c2ccc(O)c(O)c2)=C1O,1
[O]C1=C2[C](OC(c3ccc(O)c(O)c3)=C1O)C(S([O])([O])[O])=C(O)C=C2O,1
[O]S([O])([O])c1cc([N+](=O)[O-])ccc1Cl,1
[O]S([O])([O])c1ccc(-c2cc(C3=C[N]([Ag]<-[OH2])[CH]C=C3)nc(-c3cccnc3)c2)c(S([O])([O])[O])c1,1
C(CC1=NN=N[N]1)CC1=NN=N[N]1,1
O=C([O-])c1cc(C(=O)[O-])cc(-c2ccc(-c3ccc(-c4cc(C(=O)[O-])cc(C(=O)[O-])c4)cc3)cc2)c1,1
O=C([O-])c1ccc(OCCN(CCOc2ccc(C(=O)[O-])cc2)CCOc2ccc(C(=O)O)cc2)cc1,1
C(#Cc1cnc2ccccc2c1)c1cnc2ccccc2c1,1
O=C(Nc1cccnc1)OCCCCOC(=O)Nc1cccnc1,1
O=C([O-])CNC(=O)CC(=O)NCC(=O)[O-],1
O=C(NCc1ccncc1)Nc1cccnc1,1
O=C(NCc1cccnc1)Nc1cccnc1,1
c1cc(-c2cscc2-n2ccnc2)ccn1,1
O=C1N=C(C(=O)[O-])[C]([N+](=O)[O-])C(=O)N1,1
O=C([O-])c1ccc(CNC(CO)C(=O)[O-])cc1,1
S=C1N=NC(=S)S1,1
O=C([O-])c1cc(C#Cc2cc(C(=O)[O-])cc(C(=O)O)c2)cc(C(=O)O)c1,1
c1ccc2c(c1)C1c3ccccc3C2c2cc3nccnc3cc21,1
CC(C(=O)[O-])n1nnnc1N,1
CP([O])(=O)c1ccccc1,1
O=C([O-])CCCC1=NN=N[N]1,1
O=C(NCc1ccncc1)c1cc(C(=O)NCc2ccncc2)cc(C(=O)NCc2ccncc2)c1,1
Cc1cnccc1Sc1ccncc1C,1
[O]C1CCCCC1[O],1
c1ccc([C]2N=C(c3cccnc3)[N]N2Cn2cncn2)nc1,1
[CH]1C=C(c2nc(-c3cccnc3)n(CN3[CH]N=C[N]3)n2)C=CN1,1
C(#Cc1cccnc1)c1cccnc1,1
O=C([O-])CC(O)C(=O)O,1
O=P(Nc1cccnc1)(Nc1cccnc1)Nc1cccnc1,1
c1cnc(CSCc2cnccn2)cn1,1
c1ccc(CSCc2cnccn2)cc1,1
Cc1cccc(C)c1[N]C(=O)C(=O)[O-],1
[CH]1C=CC=C1C=Cc1ccncc1,1
O=C1CN2CCN3CC(=O)[O][Sm]4(<-[OH2])([O]1)([O]C(=O)C3)[O]C(=O)CN(CC2)CC(=O)[O]4,1
O=C([O-])c1nc2sc(C(=O)[O-])nc2s1,1
O=C([O-])CN1[N]N=C(Nc2nnnn2CC(=O)[O-])[N]1,1
O=C([O-])c1cc(COc2ccccc2C(=O)[O-])cc(C(=O)O)c1,1
CCC1=N[CH]C=N1,1
c1c(C2=NN=N[N]2)cc(C2=N[N]N=N2)cc1C1=NN=N[N]1,1
[O][Se][O],1
C(#Cc1ccccn1)c1ccc(-c2ccncc2)cc1,1
CC1=N[C](C(=O)[O-])C(C(=O)[O-])=N1,1
c1cc(C2=NC(c3cnccn3)=N[N]2)ccn1,1
CC(C)OC(=O)c1ccccc1C(=O)C([C](C#N)C#N)=C(C#N)C#N,1
O=C([O-])c1ccc(-n2cc(C(=O)[O-])nn2)cc1,1
O=C([O-])c1cc(C(=O)O)c(C(=O)O)cc1C(=O)[O-],1
CCC(C)(CC(=O)[O-])CC(=O)[O-],1
O=C([O-])c1cc([C]2[O][Co](<-[OH2])(<-[OH2])(<-[OH2])(<-[OH2])[O]2)cc(C(=O)[O-])c1,1
c1cc(Cn2cnc3ccccc32)cc(Cn2cnc3ccccc32)c1,1
Cc1cc(C)nc(SCCCCCCSc2nc(C)cc(C)n2)n1,1
c1ncn(CCCCCCn2cncn2)n1,1
CC(N)C(=O)[N]C(CCC(N)=O)C(=O)[O-],1
CN1C(=S)[N]N=C1c1ccccn1,1
CCN1C(=S)[N]N=C1c1ccccn1,1
O=C(O)c1ccc(C(=O)[O-])nc1,1
C(=Cc1cccc(C=Cc2ccncc2)c1)c1ccncc1,1
CCOC(=O)[C](C=Nc1ccccc1C(=O)[O-])C(=O)C(F)(F)C(F)F,1
CS([O])([O])[O],1
O=C1CN2CCCN3CC(=O)[O][Mg]([O]1)([O]C(=O)C2)[O]C(=O)C3,1
CN1[C](NCC(=O)NCC(=O)[O-])N=C(N)C(=N[O])C1=O,1
O=C([O-])c1ccc(C(=O)[O-])c(-c2ccc(C(=O)O)cc2)c1,1
O=C(O)c1cc(C(=O)O)cc(C(=O)O)c1,1
Nc1nc2c(ncn2CCC(=O)[O-])c(=O)[nH]1,1
N[C]1N=C2N=CN(CCC(=O)[O-])[C]2C(=O)N1,1
NC1=NC2=N[CH]N(CCC(=O)[O-])[C]2C(=O)N1,1
Nc1[c]c(-n2ccnc2)c(N)[c]c1-n1ccnc1,1
CCN(CC)C(=O)c1cccnc1,1
[O]P([O])(=O)c1ccc(S([O])([O])[O])cc1,1
O=C([O-])c1ccc2c3ccc(C(=O)[O-])c4c(C(=O)[O-])ccc(c5ccc(C(=O)[O-])c1c25)c43,1
[CH2]C(=C)C(=O)[O-],1
c1cc(CN2CCOCCOCCN(Cc3ccncc3)CCOCCOCC2)ccn1,1
CCc1nccnc1CC,1
O=C([O-])Cc1ccc(Cl)nc1,1
CC(O)C([N]C(=O)CN)C(=O)[O-],1
CSC1=NC(N)=N[N]1,1
O=C1[N]c2ccccc2NC1=O,1
CCc1nnc(CC)n1N,1
Cc1nnc(C)[nH]1,1
N#Cc1ccccn1,1
c1cnn(CCCCCCn2nccn2)n1,1
COC(=O)c1nc(-c2ccccn2)c(-c2ccccn2)nc1C(=O)OC,1
O=C([O-])[C]1N=CC=CN1,1
CC1=NN=C(C)[C]1Cc1ccc(C(=O)[O-])cc1,1
CC1=N[N]C(C)=C1Cc1ccc(C(=O)[O-])cc1,1
Cc1nccn1CCCCCn1ccnc1C,1
CCc1nccn1CCCCCn1ccnc1CC,1
O=C([O-])CN(CCCN(CC(=O)[O-])CC(=O)O)CC(=O)[O-],1
O=C([O-])c1cc(C(=O)[O][Zn](<-[OH2])(<-[OH2])<-[OH2])c(C(=O)[O-])nc1C(=O)[O-],1
O=C1C(Br)=C(Br)C(=O)C(Br)=C1Br,1
O=S(=O)([N]Cl)c1ccc(Cl)cc1,1
O=S(=O)([N]Br)c1ccccc1Cl,1
O=S(=O)([N]Br)c1ccc(Cl)cc1,1
O=C1C(=O)c2cccnc2-c2ncccc21,1
[O]S([O])([O])CNC(=O)Nc1ccc(C(F)(F)F)cc1,1
O=C([O-])c1ccc2ccccc2n1,1
Nc1cc(C(=O)O)ccc1Oc1cc(C(=O)[O-])cc(C(=O)[O-])c1,1
[O]P(=O)(CP([O])(=O)c1ccccc1)c1ccccc1,1
Cc1cccc(C=N[O])n1,1
C1=NC(C2=NCCCN2)=C(C2=NCCCN2)[N]1,1
O=C1[O][Pt]([Cl])([Cl])<-[NH]2CCCC12,1
O=C([O-])c1cc(C(=O)O)cc([N+](=O)[O-])c1,1
O=C([O-])CCNC(=O)c1ccc(C(=O)NCCC(=O)[O-])cc1,1
O=C([O-])c1cc2cc3cc(C(=O)[O-])sc3cc2s1,1
O=C([O-])C1=C(C(=O)[O-])N=C(c2cccc(O)c2)[N]1,1
O=C([O-])Cc1ccc(Cl)cc1,1
CSCCN=C1N(C)CCN1C,1
[O]c1ccccc1C(=O)[N][N]C=O,1
CN(C)C(=S)Oc1cc(C(=O)[O-])ccc1-c1ccc(C(=O)[O-])cc1,1
CC(C)C(NCc1cccnc1)C(=O)[O-],1
c1ccc(P(CCCP(c2ccccc2)c2ccccc2)c2ccccc2)cc1,1
O=C([O-])c1cc(C#Cc2cccnc2)cc(C(=O)[O-])c1,1
Nc1ccc(S([O])([O])[O])cc1C(=O)[O-],1
[O]S([O])([O])c1ccccc1NN=C1C(=O)NC(=O)NC1=O,1
NC(=O)c1cc([N+](=O)[O-])ccc1C(=O)[O-],1
O=C1NC23NC(=O)NC2(N1)c1cccnc1-c1ncccc13,1
O=C(c1ccc(C(=O)[O-])c(C(=O)[O-])c1)c1ccc(C(=O)O)c(C(=O)[O-])c1,1
O=C([O-])C1CC(C(=O)O)C(C(=O)[O-])CC1C(=O)O.O=C([O-])C1CC(C(=O)[O-])C(C(=O)[O-])CC1C(=O)[O-].O=C([O-])C1CC(C(=O)[O-])C(C(=O)[O-])CC1C(=O)[O-],1
O=C([O-])CC(O)(CC(=O)O)C(=O)O,1
O=C([O-])c1ccc(OCC(COc2ccc(C(=O)[O-])cc2)(COc2ccc(C(=O)[O-])cc2)COc2ccc(C(=O)O)cc2)cc1,1
O=C([O-])c1cc(Oc2ccc(C3=N[N]N=N3)cc2)cc(C(=O)[O-])c1,1
Nc1ccc(Oc2ccc(NC(=O)c3ccncc3)cc2)cc1,1
C1SCC23CSCC12C3,1
[CH]([N][N][CH]c1ccccn1)c1ccccn1,1
O=C([O-])Cn1nn[nH]c1=S,1
O=C([O-])c1cc(OCc2ccc(COc3cc(C(=O)[O-])cc(C(=O)O)c3)cc2)cc(C(=O)O)c1,1
O=C(CC(O)C(=O)[O-])[O][Sn],1
CCOc1cc(-c2ccc(C(=O)[O-])c(OCC)c2)ccc1C(=O)[O-],1
O=C([O-])c1cc(Nc2nn[nH]n2)cc(C(=O)[O-])c1,1
Cc1nnc(-c2cccc(-c3nnc(C)n3-c3ccc(C(=O)[O-])cc3)c2)n1-c1ccc(C(=O)[O-])cc1,1
c1cc([N][N]c2cccc(-n3ccnc3)c2)cc(-n2ccnc2)c1,1
NC(=O)C1OC1C(=O)O,1
O=C(NCCNC(=O)c1cc[n+]([O-])cc1)c1cc[n+]([O-])cc1,1
O=C([O-])CN1[CH]NC=C1,1
CCOc1ccc2c(=O)c(-c3ccc(O)c(S([O])([O])[O])c3)coc2c1,1
[O]P([O])(=O)C1=CC(C(=O)[O-])=CN[CH]1,1
O=C([O-])COc1ccc(C(=O)O)cc1OCC(=O)[O-],1
Nn1c(-c2ccc(Cn3cnc4ccccc43)cc2)nnc1-c1ccc(Cn2cnc3ccccc32)cc1,1
O=C([O-])c1cc(COc2ccc(C(=O)O)cc2)cc(C(=O)[O-])c1,1
O=C([O-])c1ccc(N(c2ccc(C(=O)[O-])cc2)c2ccc([N+](=O)[O-])cc2)cc1,1
C(=CCSc1ncccn1)CSc1ncccn1,1
C=CC(C)=CC#N,1
c1ccc(CSCCOCCOCCSCc2ccccc2)cc1,1
Nc1nc(N)n(CC(=O)[O-])n1,1
c1ccc(-c2nc(C3=NN=N[N]3)c(C3=N[N]N=N3)nc2-c2ccccn2)nc1,1
c1ccc(-c2nc(C3=N[N]N=N3)c(C3=N[N]N=N3)nc2-c2ccccn2)nc1,1
O=[N+]([O-])c1ccc(O)cc1,1
c1ccc2c(c1)CSCCCSCc1ccccc1OCCO2,1
c1cc(-c2cc(-c3ccncc3)cc(-c3ccncc3)c2)ccn1,1
O=C(OCCOCCOCCOC(=O)c1cccnc1)c1cccnc1,1
O=C([O-])c1cccc(Cl)c1C(=O)[O-],1
O=C([O-])c1ccc(-c2cc(-c3cccnc3)nc(-c3cccnc3)c2)cc1,1
CSC1=C(SC)SC(=C2SC(SCCC#N)=C(SCCC#N)S2)S1,1
O=C(Nc1ccc(NC(=O)NC(Cc2ccccc2)C(=O)[O-])cc1)NC(Cc1ccccc1)C(=O)[O-],1
O=C([O-])c1ccc(N2C(=O)c3cc4c(cc3C2=O)N=C[N]4)cc1,1
c1ccc([Si](c2ccccc2)(c2ccncc2)c2ccncc2)cc1,1
CC(N=Cc1ccccc1[O])c1ccccn1,1
ON=C(c1ccncc1)c1ccccn1,1
ON=C(c1cccnc1)c1ccccn1,1
NC(Cc1ccc([O])cc1)C(=O)[O-],1
O=C([O-])c1cc(OCC(COc2cc(C(=O)[O-])cc(C(=O)[O-])c2)(COc2cc(C(=O)[O-])cc(C(=O)[O-])c2)COc2cc(C(=O)[O-])cc(C(=O)[O-])c2)cc(C(=O)[O-])c1,1
C1=CN=C(c2ncc[nH]2)[N]1,1
O=C([O-])C1OC(C(=O)[O-])C(C(=O)O)C1C(=O)O,1
c1ccc(C2=N[C](c3ccc(-c4ccncc4)cc3)N[N]2)nc1,1
c1ccc([C]2N=C(c3ccc(-c4ccncc4)cc3)[N]N2)nc1,1
c1cncc(-c2nnc(-c3cccnc3)nn2)c1,1
C[N+](=O)[O-],1
O=C([O-])c1cccc(-c2nnc(-c3cccc(C(=O)[O-])c3)nn2)c1,1
O=C([O-])c1ccc(-c2cncc(C(=O)[O-])c2)cc1,1
[O]c1cc(C(=O)[O-])cc(O)c1[O],1
Cc1cc(C)c(S(=O)(=O)[N]c2ncccc2C)c(C)c1,1
O=C([O-])c1cc(NC(=O)c2ccc(-c3cccnc3)cc2)cc(C(=O)[O-])c1,1
[O][N]C=N[O],1
O=C1C[N]23->[Pb]([O]1)([O]C(=O)C2)[O]C(=O)C3,1
C(=Cc1c2ccccc2c(C=Cc2cccnc2)c2ccccc12)c1cccnc1,1
N#Cc1ccc(C2=N[C](C(=O)[O-])C(C(=O)O)=N2)cc1,1
O=C([O-])c1ccncc1Cl,1
c1ccc(-c2nnc(-c3cccnc3)o2)nc1,1
CC(C)(CC(=O)[O-])CC(=O)[O-],1
S=C1[N]N=C(c2cccnc2)S1,1
Cc1c(C)c(Cn2cncn2)c(C)c(C)c1CN1[CH]N=C[N]1,1
O=C([O-])C(F)(F)C(F)(F)C(F)(F)C(=O)[O-],1
O=C([O-])c1ccc(-c2ccc(-n3ccnc3)cc2)cc1,1
CC1=C([N][N])C(=O)N(c2ccc(S([O])([O])[O])cc2)[N]1,1
O=C([O-])COc1ccccc1Cl,1
O=C([O-])c1cccc(-c2cc(C(=O)[O-])cc(C(=O)[O-])c2)c1,1
C(#Cc1ccccc1C#Cc1ccccn1)c1ccccn1,1
O=C([O-])c1ccnc(-c2ccccc2)n1,1
O=C([O-])c1ccc(C(c2ccc(C(=O)O)cc2)n2ccnc2)cc1,1
O=C([O-])c1cc(COc2ccccc2C(=O)[O-])cc(C(=O)[O-])c1,1
[O]P(=O)(c1ccccc1C(=O)O)c1ccccc1C(=O)O,1
c1ccc2c(-c3c(OCc4ccncc4)ccc4ccccc34)c(OCc3ccncc3)ccc2c1,1
N#C[C](C(N)=O)[N+](=O)[O-],1
CC(O)(c1cccnc1)C(C)(O)c1cccnc1,1
O=C([O-])c1cc(Cl)cc(C(=O)[O-])c1,1
[O]S([O])([O])c1ccncc1,1
C1COCCOCCOCCOCCOCCO1,1
[N]=O,1
CCOP([O])(=O)Cc1ccc(-c2ccc(CP([O])(=O)OCC)cc2)cc1,1
[O]c1cc(Cl)c(Cl)cc1Cl,1
C[C](O)c1nc2cc(C(=O)[O-])ccc2[nH]1,1
CC(=O)[N]N=Cc1ccccc1[O],1
Cn1c(C2=C[N]N=N2)nc2ccccc21,1
Cn1c([C]2C=NN=N2)nc2ccccc21,1
Cc1c(C(=O)[O-])c(O)cc2c1C(=O)c1c(O)c(C3OC(CO)C(O)C(O)C3O)c(O)c(O)c1C2=O,1
COc1ccc([N+](=O)[O-])cc1NC(=O)CCC(=O)[O-],1
O=C([O-])c1ccc(-c2cncnc2)c(C(=O)[O-])c1,1
Cc1cccc(C(=O)[O-])c1,1
O=C([O-])c1nccnc1NCNc1nccnc1C(=O)[O-],1
[CH]1NC=CN=C1C1=NN=C[CH]1,1
[CH]1NC=CN=C1C1=N[N]C=C1,1
[O]S([O])([O])c1ccc(C=O)o1,1
Brc1ccc(SCSc2ccc(Br)cc2)cc1,1
Cc1ccc(SCSc2ccc(C)cc2)cc1,1
Nn1c(-c2ccc(-n3ccnc3)cc2)nnc1-c1ccc(-n2ccnc2)cc1,1
O=C(O)[C]1N=C(c2ccncc2)N=C1C(=O)[O-],1
O=C([O-])c1cccc(OCc2c(COc3cccc(C(=O)[O-])c3)c(COc3cccc(C(=O)[O-])c3)c(COc3cccc(C(=O)[O-])c3)c(COc3cccc(C(=O)[O-])c3)c2COc2cccc(C(=O)[O-])c2)c1,1
O=C([O-])CN1[CH]C=CC(c2ccc(C(=O)[O-])cc2)=C1,1
O=C([O-])CN1[N]N=C(c2ncccn2)[N]1,1
CN1C(=S)CCC1c1cccnc1,1
CN1[C]([Se])CCC1c1cccnc1,1
CC(C)=NNC(=O)c1cc(S([O])([O])[O])ccc1[O],1
CC(=O)C(=N[N]c1ccccc1C(=O)[O-])C(=O)Nc1ccccc1,1
CC[C]1C(=O)C(=O)C(CC)=C([O])C1=O,1
O=C([O-])c1ccc(C(=O)NC(Cc2cnc[nH]2)C(=O)[O-])cc1,1
N#C[N]C(N)=O,1
Cc1cccc(C)c1NC(=O)CC1(C)C(=O)[C](C#N)C(=O)N1c1ccc(Br)cc1,1
N#Cc1ccc(-c2ccc(-c3ccc(C#N)s3)s2)s1,1
O=C([O-])c1cccnc1-c1ccccn1,1
O=C([O-])C1(C(=O)[O-])CC(O)C1,1
O=C([O-])c1ccccc1Oc1ccccc1C(=O)[O-],1
Ic1cnccn1,1
O=c1ccccn1CCn1ccccc1=O,1
[O]S([O])([O])c1ccc(-c2ccc(-c3ccc(S([O])([O])[O])cc3)cc2)cc1,1
CC(C)(C)n1ccn(Cn2ccn(C(C)(C)C)c2=S)c1=S,1
O=C([O-])c1c(Cl)c(Cl)c(Cl)c(C(=O)[O-])c1Cl,1
O=C([O-])c1ccc(NC(=S)Nc2ccc(C(=O)[O-])cc2)cc1,1
Cc1cc(CN2[CH]N=C[N]2)c(O)c(CN2[CH]N=C[N]2)c1,1
c1ccc(-c2ccnc(SCCCCCCSc3nccc(-c4ccccc4)n3)n2)cc1,1
CCN(Cc1ccncc1)C([S])=S,1
[O]S([O])([O])c1cncc(Br)c1,1
O=C([O-])COc1ccc(-c2ccc(C(=O)[O-])cc2)cc1C(=O)[O-],1
[CH2][CH]CSc1nnc(-c2ccccc2)n1CC=C,1
[O]N=C1C=C(Cl)C=CC1=O,1
[O][N]C1=C[C](Cl)C=CC1=O,1
CN1C(=O)[C](C#N)C(=O)N(C)C1=O,1
c1ccc2c(c1)CSCc1ccc(cc1)CSCc1ccccc1OCCCO2,1
O=C([O-])c1cc2c(cc1C(=O)[O-])C(=O)N[N]C2=O,1
CN(N)C1=NN=N[N]1,1
O=C([O-])C=Cc1ccc(F)cc1,1
CO[C]1C(=O)C(=O)[C](OC)C(=O)C1=O,1
COc1c2c(c(OC)c3c1[O][Li](<-[OH2])(<-[OH2])[O]3)[O][Li](<-[OH2])(<-[OH2])[O]2,1
CCOC(=O)C(=C[CH]C(=O)C(F)(F)F)C(=O)OCC,1
CCOC(=O)[C](C=CC(=O)C(F)(F)F)C(=O)OCC,1
N[C]1N=C[N]c2[nH]cnc21,1
c1ccc(P(CN(CP(c2ccccc2)c2ccccc2)c2cccnc2)c2ccccc2)cc1,1
OCc1ccncc1,1
Cn1nnnc1[N][N]c1nnnn1C,1
CSC1=C(SC)SC(=C2SC(SC)=C(SC)S2)S1,1
COCCOCCOC,1
O.[O]CCN(CC[O])CP([O])([O])=O,1
O=C(O)CCCC(=O)O,1
[O]c1ccc(Br)cc1C(=O)[O-],1
O=C([O-])CN(CCN(CC(=O)[O-])Cc1ccccn1)CC(=O)[O-],1
O=C(Nc1cccnc1)c1cccnc1C(=O)[O-],1
CC(NC(=O)c1cc(C(=O)NC(C)C(=O)[O-])cc(C(=O)NC(C)C(=O)[O-])c1)C(=O)[O-],1
COc1cc2c(-c3ccc(C(=O)[O-])cc3)c3cc(OC)c(OC)cc3c(-c3ccc(C(=O)[O-])cc3)c2cc1OC,1
O=C(O)c1nc(-c2ccccc2-c2nc(C(=O)O)c(C(=O)[O-])[nH]2)[nH]c1C(=O)[O-],1
c1ccc2c(c1)=N[N]N=2,1
O=C([O-])[C]1C=C[CH][CH]1[Fe],1
O=C([O-])CN(CC(=O)[O-])Cc1ccc(Cl)cc1,1
N#CC1=C(C#N)N=C(N)[N]1,1
[CH]1N=C(c2cnccn2)[N]N1,1
[O]P(=O)(O)Cc1ccc(-c2ccc(CP([O])(=O)O)cc2)cc1,1
COc1c(F)c(F)c(-c2cnc(N)nc2)c(F)c1F,1
O=[N+]([O-])c1ccc([N][N][N]c2ccc([N+](=O)[O-])cc2)cc1,1
O=C(O)C=Cc1ccc(O)c(O)c1,1
c1ccc(CN2CCN(Cc3ccccc3)CC2)cc1,1
CCN1CCN(CC)CC1,1
O=S(=O)([N]Cl)c1ccc(Cl)cc1Cl,1
Cc1cc(C)c(N2[C]N(c3cc(C(C)(C)C)c([O])c(C(C)(C)C)c3)CC2)c(C)c1,1
O=S(=O)([N]Br)c1ccccc1,1
CC(=O)NCCCS([O])([O])[O],1
O=C1[N]S(=O)(=O)c2cccc(O)c21,1
O=C(O)C=Cc1c2ccccc2c(C=CC(=O)O)c2ccccc12,1
c1cc(Nc2ccncc2)nc(Nc2ccncc2)c1,1
[O]N1[C](C(=O)[O-])C=CC=C1C(=O)[O-],1
Cc1nc2ccccc2n1Cc1cccc(Cn2c(C)nc3ccccc32)c1,1
O=C([O-])c1ccc2c(c1)N(O)N(O)c1cc(C(=O)[O-])ccc1-2,1
O=C([O-])c1ccc(-c2ncc[nH]2)cc1,1
CCCn1cnc2c1[N]C=N[C]2N,1
CCCn1cnc2c1[N]C=N[C]2Cl,1
O=C([O-])C(Cc1ccccc1)NCc1ccncc1,1
Fc1[c]c(F)c(F)cc1F,1
CC(=O)[C](C(C)=O)C(C)=O,1
OCC1=NN=C(CO)[N]1,1
[CH]([N][N][C]([C]([N][N][CH]c1ccnc2ccccc12)c1ccccc1)c1ccccc1)c1ccnc2ccccc12,1
CCOP(=O)(OCC)c1ccnc(-c2cc(P(=O)(OCC)OCC)ccn2)c1,1
[O]P([O])(=O)Cc1cc(CP([O])(=O)O)cc(CP([O])(=O)O)c1,1
[C][C]1c2nccc(-c3ccnc4c3[C]4[C])c21,1
CC([N]C(=O)CN)C(=O)[O-],1
Cc1cc(-c2ccc(NCc3ccncc3)c(C)c2)ccc1NCc1ccncc1,1
[O]P([O])(=O)Cc1cccc(CP([O])([O])=O)c1,1
OCCN(CCO)CCO,1
Cc1cc2ncn(CCCCCCn3cnc4cc(C)c(C)cc43)c2cc1C,1
O=C([O-])C1CCCO1,1
Nc1cc(S([O])([O])[O])ccc1S([O])([O])[O],1
OCC1OCOC(CO)C(O)C1O,1
[O]S([O])([O])c1ccc(C2=C3C=CC4=[N]3->[Pt]35<-[N]6=C(C=CC6=C(c6ccc(S([O])([O])[O])cc6)c6ccc2[n]63)C(c2ccc(S([O])([O])[O])cc2)=c2ccc([n]25)=C4c2ccccc2)cc1,1
[S]C(=S)N(Cc1ccccc1)Cc1cccnc1,1
[S]C(=S)N(Cc1cccnc1)Cc1cccnc1,1
C1C2(C3=NN=N[N]3)CC3(C4=NN=N[N]4)CC1(C1=NN=N[N]1)CC(C1=NN=N[N]1)(C2)C3,1
CCN(CC)C(=O)[S],1
c1ccc(SCc2cccc(CSc3ccccn3)c2)nc1,1
O=C([O-])c1cnc(C(=O)[O-])c(C(=O)[O-])n1,1
O=C([O-])C(CO)NCc1ccncc1,1
c1ccc(-c2nccnc2-c2ccccn2)nc1,1
CCOc1ccc2c(=O)c(-c3ccc(OC)c(S([O])([O])[O])c3)coc2c1,1
COc1ccc(-c2coc3ccc(F)cc3c2=O)cc1S([O])([O])[O],1
O=C([O-])c1ccc(Oc2cccc(C(=O)[O-])c2C(=O)[O-])cc1C(=O)[O-],1
c1cc(C2=N[N]N=N2)cc(-n2ccnc2)c1,1
O=C([O-])c1cc([S])ccc1[N+](=O)[O-],1
[O]c1ccc(C(=O)[O-])nc1-c1nc(C(=O)[O-])ccc1O,1
CSCc1cc(-c2ccc(-c3cc(CSC)nc(CSC)c3)cc2)cc(CSC)n1,1
CSc1cccc(NC(=O)Nc2ccccn2)c1,1
O=C(O)C=CC(=O)O.O=C([O-])C=CC(=O)O,1
O=C([O-])c1ccc(C2=C(c3ccc(C(=O)O)cc3)SC(=C3SC(c4ccc(C(=O)[O-])cc4)=C(c4ccc(C(=O)O)cc4)S3)S2)cc1,1
CCCCOc1cc(-c2ccncc2)c(OCCCC)cc1-c1ccncc1,1
O=C([O-])c1ccc(CN(Cc2ccc(C(=O)[O-])cc2)Cc2ccc(C(=O)[O-])cc2)cc1,1
c1cc(-c2ccc(C3=NN=C(c4cnccn4)[N]3)cc2)ccn1,1
Cc1c(C)c(CNc2cc(C(=O)[O-])cc(C(=O)O)c2)c(C)c(C)c1CNc1cc(C(=O)[O-])cc(C(=O)[O-])c1,1
COc1cccc(C2=N[C](C(=O)[O-])C(C(=O)[O-])=N2)c1,1
C1=Nc2cc3c(cc2[N]1)[N]C=N3,1
CS(C)(=O)=O,1
C1=CN=C(c2ccccc2)[N]1,1
O=C1[N]C(C(=O)[O-])=NC(=O)N1,1
C#CCOc1cc(C(=O)[O-])cc(C(=O)[O-])c1,1
O=C1C=C[CH]C(c2cccc(O)n2)=N1.[OH],1
C1=N[N]C=P1,1
S=C1[N]N=CS1,1
O=C([O-])C=Cc1ccc(C=CC(=O)O)cc1,1
c1cnc(-n2cncn2)cn1,1
c1ccc2c(c1)nnn2CCCCn1nnc2ccccc21,1
C1CCc2nnnn2CC1,1
O=C([O-])c1ccc(NCc2cccc(CNc3ccc(C(=O)[O-])cc3)c2)cc1,1
FC(F)(F)[C]1C=CC(=S)N=C1,1
O=C1[N]C([N+](=O)[O-])=NN1,1
O=C1N=C([N+](=O)[O-])[N]N1,1
O=C([O-])[C]1NC=CN=C1C(=O)[O-],1
Fc1cc(C2=C[N]N=C2)c(F)cc1[C]1C=NN=C1,1
Fc1cc([C]2C=NN=C2)c(F)cc1[C]1C=NN=C1,1
Cc1cc(C2=C[N]N=C2)c(C)cc1[C]1C=NN=C1,1
Fc1cc(C2=CN=N[CH]2)c(F)cc1C1=CN=N[CH]1,1
O=C([O-])c1cc(NC(=O)c2ccc(-c3cncnc3)cc2)cc(C(=O)[O-])c1,1
[O]c1c(Br)cc(Br)cc1[CH][N]n1cnnc1,1
[O]c1c(Cl)cc(Cl)cc1[CH][N]n1cnnc1,1
S=c1ccccn1-c1ccccn1,1
C=CCSc1nnnn1-c1ccc(Cl)cc1,1
O=C([O-])c1cccc(-c2cccc(C(=O)[O-])n2)n1,1
N#CCCOCCC#N,1
CSCc1cccc(CSC)c1,1
NCCCN1CCN(CCCN)CC1,1
O=C([O-])c1ccc2[nH]c(=O)c(=O)[nH]c2c1,1
C=CCn1nc2ccccc2n1,1
CCC(c1ccccc1)n1cnnc1,1
[O]P([O])(=O)C(O)(C1(N2[CH]NC=C2)CC1)P([O])([O])=O,1
O=C1[N]C(=O)C2C3C=CC(C12)C1C(=O)[N]C(=O)C31,1
O=C([O-])CNC(=O)c1cccnc1,1
[O-][n+]1c(-c2cccnc2)cccc1-c1cccnc1,1
S=c1n(Cc2ccccc2)ccn1Cn1ccn(Cc2ccccc2)c1=S,1
NC(Cc1ccncc1)C(=O)[O-],1
O=C1CC[N]23->[Co]45(<-[N](CCC2)(CCC(=O)[O]4)CC(=O)[O]5)([O]1)[O]C(=O)C3,1
Cc1nc(C)c(C(=O)[O-])c(C=Cc2ccccc2)c1C(=O)[O-],1
[O]c1cccc(C=NN=Cc2cccc(O)c2[O])c1[O],1
O=C([O-])C=Cc1cccc(O)c1,1
O=C([O-])c1nc(-c2ccc(-c3ccncc3)cc2)[nH]c1C(=O)[O-],1
C1=C2OC3=CC4=NN=N[C]4C=C3O[C]2C=C2N=NN=C12,1
c1cnc2c(ccc3nccnc32)n1,1
c1ccc(NCc2ccc(CNc3ccccn3)cc2)nc1,1
[O]S([O])([O])Cc1ccccc1,1
c1ccc2nc(-c3nnc(-c4ccncc4)o3)ccc2c1,1
[NH]S(=O)(=O)c1cc(C(=O)[O-])c(Cl)cc1Cl,1
[O]c1cccc(C=O)c1[O],1
[O]c1cccc2cccnc12,1
O=C([O-])C1CC(C(=O)[O-])C(C(=O)O)C1C(=O)O,1
OCC1SCCS1,1
Nc1cc(C(=O)O)ccc1C(=O)[O-],1
Cc1c[n+]([O-])cc[n+]1[O-],1
c1ccc(-n2c3ccc(N(c4ccccn4)c4ccccn4)cc3c3cc(N(c4ccccn4)c4ccccn4)ccc32)cc1,1
O=C([O-])C1=C(C(=O)O)[N]C(c2c[nH]cn2)=N1,1
N#C[C](C=CC=O)[N+](=O)[O-],1
O=C([O-])[C]1CCC[N]1,1
CC([O])=C[C]([O])c1cccc(-n2ccnc2)c1,1
N#C[C](C#N)[C]([C](C#N)C#N)[C](C#N)C#N,1
[O]OC(=O)c1cc(-c2ccc(C(=O)[O-])cc2)c(-c2ccc(C(=O)[O-])cc2)cc1C(=O)O,1
[O]NC(=O)c1ccccc1O,1
O=C([O-])c1cc(C(=O)[O-])c(C(=O)c2ccccc2)cc1C(=O)c1ccccc1,1
[CH]1C=NC([C](C2=CC=C[N]2)c2ccncc2)=C1,1
N#Cc1ccc2c(c1)c1cc(C#N)ccc1n2-c1ccccc1,1
C[C]1N=NC(C)=C1C1=C(C)[N]N=C1C,1
C[C]1N=NC(C)=C1[C]1C(C)=NN=C1C,1
O=C([O-])c1cc(NC(=O)c2ccc(C3=NN=N[N]3)cc2)cc(C(=O)[O-])c1,1
O=C([O-])c1cccc(NC(=O)c2cccc(C(=O)Nc3cccc(C(=O)[O-])c3)c2)c1,1
[O]P([O])(=O)C(O)(CC1=CC=CN[CH]1)P([O])([O])=O,1
Cc1ccc(SCN(CSc2ccc(C)cc2C)CSc2ccc(C)cc2C)c(C)c1,1
Nc1cnccc1-c1ccncc1,1
[O]P([O])(=O)C(O)(Cc1cccnc1)P([O])([O])=O,1
c1cc(Cc2ccncc2)ccn1,1
C1=NC(C2=NN=N[N]2)=C(C2=NN=N[N]2)[N]1,1
O=C([O-])c1ccc(C(=O)[O-])c(NC(=O)c2ccccc2)c1,1
COc1cc(CCC(=O)[CH]C(=O)CCc2ccc(OC(C)=O)c(OC)c2)ccc1OC(C)=O,1
[O]P(=O)(c1c(C(=O)[O-])cccc1C(=O)[O-])c1c(C(=O)[O-])cccc1C(=O)[O-],1
Cn1cc(-c2cn(C)c(=O)n(C)c2=O)c(=O)n(C)c1=O,1
O=C([O-])c1ccc(-c2cc(C(=O)[O-])c(C(=O)[O-])cc2-c2ccc(C(=O)O)cc2)cc1,1
Cc1nnc(-c2ccncc2)n1-c1cc(C(=O)[O-])cc(C(=O)O)c1,1
[O]c1c(F)c(F)c(F)c(F)c1F,1
CC1=NN(c2cccc(S([O])([O])[O])c2)C(=O)C1=NNc1cc(Cl)c(Cl)cc1S([O])([O])[O],1
CC1=NN(c2cccc(S([O])([O])[O])c2)C(=O)C1=NNc1cc(Cl)c(C)cc1S([O])([O])[O],1
Nc1nc2c(ncn2COCCO)c(=O)[nH]1,1
Cc1ccc(S(=O)(=O)NC(CSCC(=O)[O-])C(=O)[O-])cc1,1
c1ccc(-n2cnnc2)nc1,1
c1cn(Cc2cc(Cn3ccnc3)c(Cn3ccnc3)cc2Cn2ccnc2)cn1,1
[Br][Cu][N]1[CH]N=CN=C1,1
[O]c1c(S([O])([O])[O])cc(Cl)cc1S([O])([O])[O],1
O=C([O-])c1cc(C(=O)[O-])cc(-c2cc(-c3ccncc3)nc(-c3ccncc3)c2)c1,1
O=C([O-])C(Cc1ccccc1)N=Cc1c[nH]cn1,1
c1ccc2nn(CCn3nnc4ccccc43)nc2c1,1
O=C([O-])CN(CC(=O)[O-])c1ccccc1,1
O=C([O-])c1cc(Nc2cccnc2)cc(C(=O)[O-])c1,1
Nc1ncc2ncn(CCC(=O)[O-])c2n1,1
NC1=N[CH]c2ncn(CCC(=O)[O-])c2[N]1,1
O=C([O-])C1CC=CCC1,1
[O]CC[O],1
C(CC1=NN=N[N]1)CC1=N[N]N=N1,1
C(CCC1=NN=N[N]1)CC1=NN=N[N]1,1
O=C([O-])c1cc[nH]c(=O)c1,1
CNCCN,1
O=C([O-])c1ccc(-c2cncc(-c3ccc(C(=O)O)cc3C(=O)[O-])c2)c(C(=O)[O-])c1,1
c1cc(SCCSc2ccncc2)ccn1,1
Cc1cnccc1-c1cccc(C(=O)[O-])c1,1
O=C([O-])c1ccc(C(=O)N2CCCC2C(=O)[O-])cc1,1
c1nncn1C12CC3C4CC5(n6cnnc6)CC3C(C1)C(C5)C4C2,1
c1nncn1C12CC3CC4C1CC1CC2C(C3)C4(n2cnnc2)C1,1
c1ccc(P(CNc2ccncc2)c2ccccc2)cc1,1
c1ccc(Sc2ccncc2)nc1,1
c1cncc(-c2n[nH]c(-c3ccncc3)n2)c1,1
O=[N+]([O-])[N]c1nnn[nH]1,1
O=C1C(=O)C(=O)C(=O)C(=O)C1=O,1
CCOP([O])(=O)c1ccncc1,1
Cc1nnc(SCC(=O)[O-])s1,1
O=C([O-])C1CCCCC1C(=O)O,1
O=C([O-])c1cncc(C(=O)[O-])n1.O=C1[OH]->[Li](<-[OH2])<-[OH]C(=O)c2cncc1n2,1
O=C([O-])c1cc(C(=O)[O-])cc(-c2cccnc2)c1,1
[O]S([O])([O])c1ncccc1C(=O)[O-],1
O=C([O-])C=CC(=O)Nc1cccc2ccccc12,1
O=C([O-])c1c(O)cccc1O,1
CCCCP([O])(=O)OOP([O])(=O)CCCC,1
[O]S([O])([O])CCS,1
O=C([O-])Cn1cc(C(=O)O)ccc1=O,1
O=C([O-])C1CCCNC(=N[N+](=O)[O-])N1,1
CC1(C)OC(CP(c2ccccc2)c2ccccc2)C(CP(c2ccccc2)c2ccccc2)O1,1
c1cncc(Cn2cncn2)c1,1
O=C([O-])c1cc(OCc2cccnc2)cc(OCc2cccnc2)c1,1
c1ccc2c(c1)CSCCNCCSCc1ccccc1OCCO2,1
O=[N+]([O-])C12CN3CN(CN(C3)C1)C2,1
c1ccc(P(c2ccccn2)c2ccccn2)cc1,1
O=C([O-])CCCOc1ccc(OCCCC(=O)[O-])cc1,1
[O]C(CO)CO,1
O=C([O-])c1cc(C(=O)O)cc(-c2cccc(C(=O)[O-])n2)c1,1
O=C([O-])c1cc(C(=O)[O-])cc(-c2cccc(C(=O)[O-])n2)c1,1
CCOC(=O)C12CCC(C(=O)[O-])(NC1=O)C(=O)N2,1
[O]c1ccccc1C1=NC(C(=O)[O-])CS1,1
Cc1c(Cn2cncn2)c(C)c(Cn2cncn2)c(C)c1Cn1cncn1,1
[O]C1C(Oc2ccc(OC3OC(CO)C(O)C(O)C3O)cc2)OC(CO)C(O)C1O,1
[O]P([O])(=O)Cc1ccccn1,1
CC(C)(C)C(=O)C(C#N)=N[O],1
c1ccc(Cc2ccccn2)nc1,1
CC1(C(=O)[O-])CCC(C(=O)Nc2ccncc2)C1(C)C,1
[O]S([O])([O])C1CCC(S([O])([O])[O])CC1,1
O=C([O-])Cc1ccccc1Cl,1
COc1ccc(CC(=O)[O-])cc1,1
O=C([O-])c1ccc(C(O)(c2ccc(C(=O)[O-])cc2)c2ccc(C(=O)[O-])cc2)cc1,1
O=C([O-])C1=C(C(=O)O)[N]C(c2cccnc2)=N1,1
[O]CCC[O],1
Cc1c(C(=O)[O-])nnn1-c1ccccc1,1
O=C([O-])C=Cc1cccc(F)c1,1
CN1[CH]C=C(C(=O)[O-])C=C1,1
[O]c1cncc(C(=O)[O-])c1,1
O=C([O-])[C]1C=CC2=NN=NC2=C1,1
C(=NN=Cc1cccnc1)c1cccnc1,1
[O]c1c(I)cc(S([O])([O])[O])c2cccnc12,1
O=C([O-])c1ccc(OCc2ccncc2)cc1,1
O=C([O-])c1cc(NCc2ccccn2)cc(NCc2ccccn2)c1,1
c1cnc2cccnc2c1,1
O=C1CSCCSC1,1
O=C([O-])c1ccc2c(c1)N=C[N]2,1
[C]1=NC=N[CH]1,1
COc1ccc(C(=O)[O-])c([O])c1,1
O=C([O-])c1cc(C(=O)O)cc(-c2cc(C(=O)[O-])c(-c3cc(C(=O)[O-])cc(C(=O)O)c3)cc2C(=O)[O-])c1,1
CN(C)c1ccc(C=C(C#N)C#N)cc1,1
Cc1nc2ccc(C(=O)[O-])cc2[nH]1,1
[Cl][Cu]1[O]c2nc3ccccc3nc2[O]1,1
[O]P(=O)(c1ccccc1C(=O)[O-])c1ccccc1C(=O)[O-],1
Cc1ccc(OCc2ccncc2)c(-c2nnc(-c3cc(C)ccc3OCc3ccncc3)o2)c1,1
c1ncn(Cc2ccc(-c3ccc(Cn4cncn4)cc3)cc2)n1,1
[CH]1N=C[N]N1Cc1ccc(-c2ccc(Cn3cncn3)cc2)cc1,1
c1cnc(C2=NC(c3ncccn3)=N[N]2)nc1,1
c1cnc(C2=N[N]N=N2)nc1,1
CC1=NN=C(CCC2=NN=C(C)[N]2)[N]1,1
[O]N1ON=C2[C]1C(=O)C([N+](=O)[O-])=C(O)[C]2[N+](=O)[O-],1
[Cl][Cu]([Cl])[N]1C=C[CH][N]2[C]1S[C]13S[C]4N=CC=C[N]4[Cu]21[N]1C=CC=N[C]1S3,1
Nc1cc(-c2ccncc2)ccc1-c1ccncc1,1
O=C([O-])c1cccc(N=Nc2cccc(C(=O)[O-])c2)c1,1
[O]c1ccc2ccccc2c1C=Nc1ccccc1C(=O)[O-],1
Nc1cccnc1N,1
O=C([O-])c1cc(C(=O)O)cc(-n2cnnc2)c1,1
O=[N+]([O-])C1=NN=C[N]1,1
O=C([O-])c1cc(C(=O)O)c(C(=O)O)cc1C(=O)O,1
Nc1nnnn1CCC(=O)[O-],1
Nc1ccccc1S([O])([O])[O],1
CC(C)C(N[C]1N=C(N)C(=N[O])C(=O)N1C)C(=O)[O-],1
CC(C)C(Nc1nc(N)c([N][O])c(=O)n1C)C(=O)[O-],1
COP([O])(=O)C(O)(C(C)C)P(=O)(O)OC,1
Cc1c(C(=O)[O-])nnn1CC(=O)[O-],1
C(=CCn1cnc2ccccc21)Cn1cnc2ccccc21,1
C(OCC12COP(OC1)OC2)C12COP(OC1)OC2,1
O=C([O-])c1ccc2c(c1)C(=O)[N]NC2=O,1
Cn1cnc(C(=O)[O-])c1C(=O)[O-],1
O=C([O-])c1cc(CO)cc(C(=O)[O-])c1,1
c1ccc(SCCCSc2ccccn2)nc1,1
O=C(O)Cn1nnnc1-c1cc(C(=O)O)ccn1,1
C(=NCc1cccnc1)c1ccc(C=NCc2cccnc2)cc1,1
Nc1ncnc2c1N=C[N]2,1
Cn1nnnc1CCc1nnnn1C,1
CN1C(=O)N=C(N)C(=N[O])C1=O,1
COc1ccc(Cl)cc1C(=O)NCCc1ccc(S(=O)(=O)[N]C(=O)NC2CCCCC2)cc1,1
O=C(Nc1cc(C(=O)O)ccc1C(=O)[O-])C(=O)Nc1cc(C(=O)O)ccc1C(=O)[O-],1
O=C([O-])CN(CCCN(CC(=O)[O-])CC(=O)[O-])CC(=O)[O-],1
N#CCCSCCC#N,1
c1cc(C2=Nc3c(-n4ccnc4)ccc(-n4ccnc4)c3[N]2)ccn1,1
O=Cc1ccc(-c2nc3c(-n4ccnc4)ccc(-n4ccnc4)c3[nH]2)cc1,1
O=C(O)c1ccc2cc(C(=O)O)ccc2c1.O=C([O-])c1ccc2cc(C(=O)[O-])ccc2c1,1
C(=Nc1ccncc1)Nc1ccncc1,1
c1ccc(Sc2ncccn2)nc1,1
IC1=Nc2ccccc2[N]1,1
C(=CCSc1nccs1)CSc1nccs1,1
CC1(C)[N][C](C(=O)[O-])N([O])C1(C)C,1
O=C([O-])CNc1ncccn1,1
O=C([O-])CNC(=O)c1ccccc1I,1
CC(=O)N[C]1C(=O)C(=O)[C](NC(C)=O)C(=O)C1=O,1
c1cc(C2=NN=C(c3nc[nH]n3)[N]2)ccn1,1
[OH2]->[Zn]12(<-[OH2])[N]3[CH]C=C(C=C3)c3nc([n]1n3)-c1nc[n]2n1,1
NNc1ccc(C(=O)[O-])cc1,1
O=C(C1=N[N]N[N]1)C1=NN=N[N]1,1
O=C(C1=NN=N[N]1)c1nn[nH]n1,1
[O]CCON=Cc1cc(Br)ccc1[O],1
CC(C(=O)[O-])N1[N]N=C(c2cccnc2)[N]1,1
O=C([O-])COc1cccc2cccnc12,1
[O]P(=O)(O)c1cc(O)c(P([O])(=O)O)cc1O,1
NCCCNCCN,1
CC(C)CC1SCCCS1,1
O=C(Nc1ccccc1C1=C2C=CC(=C(c3ccccc3)C3=NC(=C(c4ccccc4)C4=CC=C([N]4)C(c4ccccc4)=C4C=CC1=N4)C=C3)[N]2)c1cccc(C(=O)Nc2ccccc2C2=C3C=CC(=N3)C(c3ccccc3)=C3C=CC(=C(c4ccccc4)C4=NC(=C(c5ccccc5)C5=CC=C2[N]5)C=C4)[N]3)c1,1
N#Cc1ccc(-c2ccc(C#N)cn2)nc1,1
O=C1CNC(=O)CN1,1
O=C([O-])c1cc(NC(=O)c2cccnc2)cc(C(=O)[O-])c1,1
O=C([O-])c1cccc(C(=O)O)n1.O=C([O-])c1cccc(C(=O)[O-])n1,1
C=CCN1CCN(CC=C)C(C)C1,1
C=CCN(C#N)CC=C,1
O=C([O-])c1ccc(C(=O)O)c(-c2nc(C(=O)[O-])ccc2C(=O)O)n1,1
[CH]1C2=NN=NC2=CC2=C1O[C]1C=C3N=NN=C3C=C1O2,1
[CH]1C2=NN=NC2=CC2=C1Oc1cc3c(cc1O2)[N]N=N3,1
c1cn(-c2ccc(C3=N[N]N=N3)cc2)cn1,1
O=C([O-])c1cccc(C=Cc2ccncc2)c1,1
[CH]([N]c1ccncc1)[N]c1ccncc1,1
C([N]c1ccncc1)=Nc1ccncc1,1
O=C([O-])c1c(F)cccc1F,1
[O]S([O])([O])c1ccc(Oc2ccc(C(=O)O)c(C(=O)[O-])c2)c2ncccc12,1
c1ccc(-c2nnc(-c3ccccn3)n2-c2ccncc2)cc1,1
Fc1c(F)c(Sc2ccccn2)c(F)c(F)c1Sc1ccccn1,1
c1ccc2c(c1)ncn2-c1c2ccccc2c(-n2cnc3ccccc32)c2ccccc12,1
O=C([O-])c1ncccc1-c1cccnc1C(=O)[O-],1
COc1ccccc1C(=O)[S],1
O=C([O-])CN(CC(=O)[O-])Cc1ccc(C(F)(F)F)cc1,1
O=C([O-])c1ccc(-c2cc(-c3ccccn3)nc(-c3ccccn3)c2)cc1,1
O=C([O-])c1cc(-c2ccc(O)c(C(=O)[O-])c2)ccc1O,1
[O]P(=O)(O)c1ccc(P([O])(=O)O)s1,1
O=C([O-])C1C(C(=O)[O-])C(C(=O)O)C(C(=O)[O-])C(C(=O)[O-])C1C(=O)O,1
c1cc(-c2ccc3sc4ccc(-c5ccncc5)cc4c3c2)ccn1,1
O=C([O-])C12CC3CC(C1)CC(C(=O)O)(C3)C2,1
c1cncc(Oc2ccc(-c3ccc(Oc4cccnc4)cc3)cc2)c1,1
[O][N]C1=N[C](N[O])CCC1,1
c1ccc(SCCCCCCSc2ccccn2)nc1,1
[O]P1(=O)c2cc(C(=O)[O-])ccc2Oc2ccc(C(=O)[O-])cc21,1
c1cc(-c2ccncc2)cc(-c2ccncc2)c1,1
O=C([O-])c1cc(NCc2ccc3ccc4cccc5ccc2c3c45)cc(C(=O)[O-])c1,1
N#C[N]c1cc(Br)c([N]C#N)cc1Br,1
c1cc(-c2ccc(-c3cncc(-c4ccc(-c5ccncc5)s4)c3)s2)ccn1,1
c1ccc(CSCCOc2cccnc2)cc1,1
[Cl][Cd]1([Cl])[N]2[N]N=C([N]2)c2ccc(cc2)-c2nnn[n]21,1
[O]S([O])([O])c1cc(Br)cc(C(=O)[O-])c1O,1
[O]S([O])([O])c1ccc(C(=O)O)cc1O,1
[O]S([O])([O])c1ccc(C(=O)[O-])cc1O,1
[O]c1ccc(C(=O)[O-])cc1S([O])([O])[O],1
CC12SC(c3ccncc3)=CC1=C1C(=C3C=C(c4ccncc4)SC32C)C(F)(F)C(F)(F)C1(F)F,1
c1cncc(-c2nnc3sc(-c4ccncc4)nn23)c1,1
O=C([O-])C(O)C(O)C(O)C(O)C(=O)O,1
O=C([O-])CC(CC(=O)[O-])c1ccc(Cl)cc1,1
[O]P([O])(=O)CCCP([O])(=O)O,1
c1cn(-c2cc(-n3ccnc3)ncn2)cn1,1
O=C([O-])C1C(C(=O)O)C(C(=O)[O-])C(C(=O)O)C(C(=O)[O-])C1C(=O)O,1
O=C(Nc1cccc(NC(=O)c2ccncc2)c1)c1ccncc1,1
O=C([O-])c1ccc(-c2ccc(C(=O)[O-])o2)o1,1
N#Cc1cccc(C(=O)[O-])c1,1
O=C1[O][Pd]([Cl])([Cl])<-[NH2]C1CO,1
c1nc(C2=NN=N[N]2)c(C2=N[N]N=N2)[nH]1,1
NC(Cc1ccccc1)C(=O)[N]C(Cc1ccccc1)C(=O)[O-],1
O=C([O-])c1ccc(CSc2nc3ccccc3[nH]2)cc1,1
C(=Nc1ccc(Oc2ccc(N=Cc3ccncc3)cc2)cc1)c1ccncc1,1
CN1C(=O)[C](C2(C3C(=O)N(C)C(=O)N(C)C3=O)C(=O)N(C)C(=O)N(C)C2=O)C(=O)N(C)C1=O,1
O=C(Oc1cccc2c(OC(=O)c3ccncc3)cccc12)c1ccncc1,1
[O]S([O])([O])CCN=Cc1ccccn1,1
COc1ccc(C(=O)C([C](C#N)C#N)=C(C#N)C#N)cc1,1
O=C([O-])CNS(=O)(=O)c1ccc(C(=O)[O-])cc1,1
N#C[C](C#N)C(C(=O)c1ccccc1)=C(C#N)C#N,1
CC1=CC=CN([O])[CH]1,1
CC(N[C]1N=C(N(CC(=O)[O-])CC(=O)[O-])N=C(NC(C)C(=O)[O-])N1)C(=O)[O-],1
CSCCC(=O)N1CCSCC1,1
O=C([O-])CCCc1c[nH]c2ccccc12,1
Cc1[nH]c(=O)c(C2=NN=N[N]2)cc1-c1ccncc1,1
NCCCCCCCCCN,1
[CH](c1ccc([CH]n2ccnc2)cc1)n1ccnc1,1
[O]P(=O)(O)CN(Cc1ccccn1)Cc1ccccn1,1
O=C([O-])c1c[nH]c2ccccc12,1
CCOC(=O)C=CC(=O)OCC,1
[O]S([O])([O])c1cc([N+](=O)[O-])cc2c(C(=O)O)ccc(C(=O)O)c12,1
Cc1cc(SCC(=O)O)c(C)cc1Cl.Cc1cc(SCC(=O)[O-])c(C)cc1Cl,1
N#Cc1ccccc1CSCc1ccccc1C#N,1
N#Cc1ccc(CSCc2ccc(C#N)cc2)cc1,1
Nc1ccn(C2OC(COP([O])([O])=O)C(O)C2O)c(=O)n1,1
CC(C)N(P(c1ccccc1)c1ccccc1)P(c1ccccc1)c1ccccc1,1
S=C1C=C[CH]C=N1,1
S=C1[N]c2ccccc2S1,1
[O]P(=O)(O)C1=C[CH]NC=C1,1
NC(=O)CCN(CC(=O)[O-])CC(=O)[O-],1
CC1(C)CC(C=Cc2cccnc2)=CC(=C(C#N)C#N)C1,1
CCC(C(N)=O)N1CCCC1=O,1
O=C(Nc1ccncc1)c1ccncc1,1
O=C(NC1=NN=N[N]1)c1cccs1,1
O=C([O-])c1ccc(NC(=O)c2ccc(C(=O)Nc3ccc(C(=O)[O-])cc3)c3ccccc23)cc1,1
CCCn1cnc2c1[N]C(N)=N[CH]2,1
O=C([O-])c1nc2[n](c1C(=O)O)[Cd](<-[OH2])(<-[OH2])[n]1c(nc(C(=O)[O-])c1C(=O)O)-c1ccccc1-2,1
c1cc(-c2ccc(-c3ccc(-c4ccncc4)s3)s2)ccn1,1
CCC(C)Oc1ccc(C2=C3C=CC(=C(C#Cc4ccncc4)C4=NC(=C(c5ccc(OC(C)CC)cc5)C5=CC=C([N]5)C(C#Cc5ccncc5)=C5C=CC2=N5)C=C4)[N]3)cc1,1
[O]C1=C(Cl)C(=O)C([O])=C(Cl)C1=O,1
[CH2]C(=O)c1ccccc1,1
O=C1[C]([N+](=O)[O-])C(=O)[C]([N+](=O)[O-])C(=O)[C]1[N+](=O)[O-],1
C=Cc1nnnn1C,1
[O]P(=O)(O)c1cc(C(=O)O)ccn1,1
O=C([O-])c1cc(NC(=O)c2c(F)c(F)c(C(=O)Nc3cc(C(=O)[O-])cc(C(=O)[O-])c3)c(F)c2F)cc(C(=O)[O-])c1,1
C1=N[C](C2=NCCCN2)C(C2=NCCCN2)=N1,1
c1ccc(SCCCSc2ccccc2)cc1,1
Clc1cccnc1C1=NN=N[N]1,1
O=[N+]([O-])[C]1N=CN=C1[N+](=O)[O-],1
Cn1sc(Cl)cc1=O,1
Cn1sccc1=O,1
O=C([O-])CSc1nnc(-c2ccncc2)o1,1
O=C([O-])CSc1nnc(-c2cccnc2)o1,1
O=C([O-])c1ccc(Nc2c([N+](=O)[O-])cc(C(=O)[O-])cc2[N+](=O)[O-])cc1,1
O=C([O-])c1cccc(-c2ccc(N(c3ccc(-c4cccc(C(=O)[O-])c4)cc3)c3ccc(-c4cccc(C(=O)[O-])c4)cc3)cc2)c1,1
CCCN(CCO)C([S])=S,1
CCCCCCCC(=O)[O-],1
NC(=O)c1cccnc1,1
CC1(C)c2cc(N3[CH]N=C[N]3)ccc2-c2ccc(-n3cncn3)cc21,1
c1ccc(COc2ccc(OCc3ccccn3)cc2)nc1,1
c1cncc(COc2ccccc2OCc2cccnc2)c1,1
[O]c1ccccc1C=NCC1CCCO1,1
CCCCCOc1cc(-c2cc(-c3ccncc3)nc(-c3ccncc3)c2)c(OCCCCC)cc1-c1cc(-c2ccncc2)nc(-c2ccncc2)c1,1
CC(C)(C)SCC(=O)Nc1cccnc1,1
O=C([O-])c1cc(NCc2c[nH]cn2)cc(C(=O)[O-])c1,1
[O]P(=O)(O)c1ccc(P([O])(=O)O)c2ccccc12,1
O=C([O-])CNS(=O)(=O)c1ccc(C(=O)O)cc1,1
C[Si](C)(c1ccc(-c2cn(-c3cc(C(=O)[O-])cc(C(=O)[O-])c3)nn2)cc1)c1ccc(-c2cn(-c3cc(C(=O)[O-])cc(C(=O)[O-])c3)nn2)cc1,1
O=C([O-])CN1CCN(CC(=O)[O-])CC(=O)NCCNC(=O)C1,1
O=C([O-])CN1C(=O)c2cccc3cccc(c23)C1=O,1
Nc1cncc(C(=O)[O-])c1,1
O=C([O-])c1c2ccccc2nc2ccccc12,1
[O]P([O])(=O)c1ccc(C(=O)[O-])cn1,1
O=C([O-])Cn1ccc(=O)c2ccccc21,1
CC(=O)NC(C)(NC(C)=O)C(=O)[O-],1
O=C([O-])N1C(CO)C(O)C(O)C1c1c[nH]c2c(=O)[nH]cnc12,1
[O]P(=O)(O)C(O)(CN1[CH]NC=C1)P(=O)(O)O,1
[N]n1c(-c2ccncc2)nnc1-c1ccncc1,1
O=S(=O)([N]Cl)c1ccccc1Cl,1
[O]P(=O)(O)c1cccc(P([O])(=O)O)c1,1
O=C(OCc1ccncc1)c1cc(OCc2ccncc2)cc(OCc2ccncc2)c1,1
[Br][Cu]([Br])[N]1CCO[C]1c1cc(C2=NCCO2)cc(C2=NCCO2)c1,1
c1c(C2=NCCO2)cc(C2=NCCO2)cc1C1=NCCO1,1
O=C(O)c1cc(C(=O)O)c(C(=O)[O-])c(C(=O)[O-])c1C(=O)[O-],1
O=C([O-])c1cc(C(=O)O)cc(-c2cccc(C(=O)[O-])c2C(=O)O)c1,1
Fc1c(F)c(C#Cc2ccncc2)c(F)c(F)c1C#Cc1ccncc1,1
Cc1cc(C)c(S([O])([O])[O])c(C)c1,1
[O][As]1O[As]([O])O[As]([O])O1,1
O=C(O)c1cccc(Oc2cccc(C(=O)O)c2C(=O)[O-])c1.O=C(O)c1cccc(Oc2cccc(C(=O)O)c2C(=O)[O-])c1,1
O=C(CN1[CH]N=C[N]1)NN=Cc1ccccn1,1
O=C1C=CC=C[C]1C=Nc1ccc(-c2nc3ccccc3[nH]2)cc1,1
O=C([O-])C[S],1
O=C([O-])C[N]12->[Zn]34(<-[OH2])(<-[N](CC1)(CC(=O)[O]3)CC(=O)[O]4)[O]C(=O)C2,1
O=C([O-])COc1ccc(S(=O)(=O)c2ccc(OCC(=O)[O-])cc2)cc1,1
[O]C1=C([O])C=CC=C[CH]1,1
[O]C1=C[CH]C=CC=C1[O],1
[O][C]1C=CC=CC=C1[O],1
C1COCC[O]2->[Li]3<-[O](CCOCCO1)CC[O]->3CC2,1
O=C(Nc1cccnc1)Nc1cccc(NC(=O)Nc2cccnc2)c1,1
Cc1ccc(S(=O)(=O)[N]c2ccccn2)cc1,1
C[C]1[N]CCN1CCCCCCN1CC[N][C]1C,1
N#Cc1cccc(-c2nnc(-c3cccc(C#N)c3)o2)c1,1
[O]S([O])([O])CC(=O)[O-],1
O=C([N][N]C(=O)c1ccccn1)c1ccccn1,1
[O]P([O])(=O)C1=CC=CN[CH]1,1
COc1ccc(-c2nc(C(=O)O)c(C(=O)[O-])[nH]2)cc1,1
O=C([O-])c1ccc(C(=O)[O-])c2nsnc12,1
O=C(O)c1c(F)c(F)c(F)c(F)c1F.O=C([O-])c1c(F)c(F)c(F)c(F)c1F,1
CS(=O)(=O)CP([O])([O])=O,1
O=C([O-])C1C(C(=O)[O-])C(C(=O)O)C(C(=O)[O-])C(C(=O)[O-])C1C(=O)O.O=C([O-])C1C(C(=O)[O-])C(C(=O)O)C(C(=O)[O-])C(C(=O)[O-])C1C(=O)O,1
CC(Oc1cccc2cccnc12)C(=O)[O-],1
COc1cc(C(=O)[O-])nc2ccccc12,1
CN(CC[O])CCO,1
O=C([O-])c1cnc2ccccc2c1C(=O)[O-],1
O=C([O-])CCC1=Nc2ccccc2[N]1,1
[O]P1(=O)CN(CC(=O)[O-])CCN(CC(=O)[O-])C1,1
O=C([O-])Cc1c(Br)cccc1C(=O)[O-],1
NC(=O)c1cnccn1,1
[S]C(=S)N1CCOCC1,1
O=C([O-])C1=C(C(=O)[O-])CCCC1,1
O=C([O-])C1=C(C(=O)[O-])SC(=C2SC(C(=O)[O-])=C(C(=O)[O-])S2)S1,1
COc1ccc(C(O)S([O])([O])[O])cc1,1
[O][N][C]1CC2CCC1C2,1
[CH]1C(c2ccncc2)=NN=C1c1ccncc1,1
C1=C(c2ccncc2)[N]N=C1c1ccncc1,1
[Br][Cu]([Br])[n]1cnnc1,1
[Cu][Cu]([I])([I])[N]1[CH]N=C[N]1,1
[O]S([O])([O])c1cc(C(=O)[O-])c(O)cc1O,1
[O]c1cc(O)c(C(=O)[O-])cc1S([O])([O])[O],1
C(=Cc1cccnc1)c1ccc(C=Cc2cccnc2)cc1,1
C(=Cc1cccnc1)c1ccc(C2C(c3cccnc3)C(c3ccc(C=Cc4cccnc4)cc3)C2c2cccnc2)cc1,1
N#Cc1ccc(C2=NSS[N]2)o1,1
C1=N[N]C(c2ccccn2)=N1,1
Nc1nnc(SCC(=O)[O-])s1,1
CC(C)(O)C(=O)[O-],1
O=C(c1cccc(C(=O)n2nnc3ccccc32)c1)n1nnc2ccccc21,1
CSC(=S)[N]NC(=O)c1ccccc1O,1
Oc1c(CN2[CH]N=C[N]2)cc(Cl)cc1CN1[CH]N=C[N]1,1
Nc1ccc2c(S([O])([O])[O])cccc2c1,1
Nc1c(-c2ccc(C(=O)[O-])cc2)cncc1-c1ccc(C(=O)[O-])cc1,1
CSCc1cc(C)no1,1
[Se][Se][Se][Se][Se][Se],1
CC(O)C1=Nc2ccccc2[N]1,1
Cc1nccn1Cc1cc(C(=O)[O-])cc(C(=O)[O-])c1,1
O=C(NCc1cccnc1)C1CCC(C(=O)NCc2cccnc2)CC1,1
N#C[C](C#N)c1c2c(c([C](C#N)C#N)c3nsnc13)[N]S[N]2,1
[Ag][N]1[CH]C(Sc2cnccn2)=NC=C1,1
[O]P(=O)(O)c1ccc(-c2c(-c3ccc(P(=O)(O)O)cc3)c(-c3ccc(P(=O)(O)O)cc3)c(-c3ccc(P([O])(=O)O)cc3)c(-c3ccc(P(=O)(O)O)cc3)c2-c2ccc(P(=O)(O)O)cc2)cc1,1
N#C[N]C(=N)O,1
C[C]([N]N=C(C)c1ccc(-n2ccnc2)cc1)c1ccc(-n2ccnc2)cc1,1
O=C([O-])c1cc(Cn2c3ccc(C(=O)[O-])cc3c3cc(C(=O)O)ccc32)cc(C(=O)O)c1,1
O=C(O)CC(C(=O)[O-])n1cncn1,1
O=C([O-])c1ccc(-c2cc(C(=O)[O-])c(C(=O)[O-])cc2-c2ccc(C(=O)[O-])cc2)cc1,1
C1=NC=C(c2ccc(C3=CN=C[N]3)cc2)[N]1,1
O=C([O-])c1nc(CO)[nH]c1C(=O)[O-],1
[O]c1c(C(=O)[O-])cc([N+](=O)[O-])cc1C(=O)[O-],1
c1ccc(-c2ccc(-c3ccncc3)cc2)nc1,1
[O]P([O])(=O)c1ccc(Br)s1,1
NCC(=O)NC(CSSCC(NC(=O)CN)C(=O)[O-])C(=O)[O-],1
Cn1ccnc1CC(Cc1nccn1C)C(=O)[O-],1
[O]P(=O)(O)CCCP([O])(=O)O,1
c1cc(CC2=NN=N[N]2)ccn1,1
CCCCCCCCOc1cc(-c2cc(-c3cccnc3)nc(-c3cccnc3)c2)c(OCCCCCCCC)cc1-c1cc(-c2cccnc2)nc(-c2cccnc2)c1,1
CSCCC(N[C]1N=C(N)C(=N[O])C(=O)N1C)C(=O)[O-],1
CSCCC(Nc1nc(N)c([N][O])c(=O)n1C)C(=O)[O-],1
[O-][n+]1ccccc1-c1cccc[n+]1[O-],1
C[C]1N(c2c(C)cc(C)cc2C)C(=O)C(C)(C)C(=O)N1c1c(C)cc(C)cc1C,1
O=C([O-])c1ccc(Oc2ccc(C(=O)O)cc2)cc1,1
c1cc(-c2nc3cc4nc(-c5ccncc5)[nH]c4cc3[nH]2)ccn1,1
c1ccc(-c2ccncc2)c(-c2ccncc2)c1,1
O=C([O-])C1C(C(=O)[O-])C(C(=O)O)C1C(=O)[O-],1
[Br][Cu][N]1[CH]N=CC(C#CC2=C[N]([Cu][Br])[CH]N=C2)=C1,1
[O]c1ccc(Cl)cc1C=NCC(=O)[O-],1
C(=NCCCCCCCCN=Cc1ccncc1)c1ccncc1,1
C[Si](C)(C)C#Cc1cnccc1C=Cc1ccncc1,1
O=C([O-])c1ccc(OC(F)(F)F)cc1,1
O=C([O-])C1=C(C(=O)O)[N]C(CO)=N1,1
C(=NCCN=Cc1cccnc1)c1cccnc1,1
[O]c1ccc(S([O])([O])[O])cc1C(=O)[O-],1
C1=NC(c2ccccc2)=C(c2ccccc2)[N]1,1
c1cc(-c2nnn[nH]2)cc(-n2cnnc2)c1,1
c1cc(-n2cnnc2)ccc1-c1nn[nH]n1,1
O=C([O-])c1cc(NCc2cccnc2)cc(C(=O)[O-])c1,1
C1=CN=C(c2ccccn2)[N]1,1
Cc1nncs1,1
COc1cc([N+](=O)[O-])cc([CH]C=C2N(CCCC(=O)[O-])c3ccccc3C2(C)C)c1[O],1
C1CCSSC1,1
[O]P([O])(=O)c1cc(C(=O)[O-])cc(C(=O)[O-])c1,1
[O]P(=O)([O][Zn])c1cc(C(=O)[O-])cc(C(=O)[O-])c1,1
O=C(Nc1ncccn1)c1ccc(C(=O)Nc2ncccn2)cc1,1
CC(C)OP([O])(=O)C(Cl)(Cl)P([O])(=O)OC(C)C,1
CC(Oc1cccc(Cl)c1)C(=O)[O-],1
N[C]1N=C[N]c2c1ncn2CCS([O])([O])[O],1
O=C([O-])c1ccc(C(=O)[O-])c(Oc2ccccc2C(=O)[O-])c1,1
[O]S([O])([O])c1ccc(N=Cc2ccc(O)cc2O)cc1,1
O=C([O-])c1ccc(Oc2cc(Oc3ccc(C(=O)[O-])cc3)cc(Oc3ccc(C(=O)O)cc3)c2)cc1,1
CC(C)C1=CC23CCC4C(C)(C(=O)O)CCCC4(C)C2CC1C(C(=O)O)C3C(=O)[O-],1
[CH]1C=C(c2ccccn2)N=N1,1
O=C([O-])C1=C(C(=O)[O-])N=C(c2cc[n+]([O-])cc2)[N]1,1
[O-][N+]1C=CC=CC1=S,1
O=C([O-])c1cc(OCc2ccccn2)cc(C(=O)[O-])c1,1
NC(Cc1ccccc1)C(=O)[O-],1
CC(C)CC(N)C(=O)[O-],1
NCC([O])CN,1
O=C([O-])c1cccnc1-c1ncccc1C(=O)O,1
COc1ccc(C(=O)[O-])cc1C(=O)[O-],1
COc1ccc([P]([S])([S])OC(C)(C)C)cc1,1
CS(=O)CCS(C)=O,1
O=C([O-])C=Cc1c[nH]cn1,1
[O]C(C(=O)[O-])(c1ccccc1)c1ccccc1,1
O=C([O-])c1cccc(C(=O)O)n1.O=C([O-])c1cccc(C(=O)O)n1,1
CC(C)(C)S(=O)(=O)[CH]C#N,1
O=C(C=Cc1cccnc1)Nc1cccc2c(NC(=O)C=Cc3cccnc3)cccc12,1
O=C([O-])c1ccc(-c2ccc(-c3cc(-c4ccc(-c5ccc(C(=O)[O-])cc5)s4)cc(-c4ccc(-c5ccc(C(=O)[O-])cc5)s4)c3)s2)cc1,1
O=C([O-])c1ccc(-c2ccc(-c3cc(-c4ccc(-c5ccc(C(=O)[O-])s5)cc4)cc(-c4ccc(-c5ccc(C(=O)[O-])s5)cc4)c3)cc2)s1,1
Fc1c(Cc2ccncc2)c(F)c2c(F)c(F)c(Cc3ccncc3)c(F)c2c1F,1
Fc1c(Cc2ccncc2)c(F)c2c(F)c(Cc3ccncc3)c(F)c(F)c2c1F,1
C=Cc1ccncc1,1
c1ccc(Cn2c(C3CCC(c4nc5ccccc5n4Cc4ccccc4)CC3)nc3ccccc32)cc1,1
O=C([O-])[C]1N=C(CO)N=C1C(=O)[O-],1
[CH]1C=CN=C2N=CN=C12,1
[CH]1C=NC2=NC=NC2=C1,1
O=C([O-])c1ccc(C2=C3C=CC4=[N]3->[Cu]35<-[N]6=C(C=CC6=C(c6ccc(C(=O)[O-])cc6)c6ccc2[n]63)C(c2ccc(C(=O)O)cc2)=c2ccc([n]25)=C4c2ccc(C(=O)[O-])cc2)cc1,1
O=C([O-])c1ccc(C2=C3C=CC4=[N]3->[Cu]35<-[N]6=C(C=CC6=C(c6ccc(C(=O)O)cc6)c6ccc2[n]63)C(c2ccc(C(=O)[O-])cc2)=c2ccc([n]25)=C4c2ccc(C(=O)[O-])cc2)cc1,1
O=C([O-])CNC(=O)c1ccccc1C(=O)[O-],1
c1nc(-c2ncon2)no1,1
NN1C(=S)[N]N=C1c1ccccn1,1
CC1(C)C(C(=O)[O-])C1C(=O)[O-],1
CN(Cc1cccc(CN(C)Cc2cc(C(C)(C)C)cc(C=NO)c2[O])c1)Cc1cc(C(C)(C)C)cc(C=NO)c1[O],1
O=C([O-])c1ccc(-c2sc(-c3ccc(C(=O)[O-])s3)c(-c3ccccc3)c2-c2ccccc2)s1,1
Cc1cc2C[N]34->[Zn](<-[O]5c2c(c1)C[N]12->[Zn]5(<-[OH2])(<-[OH2])([O]C(=O)C1)[O]C(=O)C2)([O]C(=O)C3)[O]C(=O)C4,1
O=C([O-])c1ccc(=S)[nH]c1,1
C1=Cc2nc1c(-c1ccccc1)c1ccc([nH]1)c(-c1ccncc1)c1nc(c(-c3ccncc3)c3ccc([nH]3)c2-c2ccccc2)C=C1,1
NCC(=O)NCC(=O)NCC(=O)[O-],1
c1ccc(CSCc2cnc(CSCc3ccccn3)cn2)nc1,1
Cc1cc(NCc2ccncc2)c(C)cc1NCc1ccncc1,1
O=C(Oc1cccc(OC(=O)c2ccncc2)c1)c1ccncc1,1
O=C([O-])c1cc(C(=O)[O-])cc(-n2cc(-c3cccc(-c4cn(-c5cc(C(=O)[O-])cc(C(=O)[O-])c5)nn4)c3)nn2)c1,1
c1cnc(SCCSc2ncccn2)nc1,1
O=C([O-])C(O)C(O)C(O)C(O)CO,1
CCC(=O)[O-],1
O=C([O-])c1ccc(-c2cncc(Br)c2)cc1,1
O=C([O-])CCN(CCC(=O)[O-])c1ccccc1,1
O=C([O-])c1cc(Cl)cc(C(=O)[O-])n1,1
O=C([O-])C1OCOC2C(C(=O)[O-])OCOC12,1
Nc1cc(C(=O)[O-])c(Cl)cc1C(=O)[O-],1
COc1c(C(=O)[O-])cccc1C(=O)[O-],1
O=C([O-])c1ccc(C2Nc3ccc(C(=O)[O-])cc3C3C=CCC32)cc1,1
CCCCOC(=O)c1cc(C(=O)[O-])ccc1C(=O)[O-],1
CCN1C(=O)C2C(C(=O)[O-])=CCC1C2C(=O)[O-],1
Cc1c(C(=O)[O-])sc2ncc(C(=O)[O-])cc12,1
O=C([O-])c1ccc(C(=O)[O-])c(-n2cnnn2)c1,1
O=C([O-])c1ccc(C(=O)[O-])c(-n2cccc2)c1,1
O=C([O-])C1CCC1C(=O)[O-],1
O=C([O-])C=CCC(=O)[O-],1
O=C([O-])C1=CC(=O)C(C(=O)[O-])=CC1=O,1
O=C([O-])C1CCC(C(=O)[O-])C1,1
O=C([O-])c1c2c(c(C(=O)[O-])c3ccccc13)CCC=C2,1
O=C([O-])c1ccc2c(c1)C(=O)N(C1CCC(C(=O)[O-])CC1)C2=O,1
O=C([O-])CCC(CC(=O)[O-])NC(=O)OCC1c2ccccc2-c2ccccc21,1
O=Cc1cccn1-c1cc(C(=O)[O-])ccc1C(=O)[O-],1
Cc1c(C(=O)[O-])sc(-n2cccc2C=O)c1C(=O)[O-],1
CC(C)C(N)C(=O)NC(CCC(=O)[O-])C(=O)[O-],1
O=C([O-])C12CCC(C(=O)[O-])(CC1)N2,1
NC(=O)C(CCC(=O)[O-])(CCC(=O)[O-])c1ccccc1,1
COc1c(C(=O)[O-])cc(C)cc1C(=O)[O-],1
Nc1cc(C(=O)[O-])ccc1C=Cc1ccc(C(=O)[O-])cc1N,1
NCC(N)c1ccc(C(=O)[O-])cc1C(=O)[O-],1
O=C([O-])c1ccc(C2CCCN2)c(C(=O)[O-])c1,1
O=C[N][N]C(CCC(=O)[O-])C(=O)[O-],1
O=C([O-])Cc1ccc(-c2ccc(CC(=O)[O-])cc2)cc1,1
CCn1cc(C(=O)[O-])c(=O)c2cc(C(=O)[O-])ccc21,1
Cn1cc(C(=O)[O-])c(=O)c2ccc(C(=O)[O-])cc21,1
CCn1cc(C(=O)[O-])c(=O)c2ccc(C(=O)[O-])cc21,1
O=C([O-])C#Cc1ccc(C(=O)[O-])cc1,1
O=C([O-])C1SC(=S)SC1C(=O)[O-],1
CC(C)n1cc(C(=O)[O-])c(=O)c2ccc(C(=O)[O-])cc21,1
NCC(=O)NC(CCC(=O)[O-])C(=O)[O-],1
O=C([O-])c1cc(-c2ccccc2)c(C(=O)[O-])cn1,1
O=C([O-])CCC(CCC(=O)[O-])=NNC(=O)c1ccncc1,1
NNc1cc(C(=O)[O-])cc(C(=O)[O-])c1,1
O=C([O-])c1ccc(C(=O)[O-])c(OC(F)(F)F)c1,1
CC(=O)C(C)(CCC(=O)[O-])CCC(=O)[O-],1
Cc1c(C(=O)[O-])sc2sc(C(=O)[O-])c(C)c12,1
O=C([O-])c1cc(C(=O)[O-])cc(S(=O)(=O)F)c1,1
O=C([O-])C1CC2C(C1)C1CC(C(=O)[O-])CC21,1
O=C([O-])c1ccc2c(c1)C1C=CCC1C(C(=O)[O-])N2,1
CCCC(CC(=O)[O-])CC(=O)[O-],1
O=C([O-])C1CNC(C(=O)[O-])CN1,1
O=C([O-])CCN=Cc1ccccn1,1
O=C([O-])c1ccc(-c2ccc(C(=O)[O-])cc2-c2ccc(C(=O)[O-])cc2)cc1,1
O=C([O-])c1cc([N][N]c2cc3cc(c2)C(=O)[O][Cd][O]C3=O)cc(C(=O)[O-])c1,1
O=C([O-])c1cc([C]2[CH]3C=C[CH]2[Fe]3)cc(C(=O)[O-])c1,1
COC(=O)C(C#N)=NNc1ccccc1S([O])([O])[O],1
O=C(c1ccncc1)c1ccncc1,1
c1ccc(-c2nsnc2-c2ccccn2)nc1,1
S=C1[N]CCS1,1
Cc1c(C(=O)[O-])nnn1-c1cccc(C(=O)[O-])c1,1
C(=Cc1cc(C=Cc2ccncc2)cc(C=Cc2ccncc2)c1)c1ccncc1,1
O=C([O-])C=Cc1cccc2c1OCO2,1
CCOP(=O)(Cc1cccnc1)OCC,1
O=C(C[S])OCCOc1cccc2c(OCCOC(=O)C[S])cccc12,1
C(=CP(c1ccccc1)c1ccccc1)P(c1ccccc1)c1ccccc1,1
C1=CN=C(C2=Nc3ccncc3[N]2)[N]1,1
c1ccc([Se]CCCC[Se]c2ccccn2)nc1,1
O=C(O)c1ccc(-c2nc3c4cccnc4c4ncccc4c3[nH]2)cc1,1
Nc1cccnc1Cl,1
C1COCOC1,1
O=C1C(n2cncn2)=C([N+](=O)[O-])[C](n2cncn2)C([N+](=O)[O-])=C1n1cncn1,1
O=C1[C](n2cncn2)C([N+](=O)[O-])=C(N2[CH]N=C[N]2)C([N+](=O)[O-])=C1n1cncn1,1
O=C1[C](n2cncn2)C([N+](=O)[O-])=C(n2cncn2)C([N+](=O)[O-])=C1n1cncn1,1
O=C([O-])COc1ccccc1C=NO,1
Clc1ccc(C2=C3C=CC(=C(c4ccncc4)C4=NC(=C(c5ccc(Cl)cc5)C5=CC=C([N]5)C(c5ccncc5)=C5C=CC2=N5)C=C4)[N]3)cc1,1
[O]CCO,1
NN1[C](c2ccncc2)[N]2N=C1C1=C[CH][N](C=C1)[Cu]2,1
CC(C)OP(=O)(OC(C)C)c1ccc(-c2ccc(P(=O)(OC(C)C)OC(C)C)cc2)cc1,1
Cn1cn[nH]c1=S,1
O=C([O-])c1cc2c(cc1C(=O)O)C(=O)c1ccccc1C2=O,1
[O]c1cccc2c1C(=O)c1cccc([O])c1C2=O,1
[O]c1ccc([O])c2c1C(=O)c1ccccc1C2=O,1
[O]c1ccc([N+](=O)[O-])c2c1C(=O)c1ccccc1C2=O,1
CC1=NS(=O)(=O)N=C(C)[C]1c1ccccc1C(=O)O,1
O=C([O-])c1ccc(C(=O)[O-])c(-c2ccc(C(=O)[O-])nc2)c1,1
CC(c1ncncc1F)C(O)(CN1[CH]N=C[N]1)c1ccc(F)cc1F,1
[O]P([O])(=O)Cc1ccncc1,1
O=C1[N]N=CN1[N][N]n1cn[nH]c1=O,1
CC(C(=O)[O-])n1cnnc1,1
[O-][n+]1cccc2ccccc21,1
CC=C(C)C(=O)[O-],1
O=C([O-])C1=NN=C(C(=O)[O-])[N]1,1
O=S(c1cnccn1)c1cnccn1,1
O=C([O-])c1cccc(-c2cc(-c3cccnc3)cc(-c3cccc(C(=O)[O-])c3)n2)c1,1
O=C([O-])c1cccc(-c2cc(-c3ccncc3)cc(-c3cccc(C(=O)[O-])c3)n2)c1,1
COc1cccc(C=O)c1[O],1
CC1(C)CC(C(=O)[O-])CC(C)(C)[N+]1[O-],1
O=C(c1ccncc1)N1CCOCCOCCN(C(=O)c2ccncc2)CCOCCOCC1,1
O=C1[C](O)C(=O)C1=O.O=C1[C](O)C(=O)C1=O,1
O=C([O-])CC(C(=O)[O-])N1[CH]C=CC=C1,1
O=S1(=O)[N]c2c(c3cccnc3c3ncccc23)[N]1,1
O=C([O-])C1OC1C(=O)O.O=C([O-])C1OC1C(=O)O,1
COCCOCc1cc(-c2cc(COCCOC)c(C#N)c(COCCOC)c2)cc(COCCOC)c1C#N,1
O=C(Nc1cccnc1)NC1CCC(NC(=O)Nc2cccnc2)CC1,1
[O]P([O])(=O)C(O)c1ccncc1,1
[O]P([O])(=O)C(O)C1=C[CH]NC=C1,1
O=C([O][Ag])c1ccc(C(=O)[O][Ag])cc1,1
O=C([O-])c1cc(C(=O)[O][Ag])c(C(=O)[O-])cc1C(=O)[O][Ag],1
O=C([O-])CNC(=O)c1cc(C(=O)NCC(=O)[O-])cc(C(=O)NCC(=O)O)c1,1
COC(=O)[C]1C(=O)C(=O)[C](C(=O)OC)C(=O)C1=O,1
[O]P(=O)(O)CP([O])(=O)O,1
O=C([O-])CNc1cc(C(=O)[O-])ccc1Cl,1
CC(CCC(=O)[O-])CC(=O)[O-],1
O=C(O)c1nc(CO)[nH]c1C(=O)[O-],1
O=C([O-])c1nc(CO)[nH]c1C(=O)O,1
[O]C(C(F)(F)F)(C(F)(F)F)C(O)(C(F)(F)F)C(F)(F)F,1
c1ccc(P(CP(c2ccccc2)c2ccccc2)c2ccccc2)cc1,1
Cc1sc(C)c(C(C#N)=C(C#N)c2c(C)sc(C)c2C)c1C,1
CCCC1=NC(C(=O)[O-])=C(C(=O)O)[N]1,1
NNC(=O)NN,1
COC(=O)[C]1C(=O)C(=O)C(C(=O)OC)=C1C(=O)[O-],1
N#C[C]1C(=O)C(=O)[C](Cl)C(=O)C1=O,1
C[C]1C(=O)C(=O)[C](C)C(=O)C1=O,1
O=C1[C](C(c2ccccc2)c2ccccc2)C(=O)C(=O)[C](C(c2ccccc2)c2ccccc2)C1=O,1
O=C([O-])c1cccc2c1C(=O)c1c(C(=O)[O-])cccc1C2=O,1
Cc1cnc(C(=O)O)cn1,1
O=C([O-])c1ccc(-c2n[nH]c(-c3cc(C(=O)[O-])cc(C(=O)[O-])c3)n2)cc1,1
O=C([O-])c1c[n+]([O-])ccn1,1
[O]c1ccc([N][N]c2ccc(S([O])([O])[O])cc2)c2cccnc12,1
O=C(NC1CCCCC1)N(C(=O)c1ccc2c(c1)OCCOCCOCCO2)C1CCCCC1,1
O=C1C[N]23->[Fe]45(<-[N](CC(=O)[O]4)(CC(=O)[O]5)c4ccccc4C2)([O]1)[O]C(=O)C3,1
O=C([O-])c1ccccc1-c1ccc(Cn2cccc(C(=O)[O-])c2=O)cc1,1
Brc1cncnc1,1
S=c1sc2c(s1)SCCS2,1
Cc1cc(=O)n2ncnc2[nH]1,1
c1ccc2ncc(C3=N[N]N=N3)cc2c1,1
CC(=NN=C(C)c1nccs1)c1nccs1,1
O=C([O-])c1ccc(-c2cncs2)cc1,1
O=C(O)c1ccc(C(=O)[O-])c(-c2ccc(-c3cc(C(=O)O)ccc3C(=O)[O-])cc2)c1,1
O=C1C[N]23->[Zn]4([O]1)([O]C(=O)C2)[O]C(=O)c1ccc(c3c1)C(=O)[O]4,1
O=C([O][Zn]([Cl])([Cl])[Cl])C1CCCCN1,1
Cc1noc(C)c1C(=O)[O-],1
c1ccn2c(-c3cnccn3)nnc2c1,1
O=C([O-])CCCCCCCCC(=O)O,1
N#Cc1ccc(N)cc1,1
[O]c1ccc(C(=O)[O-])cc1,1
[O]c1ccc2cc(C(=O)[O-])ccc2c1,1
O=C(O)[C]1N=C(c2cccnc2)N=C1C(=O)[O-],1
[O][Si]([O])(c1ccccc1)c1ccccc1,1
N#CC(C#N)=c1c(=O)c(=O)c1=C(C#N)C#N,1
O=C([O-])c1nc(-c2ccc3ccccc3c2)[nH]c1C(=O)[O-],1
[O]P([O])(=O)c1cccc(P([O])([O])=O)c1,1
CC1(C)N([O])[C]([N]C(=O)C(F)(F)F)N([O])C1(C)C,1
O=C([O-])c1cc([N+](=O)[O-])cc(C(=O)[O-])c1C(=O)O,1
O=C1[N]NC(=O)c2cc3ccccc3cc21,1
COc1c(C)c(CN2[CH]N=C[N]2)c(C)c(CN2[CH]N=C[N]2)c1C,1
O=C([O-])c1cc(Sc2ccc(O)c(C(=O)[O-])c2)ccc1O,1
O=C([O-])c1ccc(-c2ccc(-c3ccc(C(=O)[O-])cc3)c3nsnc23)cc1,1
c1cc2ccc1CSCC1CCC(CC1)CSC2,1
CC(=O)Oc1c(C)cccc1C(=O)O.CC(=O)Oc1c(C)cccc1C(=O)[O-],1
O=C([O-])CN(CCO)CCO,1
CCCCCCCCCCCCCCCCCCCC(=O)[O-],1
C=CCn1ccnn1,1
O=C([O-])c1ccc(-c2cccc(C3=NN=N[N]3)c2)cc1,1
[O]c1c([O])c(Cl)c([O])c([O])c1Cl,1
COC1(OC)c2nccnc2OC2COP([O])(=O)OC21,1
O=C([O-])c1ccc(-c2ccc(C(=O)O)cc2)c(C(=O)[O-])c1,1
O=C([CH]C(=O)C(F)(F)F)C(F)(F)F,1
O=C([O-])c1cc(OCc2ccc(-c3ccccc3C(=O)[O-])cc2)cc(C(=O)[O-])c1,1
C=CCC#N,1
Nc1nnc[nH]1,1
c1cn(CCOc2ccc3ccc(OCCn4ccnc4)cc3c2)cn1,1
Nc1ccccc1N,1
FC(F)(F)c1ccc(C2=C3C=CC(=C(c4ccncc4)C4=NC(=C(c5ccc(C(F)(F)F)cc5)C5=CC=C([N]5)C(c5ccncc5)=C5C=CC2=N5)C=C4)[N]3)cc1,1
O=c1[nH]cnc2cc[nH]c12,1
N#CCCP(CCC#N)CCC#N,1
O=C([O-])c1cccc(NC(=O)c2cccnc2)c1,1
c1ccc(C2=NSc3ccccc3N2)nc1,1
Cc1cn(-c2ccc(-c3ccc(-n4cnc(C)c4)cc3)cc2)cn1,1
c1nc(C2=NN=N[N]2)n[nH]1,1
c1nc(C2=N[N]N=N2)n[nH]1,1
Cc1cc(C(=O)[O-])ccc1-c1ccc(C(=O)[O-])cc1C,1
[O]P(=O)(CO)CO,1
O=C(NCCCCNC(=O)Nc1cccnc1)Nc1cccnc1,1
c1ccc(P(CN(CP(c2ccccc2)c2ccccc2)c2ccc(N(CP(c3ccccc3)c3ccccc3)CP(c3ccccc3)c3ccccc3)cc2)c2ccccc2)cc1,1
CC(C)C1=NC(C(C)C)=N[N]1,1
CC(C)(C)SCc1nc2ccccc2nc1CSC(C)(C)C,1
O=C1[O][Sn][O]C(=O)C2CCC1CC2,1
O=C([O-])c1cc(NCc2c[nH]cn2)cc(C(=O)O)c1,1
O=C([O-])C1=C[CH]NC=C1C(=O)[O-],1
[O]S([O])([O])c1ccc(=O)[nH]c1,1
[O]C1=C(S([O])([O])[O])[CH]NC=C1,1
O=C([O-])c1cc(C(=O)[O-])c(C(=O)O)nc1C(=O)O,1
CN1[CH]N(C)C(C(=O)[O-])=C1C(=O)[O-],1
O=C([O-])c1ccc([C]2C=CC(c3ccc(C(=O)[O-])cc3C(=O)[O-])=CN2)c(C(=O)[O-])c1,1
[NH]C(CC(=O)[O-])C(=O)[O-],1
c1cc(-n2cnnc2)ccc1-c1ccc(-n2cnnc2)cc1,1
Cc1cccc(Nc2ccccc2C(=O)[O-])c1C,1
CC(C(=O)[O-])C(=O)O,1
c1cncc(C2=N[C](c3ccncc3)N[N]2)c1,1
O=C([O-])c1ccc(-c2nc(-c3ccccn3)[nH]c2-c2ccc(C(=O)[O-])cc2)cc1,1
COC(=O)[C]1C(=O)c2ccccc2N(C)S1(=O)=O,1
CC(C)(C)C1=CC(C(=O)c2ccc(C#N)cc2)=C([C](O)c2ccc(C#N)cc2)[CH]1,1
CC(C)(C)C1=CC([C](O)c2ccc(C#N)cc2)=C(C(=O)c2ccc(C#N)cc2)[CH]1,1
Cc1ccc(C(=O)[O-])s1,1
O=C([O-])c1cc(Oc2cc(C(=O)[O-])cc(C(=O)[O-])c2)cc(Oc2cc(C(=O)[O-])cc(C(=O)[O-])c2)c1,1
[O]c1cccn(Cc2ccccc2)c1=O,1
O=C([O-])c1ccc(CN2[CH]C=C(C3=C[CH]N(Cc4ccc(C(=O)[O-])cc4)C=C3)C=C2)cc1,1
c1cncc(-c2nnc(-c3ccncc3)n2-c2cccnc2)c1,1
O=C(O)CC(O)(CC(=O)O)C(=O)[O-].O=C(O)CC(O)(CC(=O)O)C(=O)[O-],1
c1ccc(-c2nc3ccccc3s2)c(SCCSc2ccccc2-c2nc3ccccc3s2)c1,1
[CH]1N=C[N]N1Cc1ccc(-c2nnc(-c3ccc(CN4[CH]N=C[N]4)cc3)o2)cc1,1
[O]P([O])(=O)CCP([O])(=O)O,1
[O]P([O])(=O)CCCCP([O])(=O)O,1
[O]S([O])([O])C(O)C(O)C(O)C(O)C(O)CO,1
FC(F)(F)[C]1N=NC(C(F)(F)F)=C1c1ccc(C2=C(C(F)(F)F)[N]N=C2C(F)(F)F)cc1,1
FC(F)(F)C1=NN=C(C(F)(F)F)[C]1c1ccc(C2=C(C(F)(F)F)[N]N=C2C(F)(F)F)cc1,1
FC(F)(F)C1=NN=C(C(F)(F)F)[C]1c1ccc([C]2C(C(F)(F)F)=NN=C2C(F)(F)F)cc1,1
FC(F)(F)C1=N[N]C(C(F)(F)F)=C1c1ccc(C2=C(C(F)(F)F)[N]N=C2C(F)(F)F)cc1,1
Fc1ccc(SCCCSc2ccc(F)cc2)cc1,1
Cc1ccc(C2=N[C](C(=O)[O-])C(C(=O)O)=N2)cc1,1
Cc1ccc(C2=N[C](C(=O)[O-])C(C(=O)[O-])=N2)cc1,1
O=C([N]C(=O)c1ccncc1Br)c1ccccc1,1
O=C(Nc1ccncc1)Nc1ccccc1Oc1ccccc1Oc1ccccc1NC(=O)Nc1ccncc1,1
[O]c1ccccc1[CH][N]Cc1cccnc1,1
O=C([O-])COc1ccc(C(=O)[O-])cc1C(=O)[O-],1
[O]C(C(=O)[O-])C(=O)[O-],1
O=C([O-])c1cc(N2[CH]N=C[N]2)cc(-n2cncn2)c1,1
[S][P]([S])(OC1CCCC1)c1ccccc1,1
[O]P([O])(=O)C(Cl)(Cl)P(=O)(Oc1ccccc1)Oc1ccccc1,1
CN1C(=O)[C]2N=NN=C2N(C)C1=O,1
Cn1c2c(c(=O)n(C)c1=O)N=N[N]2,1
O=C([O-])c1cc([N][N]c2ccc(OCc3ccncc3)cc2)cc(C(=O)[O-])c1,1
O=C([O-])C1=N[N]C(C(=O)O)=C1,1
O=C([O-])C1=NN=C(C(=O)O)[CH]1,1
N#CCCNCCC#N,1
O=C([O-])CC1NC(=O)CNC1=O,1
CC(C)(C)C1[P]C(=O)C1C(C)(C)C,1
[O]P(=O)([O][Pb])c1ccc(C(=O)O)cc1,1
O=C(Nc1cccnc1)c1ccc(-c2ccc(C(=O)Nc3cccnc3)cc2)cc1,1
O=C([O-])C(Cc1ccccc1)NCc1ccccc1,1
[O]S([O])([O])c1ccc(-c2cc(-c3ccncc3)nc(-c3ccncc3)c2)c(S([O])([O])[O])c1,1
[O]P(=O)(c1ccccc1)c1ccc(-c2ccc(P([O])(=O)c3ccccc3)cc2)cc1,1
N#C[CH][N+](=O)[O-],1
[S]C1CCCCC1,1
O=C1NCCCN1,1
N#Cc1ccc(N(c2ccc(C#N)cc2)c2ccc(C#N)cc2)cc1,1
O=C([O-])C1=C(C(=O)[O-])N=C(c2ccccc2)[N]1,1
O=C([O-])c1cc([C]2N=C(c3cc(C(=O)[O-])cc(C(=O)O)c3)[N]N2)cc(C(=O)O)c1,1
O=C([O-])C1C2C=CC(C(C(=O)[O-])C2C(=O)O)C1C(=O)O.O=C([O-])C1C2C=CC(C(C(=O)[O-])C2C(=O)O)C1C(=O)O,1
C1CNC(C2=NN=N[N]2)C1,1
O=C(O)c1ccc(-c2ccncc2)c(C(=O)[O-])c1,1
O=C([O-])C=Cc1cccc(OCC(=O)[O-])c1,1
CSc1c(SC)c(C(=O)O)c(SC)c(SC)c1C(=O)O,1
O=C([O-])CN1[CH]C=C(c2ccc(C(=O)[O-])cc2)C=C1,1
[O][C]c1ccccc1,1
O=S(=O)(c1cnccn1)c1cnccn1,1
c1cc(-n2cnnc2)ccc1CCc1ccc(-n2cnnc2)cc1,1
O=C([O-])[C]1N=C(C2=C[CH]NC=C2)N=C1C(=O)[O-],1
[Ag][P](CN(CP(c1ccccc1)c1ccccc1)c1cccnc1)(c1ccccc1)c1ccccc1,1
O=C([O-])CSc1nnnn1-c1ccc(O)cc1,1
CC(=NO)c1cccnc1,1
[O]c1ccc(S([O])([O])[O])cc1C(=O)[O][Cu][Cl],1
O=C([O-])c1cc(C(=O)[O-])cc(-c2cc(-c3cc(C(=O)[O-])cc(C(=O)[O-])c3)cc(-c3cc(C(=O)[O-])cc(C(=O)[O-])c3)c2)c1,1
O=C(NCc1cccnc1)C1=CC=C[CH]1,1
O=C(NCc1cccnc1)C1=C[CH]C=C1,1
c1cncc([C]2N=C(c3ccncc3)[N]N2)c1,1
O=C([O-])CN1[N]N=C(c2ccncc2)[N]1,1
S=c1[nH]c2ccccc2[nH]1,1
O=C([O-])c1cc(Cc2cc(C(=O)[O-])cc(C(=O)O)c2)cc(C(=O)[O-])c1,1
O=C([O-])c1cc(OCCOCCO)cc(C(=O)[O-])c1,1
CCc1nccn1-c1ccc(C(=O)[O-])cc1,1
CC(CCC(=O)[O-])C1CCC2C3CCC4CC(OC5OC(CO)C(O)C(O)C5O)CCC4(C)C3CCC12C,1
Nc1nnn[nH]1,1
Fc1ccc(CN(Cc2ccco2)C([S])=S)cc1,1
[S]C(=S)N(Cc1ccccc1)Cc1ccc2c(c1)OCO2,1
c1ncn(-c2ccc(Oc3ccc(-n4cncn4)cc3)cc2)n1,1
c1cc([C]2N=C(c3cnccn3)[N]N2)ccn1,1
C[Si](C)(c1cccnc1)[Si](C)(C)c1cccnc1,1
[O]n1ccccc1=O,1
O=C1N=C2C=CC=CN2[C]1c1cn2ccccc2n1,1
O=C(c1ccncc1)c1cccc(C(=O)c2ccncc2)n1,1
Cc1cc(C=O)c([O])c(C[O])c1,1
CCCC1=NN=C[N]1,1
c1ccc2c(c1)ncn2Cc1ccc(-c2ccc(Cn3cnc4ccccc43)cc2)cc1,1
Nn1c(-c2cccc(C(=O)[O-])c2)nnc1-c1cccc(C(=O)[O-])c1,1
CN(C)C1=NC(N(C)C)=N[P](Oc2ccncc2)(Oc2ccncc2)[N]1,1
CCC(=O)Nc1cc(C(=O)[O-])cc(C(=O)[O-])c1,1
O=C([O-])Cn1cnnc1,1
O=C([O-])C=Cc1nnc(-c2ccco2)o1,1
Nc1cccc2nsnc12,1
NCC(O)CN,1
Cc1noc([N]S(=O)(=O)c2ccc(N)cc2)c1C,1
CN1[CH]C(C(=O)[O-])=CC=C1C(=O)[O-],1
S=C1[N]CCN1,1
NCCS([O])([O])[O],1
O=C([O-])COc1cc2ccccc2cc1C(=O)[O-],1
[O]S([O])([O])c1cc(Cl)ccc1[O][Ag]<-[OH2],1
[O]S([O])([O])c1cc(Br)ccc1[O][Ag]<-[OH2],1
[O]P(=O)(OP([O])(=O)c1ccccc1)c1ccccc1,1
C[C]1C=C([N]Nc2ccccc2C(=O)[O-])C=C(C)C1=O,1
Cc1nnc(SCc2ccccc2CSc2nnc(C)s2)s1,1
O=C1CCC(C(=O)O)N1.O=C1CCC(C(=O)[O-])N1,1
Fc1ccccc1C=NCCCCN=Cc1ccccc1F,1
Cc1nnc(-c2cccnc2)o1,1
NCCSSCCN,1
N#Cc1ccc(-c2n[nH]c(-c3ccco3)c3cccc2-3)cc1,1
O=C1N2CN3C(=O)N4CN5C(=O)N6CN7C(=O)N8CN9C(=O)N%10CN%11C(=O)N%12CN1C1C2N2CN%13C(=O)N(CN%14C(=O)N(CN%15C(=O)N(CN%16C(=O)N(CN%17C(=O)N(CN1C2=O)C%12C%11%17)C%10C9%16)C8C7%15)C6C5%14)C4C3%13,1
COc1ccc2cc(C(C)C(=O)[O-])ccc2c1,1
O=C([O-])c1cc(Cn2ccnc2)cc(Cn2ccnc2)c1,1
CC(C)OP([O])(=O)c1cc(C(=O)[O-])cc(C(=O)O)c1,1
O=C1C[N]23->[Cu]4([O]1)([O]C(=O)C2)[O]C(=O)c1ccc(c3c1)C(=O)[O]4,1
COc1ccc(C2=NC(C(=O)O)=C(C(=O)[O-])[N]2)cc1,1
COC1(c2ccccn2)[N]N=C(c2ccccn2)N=N1,1
COC1(c2ccccn2)[N][N]C(c2ccccn2)=N[N]1,1
CCCS(=O)CCS(=O)CCC,1
O=C1C2C3C=CC(C2C(=O)N1c1cccnc1)C1C(=O)N(c2cccnc2)C(=O)C31,1
O=C([O-])c1cc(C(F)(F)F)ccn1,1
Cc1cc(C)c(N2[C]N(C3=NC(C(C)C)CO3)C=C2)c(C)c1,1
[O]P([O])(=O)c1ccc(-c2ccc(P([O])([O])=O)cc2)cc1,1
c1cc(-c2ccc(Oc3ccc(-c4ccncc4)cc3)cc2)ccn1,1
O=C([O-])c1cc(-c2ccccc2)c(C(=O)[O-])c(-c2ccccc2)c1,1
O=C1CCCN1C1CCC(N2CCCC2=O)CC1,1
O=C1CCCN1C1CCCCC1N1CCCC1=O,1
c1ccc(Cn2cncn2)c(Cn2cnnc2)c1,1
O=C([O-])C1=NN=C[N]1,1
c1cc([Te][Te]c2ccncc2)ccn1,1
O=C([O-])c1cc(CCCc2ccnc(C(=O)[O-])c2)ccn1,1
c1cc(-c2ccc(-c3ccncc3)s2)ccn1,1
Nc1nc2ccc(C(=O)[O-])cc2s1,1
c1cnc2c(n1)SC(=C1Sc3nccnc3S1)S2,1
O=C([O-])c1ccc(C(=O)[O-])c(Oc2ccc(C(=O)[O-])c(C(=O)[O-])c2)c1,1
O=C([O-])c1cc(Oc2ccc(C3=NN=N[N]3)cc2)cc(C(=O)O)c1,1
O=C([O-])C1=CC=CN(Cc2ccc(CN3[CH]C(C(=O)[O-])=CC=C3)cc2)[CH]1,1
CSC1=N[N]C(=S)S1,1
O=C([O-])c1ccc(-n2cncn2)cc1-n1cncn1,1
N#C[C](C#N)C(N)=S,1
O=C([O-])C1C2C=CC(C2)C1C(=O)[O-],1
O=C(O)[C]1N=C(c2ccc(Br)cc2)N=C1C(=O)[O-],1
O=C([O-])c1nc(-c2ccc(Br)cc2)[nH]c1C(=O)O,1
O=C([O-])c1nc(-c2ccc(Br)cc2)[nH]c1C(=O)[O-],1
CCn1cc(C(=O)[O-])c(=O)c2ccc(C)nc21,1
Cc1ccc(S(=O)(=O)[N]C(CCC(N)=O)C(=O)[O-])cc1,1
O=C([O-])[C]1N=C(c2ccncc2)N=C1C(=O)O,1
[O]c1cccc([O])c1[O],1
NC1CO[N]C1=O,1
N#Cc1ccccc1Oc1ccccc1C#N,1
O=C([O-])CCN=CC1=C[CH]C=CC1=O,1
O=C([O-])CCN=C[C]1C=CC=CC1=O,1
O=C([O-])c1cc(C(=O)[O-])cc(C(=C(c2ccccc2)c2ccccc2)c2ccccc2)c1,1
[O]P(=O)(Nc1ccncc1)Nc1ccncc1,1
CC(=O)Oc1ccccc1C(=O)O.CC(=O)Oc1ccccc1C(=O)[O-],1
O=C(O)c1nc(-c2cc(F)cc(F)c2)[nH]c1C(=O)[O-],1
OC1C(O)C(O)C(O)C(O)C1O,1
O=C([O-])c1cccc2c1OCO2,1
c1cc(C2C3c4ccc(cc4)C2C3c2ccncc2)ccn1,1
O=C([O-])c1cc(Oc2ccccc2C(=O)[O-])cc(Oc2ccccc2C(=O)[O-])c1,1
[O][N]N(Cc1ccc(C(=O)[O-])cc1)Cc1ccc(C(=O)[O-])cc1,1
CC(C)(C)c1cc(CN2[CH]N=C[N]2)c(O)c(CN2[CH]N=C[N]2)c1,1
Cc1cc(Cn2cncn2)c(O)c(Cn2cncn2)c1,1
Oc1c(Cn2cncn2)cc(Cl)cc1Cn1cncn1,1
O=C([O-])c1cc([N+](=O)[O-])cc([N+](=O)[O-])c1C(=O)[O-],1
Cc1c(Cl)cccc1OCC(=O)[O-],1
O=C([O-])c1n[nH]c(C(=O)[O-])n1,1
O=C([O-])c1cc(I)c(-c2cc(C(=O)[O-])c(C(=O)[O-])cc2I)cc1C(=O)[O-],1
COc1cc(C)nc(N)n1,1
O=C([O-])c1ccc(C(=O)[O-])c(-c2cc(C(=O)[O-])c(-c3cc(C(=O)[O-])ccc3C(=O)[O-])cc2C(=O)[O-])c1,1
CC1(C(=O)[O-])CC(C)(C(=O)[O-])CC(C)(C(=O)O)C1,1
O=C1COc2cc3cc(c2)C(=O)[O][Cd](<-[OH2])(<-[OH2])([O]1)[O]C(=O)CO3,1
[O]c1ccc(Cl)cc1,1
[CH]1N=C[N]N1c1cscc1-n1cncn1,1
[CH]1N=C[N]N1c1ccc(-n2cncn2)s1,1
O=C(NCc1cccnc1)c1ccc(C(=O)[O-])nc1,1
O=C([O-])c1c(Cl)cc(Cl)cc1Cl,1
O=C1CCCN1,1
[O]c1cccnc1-c1ncccc1O,1
O=C(Nc1ccccc1)NC(Cc1ccccc1)C(=O)[O-],1
O=C([O-])c1ccc(-c2c[nH]cn2)cc1,1
C1=CN=C(C2=Nc3cnccc3[N]2)[N]1,1
[O]P(=O)(O)C(O)(Cn1cncn1)P([O])(=O)O,1
[O]P(=O)(O)C(O)(CN1[CH]N=C[N]1)P([O])(=O)O,1
[S]C(=S)N1CCCCC1,1
c1ccc(SCCSc2ccccc2)cc1,1
O=C([O-])c1cc2ccccc2[nH]1,1
Cc1nnc(-c2ccccn2)n1-c1ccc(C(=O)[O-])cc1,1
O=C([O-])C1OC(C(=O)O)C(C(=O)O)C1C(=O)O.O=C([O-])C1OC(C(=O)O)C(C(=O)O)C1C(=O)O,1
Nc1ncc(-c2ccc(-c3cnc(N)nc3)cc2)cn1,1
CN(C)c1cc(C2=C3C=CC(=C(c4ccncc4)C4=NC(=C(c5cc(F)c(F)c(N(C)C)c5)C5=CC=C([N]5)C(c5ccncc5)=C5C=CC2=N5)C=C4)[N]3)cc(F)c1F,1
C1=C(c2ccncc2)SC(=C2SC=C(c3ccncc3)S2)S1,1
[O]P([O])(=O)C(O)(CC1=CN[CH]C=C1)P([O])([O])=O,1
CC(C)(c1ccc(OCC(=O)[O-])cc1)c1ccc(OCC(=O)[O-])cc1,1
COc1cc(C=NNC(=O)c2cccnc2)ccc1[O],1
COc1c(F)c(F)cc(C(=O)[O-])c1F,1
N[O],1
[O]C1=C[CH]N(c2cc(C(=O)[O-])cc(N3[CH]C=C([O])C=C3)c2)C=C1,1
S=C1CCCN1CCN1CCCC1=S,1
[O]P([O])(=O)C1=NC(=O)C=C[CH]1,1
CC(=O)OP([O])(=O)C(Cl)(Cl)P([O])(=O)OC(C)=O,1
c1ccc(Cn2ccnc2)nc1,1
C[C]1NC=C(C[O])C(C=O)=C1[O],1
C[C]1NC=C(CO)C(CO)=C1[O],1
[O][S]([O])[S]([O])[O],1
C1COCO1,1
c1ccc(-c2cc(-c3cccc(C4=NN=N[N]4)c3)cc(-c3ccccn3)n2)nc1,1
C(C=Cc1ccccc1)=Cc1ccccc1,1
O=C([O-])c1ccc(-c2ccc(-c3ccc(-c4ccc(C(=O)[O-])cc4C(=O)[O-])cc3)cc2)c(C(=O)[O-])c1,1
O=C([O-])c1cc(C(=O)[O-])cc(-n2cc(-c3ccc(C(c4ccc(-c5cn(-c6cc(C(=O)[O-])cc(C(=O)[O-])c6)nn5)cc4)(c4ccc(-c5cn(-c6cc(C(=O)[O-])cc(C(=O)[O-])c6)nn5)cc4)c4ccc(-c5cn(-c6cc(C(=O)[O-])cc(C(=O)[O-])c6)nn5)cc4)cc3)nn2)c1,1
N#Cc1ccccc1N,1
c1c2c3cc(c1CSCCOCCOCCSC2)CSCCOCCOCCSC3,1
C=CCC(=O)[O-],1
c1cn(CCCn2cnnc2)cn1,1
c1ccc(N(c2ccc(-n3ccnc3)cc2)c2ccc(-n3ccnc3)cc2)cc1,1
[C]#Cc1ccc(C#[C])nn1,1
O=C([O-])CN(CC(=O)[O-])Cc1ccccc1,1
Cc1ccc(CN(CC(=O)[O-])CC(=O)[O-])cc1,1
O=C([O-])c1ccc(P(c2ccc(C(=O)[O-])cc2)c2ccc(C(=O)[O-])cc2)cc1,1
O=C(O)c1nc(-c2ccncc2)[nH]c1C(=O)[O-],1
[O]OCC1=Nc2ccc(C(=O)[O-])cc2[N]1,1
NN1C(=O)[N]NC1=O,1
O=C(Nc1cccnc1)c1cc(C(=O)Nc2cccnc2)cc(C(=O)Nc2cccnc2)c1,1
O=C([O-])c1cc(C#Cc2cc(C(=O)[O-])cc(C(=O)O)c2)cc(C(=O)[O-])c1,1
N#C[C](C#N)C(=O)C#N,1
O=C([O-])c1ccc(Oc2cccnc2)cc1C(=O)[O-],1
CC(C)COC(=O)NC(=S)NCCCNC(=S)NC(=O)OCC(C)C,1
O=C([O-])CCN1[CH]N(CCC(=O)[O-])c2ccccc21,1
O=C([O-])c1cc(C(=O)[O-])cc(-c2ccc(-c3cc(-c4ccncc4)nc(-c4ccncc4)c3C(=O)O)cc2)c1,1
O=C([O-])c1cnc2ccccc2c1,1
O=C1[N]S(=O)(=O)[N]C1=O,1
Nc1nc2nnnn2nc1[C]([N+](=O)[O-])[N+](=O)[O-],1
c1ccc(-c2nnc(-c3cccnc3)n2-c2ccccn2)nc1,1
c1ccc(-c2nnc(-c3cccnc3)n2-c2cccnc2)nc1,1
CC(N)C1=NN=N[N]1,1
[O-][n+]1ccncc1,1
O=C([O-])c1ccc(-c2cc3cc(c2)C(=O)[O][Cd][O]C3=O)cc1,1
CC(N)C(=O)[N]C(Cc1ccccc1)C(=O)[O-],1
CC(NC(=O)c1ccc(C(=O)NC(C)C(=O)[O-])cc1)C(=O)[O-],1
Cn1c(NCC(=O)[O-])nc(N)c([N][O])c1=O,1
Cc1ccc(C(C)(C)C)cc1SCCC[Si]12O[Si]3(CCCSc4cc(C(C)(C)C)ccc4C)O[Si]4(CCCSc5cc(C(C)(C)C)ccc5C)O[Si](CCCSc5cc(C(C)(C)C)ccc5C)(O1)O[Si]1(CCCSc5cc(C(C)(C)C)ccc5C)O[Si](CCCSc5cc(C(C)(C)C)ccc5C)(O2)O[Si](CCCSc2cc(C(C)(C)C)ccc2C)(O3)O[Si](CCCSc2cc(C(C)(C)C)ccc2C)(O4)O1,1
c1cncc(COc2ccc3ccccc3c2-c2c(OCc3cccnc3)ccc3ccccc23)c1,1
C(=Cc1ccc(C=Cc2ccncc2)c2nsnc12)c1ccncc1,1
O=C([O-])c1cc(-n2cncn2)c(C(=O)[O-])cc1-n1cncn1,1
C1=N[C](C2=NN=N[N]2)C(C2=NN=N[N]2)=N1,1
O=C([O-])c1ccc(-c2cc(-c3cnccn3)nc(-c3cnccn3)c2)cc1,1
O=C(Nc1ccc(N(c2ccc(NC(=O)c3ccncc3)cc2)c2ccc(NC(=O)c3ccncc3)cc2)cc1)c1ccncc1,1
[S]SSSS[S],1
c1cncc(C2=N[N]N(CCCn3nnc(-c4cccnc4)n3)[N]2)c1,1
C[C]1N=NC(C)=C1c1ccncc1,1
N#Cc1ccc(C2=NN=N[N]2)c2nsnc12,1
O=C([O-])c1cccc(C(=O)O)c1C(=O)[O-],1
N#CC(C#N)=C(C#N)C(C#N)=C(C#N)C#N,1
[O]S([O])([O])c1ccccc1C=Cc1ccc(-c2ccc(C=Cc3ccccc3S([O])([O])[O])cc2)cc1,1
[O]S([O])([O])c1cc(C(=O)O)c(C(=O)[O-])cc1C(=O)O,1
COc1cc(C(=O)[O-])ccc1[O],1
NC(=O)NC(=O)[C]([N+](=O)[O-])[N+](=O)[O-],1
[Ag][N]1CCO[C]1c1cc(C2=NCCO2)cc(C2=NCCO2)c1,1
O=C([O-])c1ccc(OCCOCCOc2ccc(C(=O)[O-])cc2)cc1,1
C(#Cc1ccc(C#Cc2ccncc2)o1)c1ccncc1,1
IC1=C[N]N=C1,1
I[C]1C=NN=C1,1
OC(c1ccncc1)(c1ccncc1)c1ccncc1,1
CC(O)(CC(=O)[O-])C(=O)[O-],1
[O]S([O])([O])C1=CC=C[CH]1,1
[O]S([O])([O])C1=C[CH]C=C1,1
O=C1NC(=O)[C](C2(O)C(=O)NC(=O)NC2=O)C(=O)N1,1
[CH]1N=C[N]N1Cc1nc2ccccc2nc1CN1[CH]N=C[N]1,1
[CH]1N=C[N]N1Cc1nc2ccccc2nc1Cn1cncn1,1
Fc1ccccc1C1C(c2ccncc2)C(c2ccccc2F)C1c1ccncc1,1
c1ncc(-c2ccc(-c3cnc[nH]3)s2)[nH]1,1
O=C([O-])c1cc(OCc2cccc(COc3cc(C(=O)[O-])cc(C(=O)[O-])c3)c2)cc(C(=O)[O-])c1,1
[O]c1ccc([O])cc1,1
[O]c1cccc([O])c1,1
COC1CCc2nccc(-c3ccncc3)c2C1OC,1
OC1CCc2nccc(-c3ccncc3)c2C1O,1
O=C([O-])c1cc(F)c(F)cc1Cl,1
c1cncc(-c2cc(-c3ccncc3)nc(-c3ccncc3)c2)c1,1
[O]P([O])(=O)CCC(=O)O.[O]P([O])(=O)CCC(=O)O,1
O=C([O-])Cc1ccccc1[N+](=O)[O-],1
O=C([O-])Cn1c(-c2ccccn2)nc2ccccc21,1
[CH]1N=C(C2=NC(c3ccccn3)=N[N]2)[N]N1,1
CCP(=O)(CP([O])([O])=O)c1ccccc1,1
O=[N+]([O-])C1=NN=N[N]1,1
O=[N+]([O-])C1=N[N]N=N1,1
O=C([O-])c1ccc(-c2cc(-c3ccc(C(=O)[O-])cc3)cc(-c3cc(-c4ccncc4)nc(-c4ccncc4)c3)c2)cc1,1
[O]CC([O])CO,1
O.O.O=C(O)C(=O)O,1
O=C(O)C(=O)O.O=C([O-])C(=O)O.O=C([O-])C(=O)O,1
O=C(O)c1ccccc1,1
O=C([O-])c1cccc(OCc2cccc(COc3cccc(C(=O)[O-])c3)c2)c1,1
CNC(=S)Nc1nc2ccccc2s1,1
O=C([O-])c1cc2c(cc1C(=O)[O-])N=C[N]2,1
Nc1nnnn1-c1cc(C(=O)[O-])cc(C(=O)[O-])c1,1
[O]c1ccc2c(c1)OC1=CC(O)=C[CH]C1=C2c1ccccc1C(=O)[O-],1
[O]C1=C[CH]C2=C(c3ccccc3C(=O)[O-])c3ccc(O)cc3OC2=C1,1
[O]C1=C[CH]C2=C(c3ccccc3C(=O)[O-])c3ccc([O])cc3OC2=C1,1
[O]C1=C[C]2Oc3cc([O])ccc3C(c3ccccc3C(=O)[O-])=C2C=C1,1
O=C([O-])c1ccc(OCc2ccncc2)c(OCc2ccncc2)c1,1
c1ccc([C]2N=C(c3ccccn3)N=C2c2ccccn2)nc1,1
c1cnc2c(c1)c1nc(-c3ccc(C4=NN=N[N]4)cc3)[nH]c1c1cccnc12,1
c1cnc2c(c1)c1nc(-c3ccc(C4=N[N]N=N4)cc3)[nH]c1c1cccnc12,1
[Cu][C]([C]CSCc1ccccc1)CSCc1ccccc1,1
[O]c1cccnc1[N+](=O)[O-],1
O=C([O-])c1ccc(-n2c3ccc(C(=O)[O-])cc3c3cc(C(=O)[O-])ccc32)cc1,1
c1cn(-c2ccc(OCCOc3ccc(-n4ccnc4)cc3)cc2)cn1,1
O=C([O-])c1ccc(Oc2ccc(C(=O)[O-])c(C(=O)[O-])c2)c(C(=O)[O-])c1,1
Cc1cncc(CSCc2cncc(C)n2)n1,1
O=C([O-])[C]1C=NC(=O)C(C(=O)[O-])=N1,1
Nc1ccccc1C1=NN=N[N]1,1
O=C([O-])C(Cl)(Cl)Cl,1
O=C([O-])c1cc(-n2cnnc2)cc(-n2cnnc2)c1,1
Cc1nnc(C)n1N,1
[O]S([O])([O])c1cccc2ccccc12,1
Cc1nnc(SCCCCSc2nnc(C)s2)s1,1
c1nnc(SCCCSc2nncs2)s1,1
[O]c1ccc([N+](=O)[O-])cc1C(=O)[O-],1
O=C([O-])c1ccc(CN=Cc2cccnc2)cc1,1
[O]S([O])([O])c1ccc(C2=C3C=CC(=C(c4ccc(S([O])([O])[O])cc4)C4=NC(=C(c5ccc(S([O])([O])[O])cc5)C5=CC=C([N]5)C(c5ccc(S([O])([O])[O])cc5)=C5C=CC2=N5)C=C4)[N]3)cc1,1
C(#Cc1ccccc1C#Cc1ccccc1C#Cc1ccncc1)c1ccncc1,1
CC(C)C(N)C(=O)[O-],1
NC(CO)C(=O)[O-],1
[N]=CC(=O)[O-],1
COc1c(C=Cc2ccncc2)cc2ccccc2c1-c1c(OC)c(C=Cc2ccncc2)cc2ccccc12,1
O=C([O-])c1nc(C2=C[CH]NC=C2)[nH]c1C(=O)O,1
O=C([O-])c1ccc(Sc2ccncc2)c(C(=O)[O-])c1,1
Cc1nccn1Cc1ccncc1,1
O=C(O)c1cncc(C(=O)O)n1,1
O=C(O)c1cccc[n+]1[O-],1
O=C(O)[C]1N=C(c2cncc(Br)c2)N=C1C(=O)[O-],1
O=C1[C](O)C(=O)C1=O,1
O=C([O-])c1ccc(-c2ccc(P(c3ccc(-c4ccc(C(=O)[O-])cc4)cc3)c3ccc(-c4ccc(C(=O)[O-])cc4)cc3)cc2)cc1,1
[CH]1N=CC=C1CCCCC1=CN=C[CH]1,1
Cc1ccc([N+](=O)[O-])cc1S([O])([O])[O],1
O=C([O-])C1CCCN1Cc1ccc(-c2nnn[nH]2)cc1,1
c1cncc(CSSCc2cccnc2)c1,1
CC1=C[CH]N([O])C=C1,1
[O][N]C(=O)c1cc(F)ccc1F,1
COP(=O)(Cc1ccc(-c2ccc(CP(=O)(OC)OC)cc2)cc1)OC,1
[O]c1ccc([O])c2c1C1c3c([O])ccc([O])c3C2c2c([O])ccc([O])c21,1
c1cc(-n2cnnc2)cc(-n2cnnc2)c1,1
O=C([O-])c1cc(Br)c(C(=O)O)cc1Br,1
c1cn(-c2ccc(Nc3ccc(-n4ccnc4)cc3)cc2)cn1,1
[O]c1ccccc1P1(=O)COc2ccccc2OC1,1
O=C(Oc1cc2ccccc2cc1OC(=O)c1ccncc1)c1ccncc1,1
[c]1ccc(-c2ccc(-c3cc[c]cc3)cc2)cc1,1
Nc1ncccc1C=Cc1ccncc1,1
N#CC1=C(C#N)SCCOCCOCCS1,1
O=C(O)c1ccc(-c2cc(-c3ccc(C(=O)O)cc3)c(C(=O)[O-])cc2C(=O)[O-])cc1,1
[OH2]->[Ag][O]N1[CH]C=CC=C1,1
C(=NC1CCC(N=Cc2cccnc2)CC1)c1cccnc1,1
c1cnc(Oc2ccc(Oc3cnccn3)cc2)cn1,1
c1ccc2nc(Oc3ccc(Oc4cnc5ccccc5n4)cc3)cnc2c1,1
CC1SCCCS1,1
O=C([O-])c1ccc(-c2ccc(C(=O)O)c(C(=O)[O-])c2)cc1C(=O)[O-],1
O=C([O-])CC1(CC(=O)[O-])C(=O)[N]C2=CC=C[CH]N21,1
[O-][n+]1cccc(-c2nc3ccccc3[nH]2)c1,1
O=C1[N]C(=O)c2ccccc21,1
[O]P([O])(=O)CN(CP([O])([O])=O)C1CCCCC1,1
CC(COc1cccc(C(=O)[O-])c1)(COc1cccc(C(=O)[O-])c1)COc1cccc(C(=O)O)c1,1
c1ccc2nc(-c3cnc4ccccc4n3)cnc2c1,1
O=C([O-])c1ccc(Br)cc1,1
O=C([O-])c1cccc(C(=O)[O-])c1C(=O)O,1
CC(C)(C)c1cc([N+](=O)[O-])cc(C=NC(C(=O)[O-])C(C)(C)C)c1[O],1
CC(C)(C)c1cc(Br)cc(C=NC(C(=O)[O-])C(C)(C)C)c1[O],1
O=C1C(=Cc2cccnc2)CN(Cc2ccccc2)CC1=Cc1cccnc1,1
O=C1C=CC(=O)c2ccccc21,1
O=C([O-])C1C2[C]3[O][Cd]4([O]3)[O]C(=O)C1C(C(=O)[O-])C(C(=O)[O]4)C2C(=O)[O-],1
O=C([O-])C1(O)CSC(O)(C(=O)[O-])CS1,1
[O]S([O])([O])c1cccc(C(=O)O)c1,1
[O]P(=O)(O)CCS([O])([O])[O],1
O=C([O-])c1cc([N+](=O)[O-])cs1,1
O=C([O-])c1cc(Cl)ccc1[N+](=O)[O-],1
NC(=O)NC(=O)C(=O)[O-],1
[CH]1N=C[N]N1Cc1cccc(Cn2cncn2)c1,1
O=C([O-])Cc1ccc(C2=NN=N[N]2)cc1,1
O=C([O-])Cc1cccc(C2=NN=N[N]2)c1,1
[CH]1C=C(c2ccncc2)C=CN1CCCCN1[CH]C=C(c2ccncc2)C=C1,1
[O]P([O])(=O)CCSc1ccncc1,1
[O]S([O])([O])c1ccccc1[N+](=O)[O-],1
CCOC(=O)c1cc(CP([O])([O])=O)cc(C(=O)[O-])c1,1
COC(=O)c1cc(CP([O])([O])=O)cc(C(=O)[O-])c1,1
c1ccc(-c2cnc3ccccc3n2)nc1,1
[O]P([O])(=O)F,1
O=C([O-])C1CC(C(=O)[O-])CC(C(=O)O)C1,1
O=C([O-])C(Cc1cnc[nH]1)N1C(=O)c2cccc3cccc(c23)C1=O,1
c1cc(-c2ccc(Nc3ccc(-c4ccncc4)cc3)cc2)ccn1,1
O=C([O-])c1cc(C(=O)[O-])cc(N(Cc2ccccn2)Cc2ccccn2)c1,1
[O]c1ccccc1C=NCc1ccccn1,1
Cc1cnc(C)c(C)n1,1
O=C([O-])c1cncc(-c2ccc(C(=O)O)cc2)c1,1
[O]S([O])([O])CCNCc1ccccn1,1
c1ccc(N=NN=NN=Nc2ccccc2)cc1,1
O=C([O-])CN1[N]N=C(c2ccccn2)[N]1,1
O=C([O-])Cn1nnc(-c2ccccn2)n1,1
[O][Ge]12[O][Ge]3([O])[O][Ge]4([O])[O][Ge]([O])([O]1)[O][Ge]1([O])[O][Ge]([O])([O]2)[O][Ge]([O])([O]3)[O][Ge]([O])([O]4)[O]1,1
[O]P([O])(=O)Cc1cccc(C(=O)[O-])c1,1
[O]P(=O)(O)Cc1cccc(C(=O)[O-])c1,1
O=C([O-])C1=C(C(=O)O)[N]C(c2ccncc2)=N1,1
NC1=N[CH]c2ncn(CC(=O)[O-])c2[N]1,1
O=C([O-])COc1ccc(C(=O)[O-])cc1[N+](=O)[O-],1
[O]P1(=O)C[N]23->[Cu]45(<-[N](CC(=O)[O]4)(CC(=O)[O]5)C1)([O]C(=O)C2)[O]C(=O)C3,1
c1cncc(-c2cncnc2)c1,1
Oc1ccc([S])cc1,1
Cc1cc(C#CC#Cc2cc(C)cc(C(C)(C)C)c2[O])c([O])c(C(C)(C)C)c1,1
Cc1cccnc1C1=NN=C(c2cccnc2)[N]1,1
O=C(NC1CCCCC1NC(=O)c1c[nH]cn1)c1c[nH]cn1,1
O=C([O-])C(Sc1ccccn1)Sc1ccccn1,1
C(C1=NN=N[N]1)c1nnn[nH]1,1
C=Cc1ccccn1,1
c1ccc(SP(Sc2ccccc2)Sc2ccccc2)cc1,1
[CH]([N][N][C]([C]([N][N][CH]c1ccncc1)c1ccccc1)c1ccccc1)c1ccncc1,1
c1cc(-c2nnn(CCCn3nnc(-c4ccncc4)n3)n2)ccn1,1
[N]1N=NN=C1C1=C(C2=NN=N[N]2)N=N[N]1,1
[N]1N=NN=C1[C]1N=NN=C1C1=NN=N[N]1,1
[N]1N=C(C2=NN=N[N]2)C(C2=NN=N[N]2)=N1,1
C1=NC(c2ccccn2)=N[N]1,1
O=C([O-])c1cc(C(=O)[O-])c(C(=O)[O][Ca](<-[OH2])(<-[OH2])(<-[OH2])(<-[OH2])(<-[OH2])<-[OH2])cc1C(=O)[O-],1
Nc1ccccn1,1
NN[C](c1ccc2c(c1)C(=O)[N]NC2=O)c1ccc2c(c1)C(=O)N[N]C2=O,1
COC(C(=O)[O-])c1ccccc1,1
COC(=O)c1ccc([S])cc1,1
[O]c1ccc([N][N]c2nnc[nH]2)cc1C(=O)[O-],1
CC(=O)[N][N]C(C)=O,1
C(=Cc1cccnc1)c1ccncc1,1
O=C1[C]([N+](=O)[O-])C=C(C2=NN=N[N]2)C=C1[N+](=O)[O-],1
Nc1c(N)c2cccnc2c2ncccc12,1
O=C([O-])c1ccc(-c2ccc(C(=O)[O-])cc2O)cc1,1
Fc1c(F)c(Cn2cncn2)c(F)c(F)c1CN1[CH]N=C[N]1,1
C#Cc1ccc(-c2nnc(-c3ccc(C#C)cc3)o2)cc1,1
C#Cc1cccc(-c2nnc(-c3cccc(C#C)c3)o2)c1,1
c1ccc(C2=N[N]N=N2)cc1,1
O=C([O-])CSc1ncccn1,1
S=C1NCCS1,1
O=C([O-])CCN1[CH]N=C[N]1,1
O=C([O-])CCn1cncn1,1
CC[C]1N=NC(CC)=C1c1ccncc1,1
Cc1cc(C(=O)[O-])cc(=O)[nH]1,1
CC(C)(c1ccc(C(=O)[O-])cc1)c1ccc(C(=O)[O-])cc1,1
O=C([O-])C=Cc1cccc(Br)c1,1
O=C([O-])CCCN1C(=O)c2ccc3c4c(ccc(c24)C1=O)C(=O)N(CCCC(=O)O)C3=O,1
O=C([O-])CCCN1C(=O)c2ccc3c4c(ccc(c24)C1=O)C(=O)N(CCCC(=O)[O-])C3=O,1
O=C([O-])c1ccc(Cl)cc1Cl,1
Cc1cc2c([O])c(c1)CN(CC(=O)[O-])CCCCN(CC(=O)[O-])Cc1cc(C)cc(c1[O])CN(CC(=O)[O-])CCCCN(CC(=O)[O-])C2,1
O=S1(=O)CCCC1,1
O=C([O-])c1ccc(-c2cc(-c3cccnc3)cc(-c3ccc(C(=O)[O-])cc3)n2)cc1,1
O=C([O-])[C]1[C]2[CH]C(N(Cc3ccc(C(=O)[O-])cc3)Cc3ccc(C(=O)[O-])cc3)=C[C]21,1
O=C([O-])c1ccc(CN(Cc2ccc(C(=O)[O-])cc2)c2ccc(C(=O)[O-])cc2)cc1,1
CSC(=S)Nc1ccccc1,1
O=C([O-])c1cc([N+](=O)[O-])cc(C(=O)[O-])n1,1
Cc1cccc(C[O])n1,1
c1cncc(OCCOc2cccnc2)c1,1
c1cncc(-c2nnc(-c3cccnc3)s2)c1,1
CC1=NN=C(CC2=NC(C)=N[N]2)[N]1,1
CC1=NN=C(CC2=N[N]C(C)=N2)[N]1,1
O=C([O-])c1nc(C(=O)[O-])c(C(=O)O)nc1C(=O)O,1
C=CCn1nnc(-c2ccncc2)n1,1
O=C([O-])c1nn[nH]c1C(=O)O,1
[O]C(O)(C(O)C(O)C(=O)O)C([O])(O)C(O)C(O)C(=O)O,1
c1ccc2c(c1)OCCOCCOCCOCCOCCO2,1
ClC1=C[N]N=C1,1
Cl[C]1C=NN=C1,1
CCn1c2c(n(CC)c1=S)-c1c(n(CC)c(=S)n1CC)SSSS2,1
O=C([O-])c1ccc(Nc2cc(Nc3ccc(C(=O)[O-])cc3)cc(Nc3ccc(C(=O)[O-])cc3)c2)cc1,1
O=C([O-])c1ccc(-c2cc(C(=O)[O-])cc(C(=O)[O-])c2)nc1,1
C1=N[N]C=C1[C]1C=NN=C1,1
c1ccc(CSCCNCCSCc2ccccc2)cc1,1
[S]CC[S],1
O=C([O-])c1sc(C(=O)[O-])c2c1OCCO2,1
O=C([O-])c1cc(C(=O)[O-])cc(-c2cccc(C(=O)[O-])c2C(=O)O)c1,1
CC(O)(c1ccncc1)C(C)(O)c1ccncc1,1
c1ccc(-c2ccc3nnc(-c4cccnc4)n3n2)cc1,1
O=C(OCCCCOC(=O)c1cccnc1)c1cccnc1,1
O=C([O-])C[N]12->[Cd]345(<-[N](CC(=O)[O-])(CC1)CC(=O)[O]3)<-[N](CC2)(CC(=O)[O]4)CC(=O)[O]5,1
[CH2][CH]COn1nnc2ccccc21,1
O=C([O-])c1ccc(-n2cnnn2)cc1,1
O=C1[N]c2nc(=O)[nH]nc2N1,1
O=C([O-])c1cc(Oc2ccc(-c3ccc(Oc4cc(C(=O)[O-])cc(C(=O)[O-])c4)cc3)cc2)cc(C(=O)[O-])c1,1
NCCC(=O)[O-],1
S=C1NCCCN1,1
Cc1nc2ccccc2n1CCCCCn1c(C)nc2ccccc21,1
O=C(NC1=NN=N[N]1)c1ccccc1,1
Cc1nc2cc3[nH]c(C)nc3cc2[nH]1,1
O=C([O-])COc1ccc(C(=O)O)cc1,1
Cc1c(C(=O)[O-])c(C)c(C(=O)[O-])c(C)c1C(=O)[O-],1
O=C([O-])COc1c(Cl)cc(Cl)cc1Cl,1
O=C([O-])CC(n1cncn1)n1cncn1,1
C(=Nn1cnnc1)c1cccnc1,1
[O]S([O])([O])c1ccc2c(c1)C(=O)C(=O)N2,1
CCSc1ccc(SCC)cc1,1
CN(C)C(=O)c1c(C(=O)[O-])cccc1C(=O)[O-],1
Cc1cc(C)c(Cn2ccnc2)c(C)c1Cn1ccnc1,1
CC(Oc1ccc(-c2ccc(C(=O)[O-])cc2)cc1)C(=O)[O-],1
CC(Oc1ccc2cc(C(=O)[O-])ccc2c1)C(=O)[O-],1
NCCN1CCNCC1,1
O=C([O-])C1C2C=CC(O2)C1C(=O)[O-],1
O=C(Nc1cccnc1)c1ccc(C(=O)Nc2cccnc2)s1,1
c1cc2cc(c1)CSCCOCCSC2,1
CC1=C([O])C(=O)C(C)=C([O])C1=O,1
[O]S([O])([O])[C]1C(=O)C(=O)[C](S([O])([O])[O])C(=O)C1=O,1
O=C([O-])c1ccc(Oc2ccc(C(=O)[O-])nc2)cc1,1
O=C([O-])c1cccc(N2[CH]C=C(c3ccncc3)C=C2)c1,1
[CH]1[N][CH]N(CCCCN2[CH][N][CH]N2)N1,1
O=C([O-])c1ccc(CO)cc1,1
S=C1N=C[N]N1,1
O=C([O-])CSc1ccc(C(=O)[O-])cc1,1
O=C([O-])C(O)CO,1
CC(CC(=O)[O-])C(=O)[O-],1
CC1=Nc2cc3c(cc2[N]1)N=C(C)[N]3,1
CC1=Nc2cc3c(cc2[N]1)Oc1cc2c(cc1O3)N=C(C)[N]2,1
CC1=Nc2cc3c(cc2[N]1)Oc1cc2c(cc1O3)[N]C(C)=N2,1
O=C(O)c1cccnc1C(=O)[O-],1
O=C([O-])c1cccc[n+]1[O-],1
O=C([O-])C1=C[N]2[Ir]=[c]3cc(C(=O)[O-])c[c]4c3=C2[N]([CH]1)[Ir]4,1
O=C([O-])c1ccc(-c2ncc(C(=O)[O-])cn2)cc1,1
COc1cc[n+]([O-])cc1,1
CC(C)(C)C[S],1
O=C([O-])c1cn(C2CC2)c2cc(N3CCNCC3)c(F)cc2c1=O,1
O=C([O-])C[N]S(=O)(=O)c1cccnc1,1
c1ccc(C[Se]c2ccccn2)nc1,1
c1ccc2cnncc2c1,1
ON=C(c1cccnc1)c1cccnc1,1
Cc1cc(OCC(=O)[O-])cc(OCC(=O)[O-])c1,1
O=C([O-])c1cc(-n2cncn2)cc(-n2cncn2)c1,1
O=C([O-])C1=N[N]N=C1C(=O)O,1
O=C1[N][N]C(=O)c2ccccc21,1
C1=NC=N[C]1c1cc([C]2C=NC=N2)cc(-c2cnc[nH]2)c1,1
NC(=S)c1ccc(C(N)=S)cc1,1
[O]CCN(CCO)CCS([O])([O])[O],1
CCC(CC)(C(=O)[O-])C(=O)[O-],1
CCc1nnc(-c2ccccn2)n1-c1cccc(C)c1,1
CC(O)c1nc2cc(C(=O)[O-])ccc2[nH]1,1
c1cn(-c2ccc3sc4ccc(-n5ccnc5)cc4c3c2)cn1,1
Cc1cc(C)ncn1,1
Cc1ccc(S(=O)(=O)[N]C(C(=O)[O-])c2ccccc2)cc1,1
c1cncc(-c2ccc(OCCOc3ccc(-c4cccnc4)cc3)cc2)c1,1
C1CNCCNCN(CCN2CNCCNCCCNCCNC2)CNCCNC1,1
C1CNCCNCN(CCCCN2CNCCNCCCNCCNC2)CNCCNC1,1
NC(=S)Nc1ccc(F)cc1F,1
Cc1nnc(-c2ncccn2)n1-c1cc(C(=O)[O-])cc(C(=O)[O-])c1,1
Cc1nnc(-c2cnccn2)n1-c1cc(C(=O)[O-])cc(C(=O)[O-])c1,1
O=C([O-])c1cc(C(=O)[O-])cc(C2C(c3ccncc3)C(c3cc(C(=O)[O-])cc(C(=O)[O-])c3)C2c2ccncc2)c1,1
N#C[C](C#N)C1=C([C](C#N)C#N)C1=C(C#N)C#N,1
OC(CN1[CH]N=C[N]1)(Cn1cnnc1)c1ccc(F)cc1F,1
[N]=C1[CH][CH][C](N=C2CC[CH][C]3C=CC32)C2CCC12,1
O=C([O-])c1cc(C(=O)[O-])cc(-c2ccnc3ccccc23)c1,1
O=C([O-])C1=C(C(=O)[O-])N=C(c2ccccn2)[N]1,1
O=C([O-])[C]1N=C(c2ccccn2)N=C1C(=O)[O-],1
[O]P(=O)(O)CN(Cc1ccc(F)cc1)CP([O])(=O)O,1
[O]P([O])(=O)Cc1cccnc1,1
[CH]1N=C[N]N1c1cccc(N2[CH]N=C[N]2)n1,1
O=S(=O)([N]Br)c1ccc(Cl)cc1Cl,1
[O]S([O])([O])Cc1cc([N+](=O)[O-])ccc1O,1
c1ccc2nn(Cc3ccc(Cn4nnc5ccccc54)cc3)nc2c1,1
c1cc(Cn2nc3ccccc3n2)cc(Cn2nnc3ccccc32)c1,1
Cc1cc(C)c(C(=O)P([O])(=O)C(=O)c2c(C)cc(C)cc2C)c(C)c1,1
c1cncc(-c2ccncc2)c1,1
NC(=O)CC(N)C(=O)[O-],1
O=[N+]([O-])c1ccc(CC2=NN=N[N]2)cc1,1
O=C([O-])c1ccc(C2=C3C=CC4=[N]3->[Fe]35<-[N]6=C(C=CC6=C(c6ccc(C(=O)[O-])cc6)c6ccc2[n]63)C(c2ccc(C(=O)[O-])cc2)=c2ccc([n]25)=C4c2ccc(C(=O)[O-])cc2)cc1,1
C1=CC2C1N1C=CN2C=C1,1
O=C([O-])c1ccc(C2=C3C=CC(=C(c4ccc(C(=O)[O-])cc4)C4=NC(=C(c5ccc(C(=O)[O-])cc5)C5=CC=C([N]5)C(c5ccc(C(=O)[O-])cc5)=C5C=CC2=N5)C=C4)[N]3)cc1,1
[O]CCNCCO,1
O=C([O-])C1=CC(c2ccccn2)=N[N]1,1
O=C([O-])C1=NN=C(c2ccccn2)[CH]1,1
O=C([O-])C1=N[N]C(c2ccccn2)=C1,1
O.O=C1[C](Cl)C(=O)C(=O)[C](Cl)C1=O,1
O=C([O-])c1cc(OCOc2cc(C(=O)[O-])cc(C(=O)O)c2)cc(C(=O)O)c1,1
CS(=O)(=O)[CH]C#N,1
c1ccc(-c2cc(-c3ccc(-c4cc(-c5ccccn5)nc(-c5ccccn5)c4)cc3)cc(-c3ccccn3)n2)nc1,1
CCCc1nncn1-c1cc(C(=O)[O-])cc(C(=O)[O-])c1,1
C[Si]1(CCc2cccnc2)O[Si](C)(CCc2cccnc2)O[Si](C)(CCc2cccnc2)O[Si](C)(CCc2cccnc2)O1,1
CC(C)c1cccc(C(C)C)c1[O],1
CN1[N]C(c2cccc(-n3ccnc3)c2)=N[C]1c1ccc(-n2ccnc2)cc1,1
c1cc(C2=NN=N[N]2)ccc1Oc1ccc(C2=NN=N[N]2)cc1,1
c1cc(C2=NN=N[N]2)ccc1Oc1ccc(C2=N[N]N=N2)cc1,1
O=C([O-])c1ccc(C2=N[C](c3cccnc3)N[N]2)cc1,1
NC(Cc1c[nH]cn1)C(=O)[O-],1
O=c1ccccn1Cc1cccc(Cn2ccccc2=O)c1,1
Nc1ncc(-c2c(F)c(F)c(F)c(F)c2F)cn1,1
NC1=C2N[CH]N=C2[N]C=N1,1
[O]P([O])(=O)c1ccc(-c2ccc(C(=O)[O-])cc2)cc1,1
O=C([O-])c1ccnnc1,1
O=C([O-])c1ccc2[nH]c(=S)[nH]c2c1,1
O=C(Nc1cccnc1)c1cccc(C(=O)Nc2cccnc2)c1,1
CC(=NO)C1=C(C)C(=C(C)N[O])N=N1,1
C[C](N[O])C1=C(C)[C](C(C)=NO)N=N1,1
O=C([O-])[CH][CH]c1ccc(Cn2ccnc2)cc1,1
O=C([O-])c1cccc(CN2[CH]C=C(C=Cc3ccncc3)C=C2)c1,1
[O]n1nc([N+](=O)[O-])nc1-c1nc([N+](=O)[O-])nn1[O],1
CC1(C)C2=N[C]3C=C4N=NN=C4C=C3N=C2C(C)(C)C2=C1[N]c1cc3c(cc1=N2)N=NN=3,1
CC1(C)C2=C(N=c3cc4c(cc3[N]2)=NN=N4)C(C)(C)c2nc3c(nc21)=C[C]1N=NN=C1C=3,1
CC1(C)c2nc3c(nc2C(C)(C)c2nc4cc5c(cc4nc21)[N]N=N5)=CC1=NN=N[C]1C=3,1
Cc1c(C(=O)[O-])nnn1-c1ccc(C(=O)[O-])cc1,1
CCc1nccn1Cn1nnc2ccccc21,1
CN1CCN(C)C(=S)C1=S,1
O=C([O-])c1ccc(S(=O)(=O)c2ccc(C(=O)[O-])c(C(=O)O)c2)cc1C(=O)[O-],1
O=C([O-])C1C2[CH][CH]C(O2)C1C(=O)O,1
c1cn(-c2ccc(CN3CCN(Cc4ccc(-n5ccnc5)cc4)CC3)cc2)cn1,1
[O]P(=O)(O)c1ccc(S([O])([O])[O])cc1,1
O=C1[N]N=CN1[N][N]N1C=N[N]C1=O,1
O=c1[nH]ncn1[N][N]n1cn[nH]c1=O,1
O=C([O-])c1cccc(CN2CCOCCOCCN(Cc3cccc(C(=O)[O-])n3)CCOCCOCC2)n1,1
O=C([O-])c1ccc(-c2cc(-c3ccc(C(=O)[O-])cc3)cc(-c3cc(-c4cc(-c5ccc(C(=O)[O-])cc5)cc(-c5ccc(C(=O)[O-])cc5)c4)cc(-c4cc(-c5ccc(C(=O)[O-])cc5)cc(-c5ccc(C(=O)[O-])cc5)c4)c3)c2)cc1,1
CN([O])C=CN(C)[O],1
c1cncc(-n2c(-c3ccncc3)nnc2-c2ccncc2)c1,1
N[C]1N=C(C(=O)[O-])[N]N1,1
O=C([O-])C1=C[CH]N(CCCN2[CH]C=C(C(=O)[O-])C=C2)C=C1,1
Cc1cc2c3c(C[N]45->[Cu](<-[O]3[Cu]36<-[N](CC(=O)[O]3)(CC(=O)[O]6)C2)([O]C(=O)C4)[O]C(=O)C5)c1,1
[O][S]([O])c1ccc(C(=O)[O-])cn1,1
[CH]1N=C[N]N1c1ccc(C2=N[N]N=N2)cc1,1
C#Cc1ccc(-c2cc(-c3ccncc3)nc(-c3ccncc3)c2)cc1,1
O=C([O-])c1ccc2c(c1)N[CH]N2,1
CC(C)(C)c1cc2c(O)c(c1)Cc1cc(C(C)(C)C)cc(c1OC(=O)c1ccncc1)Cc1cc(C(C)(C)C)cc(c1O)Cc1cc(C(C)(C)C)cc(c1OC(=O)c1ccncc1)C2,1
[O]c1ccccc1C=NCCN=C[C]1C=CC=CC1=O,1
Cc1c(C=CC(=O)[O-])c(C)c(C=CC(=O)[O-])c(C)c1C=CC(=O)[O-],1
O=C([O-])c1ccc(-c2cc(C(=O)O)ccc2C(=O)[O-])nc1,1
O=C([O-])c1ccc(C(=O)NC2CCCCC2NC(=O)c2ccc(C(=O)[O-])cc2)cc1,1
[O]S([O])([O])c1cc(O)c(S([O])([O])[O])cc1O,1
NC(=O)CN1CCCC1=O,1
c1ccc(SCCCCSc2ccccc2)cc1,1
CC(Oc1ccc(OCc2ccc(C(=O)[O-])cc2)cc1)C(=O)[O-],1
C1=CC2=C(c3cccs3)[N]N=C(c3cccs3)C2=C1,1
[CH]1C=Cc2c(-c3cccs3)nnc(-c3cccs3)c21,1
[CH2]S([O])([N]S(=O)(=O)c1ccc(C)cc1)c1ccccc1,1
O=C1[O][Cu]2[O]C3=CC=C[CH]C3=C[N]2C1Cc1ccccc1,1
O=C1[O][Cu]2[O][C]3C=CC=CC3=C[N]2C1Cc1ccccc1,1
c1cn(-c2ccc3cc(-n4ccnc4)ccc3c2)cn1,1
CP(C)CCP(C)C,1
O=C([O-])c1ccc(-c2ccc(C(=O)O)c(C(=O)[O-])c2)cn1,1
CC(=O)c1cccnc1,1
O=C1[C]([N+](=O)[O-])C(O)=C([N+](=O)[O-])C(O)=C1[N+](=O)[O-],1
Cc1cc(-c2nc3sc(-c4cc(C)c(-c5ccncc5)c(C)c4)nc3s2)cc(C)c1-c1ccncc1,1
[S]C1=C[CH]N(c2ccncc2)C=C1,1
[c]1ccccc1,1
O=C([O-])c1cc(OCc2ccccc2COc2cc(C(=O)[O-])cc(C(=O)[O-])c2)cc(C(=O)[O-])c1,1
[N]c1cc(C(=O)[O-])c([N])cc1C(=O)[O-],1
Nc1ccc(Sc2ccc(N)cc2)cc1,1
O=S(=O)(c1ccc(O)cc1)c1ccc(O)cc1,1
O=C([O-])CCN1C=NC2=NC=N[C]2C1=O,1
C(=Cc1cccnc1)c1cccnc1,1
CN(C)c1nc2n(c(=O)n1)N=N[N]2,1
Cn1ccnc1C(CC(=O)[O-])c1nccn1C,1
[S]C(=S)c1ccc(C([S])=S)cc1,1
COC1(OC)COP([O])(=O)OC1,1
O=C([O-])c1ccccc1Oc1ccc(C(=O)[O-])c(C(=O)[O-])c1,1
O=C([O-])c1ccccc1Oc1cccc(C(=O)[O-])c1C(=O)[O-],1
c1cc(SSSc2ccncc2)ccn1,1
CC(=O)C(=NNc1ccccc1S([O])([O])[O])C(C)=O,1
O=C([O-])CN1C=NC2=NC=N[C]2C1=O,1
O=C([O-])CN1[CH]N=C2N=CN=C2C1=O,1
O=C([O-])C=Cc1ccc(Cl)cc1,1
c1ccc2c(c1)ncn2C1=NN=N[N]1,1
O=C([O-])c1cccc(CN2[CH]C=C(C3=C[CH]N(Cc4cccc(C(=O)[O-])c4)C=C3)C=C2)c1,1
COc1cccc(C=NCCCN=Cc2cccc(OC)c2[O])c1[O],1
O=C([O-])c1ccc(S(=O)(=O)c2ccc3c(c2)C(=O)[O][Zn][O]C3=O)cc1C(=O)[O-],1
N#C[C](C#N)C([O])=C(C#N)C#N,1
Nc1ccc(S([O])([O])[O])cn1,1
O=C([O-])c1c(F)c(F)c(-c2c(F)c(F)c(C(=O)[O-])c(F)c2F)c(F)c1F,1
N#Cc1nnn([O])n1,1
N#CC1=N[N]N([O])[N]1,1
[O]C1COCC1O,1
O=C([O-])COc1cccnc1,1
[O]P([O])(=O)CC(=O)O,1
CCC(C(=O)[O-])N([O])[N][O],1
[O]P(=O)(O)CCCCCCP([O])(=O)O,1
[O]P([O])(=O)CCCCCP([O])([O])=O,1
C[Si](C)(C)C1SCSCS1,1
c1ccc2c(c1)ncn2-c1cc(-n2cnc3ccccc32)cc(-n2cnc3ccccc32)c1,1
CC1=N[N]N[N]1,1
COc1cc(C=CC(=O)[O-])ccc1[O],1
c1cncc(-c2ccc(C(=C(c3ccc(-c4cccnc4)cc3)c3ccc(-c4cccnc4)cc3)c3ccc(-c4cccnc4)cc3)cc2)c1,1
CCc1nccnc1C,1
O=C([O-])C1=CN(Cc2cc(C(=O)[O-])cc(C(=O)[O-])c2)[CH]C=C1,1
CC(O)(P([O])(=O)O)P(=O)(O)O.CC(O)(P([O])(=O)O)P(=O)(O)O,1
O=S(=O)(n1ccnc1)n1ccnc1,1
O=C([O-])COc1cc2ccccc2cc1OCC(=O)[O-],1
O=C([O-])c1cc(C(=O)O)cc(-c2cccc(C(=O)O)c2C(=O)[O-])c1,1
[CH]1N=C[N]N1CN1[N]C(c2ccncc2)=N[C]1c1cccnc1,1
c1cncc([C]2N=C(c3ccncc3)[N]N2Cn2cncn2)c1,1
c1cc2c(ccc3cnccc32)cn1,1
O=C([O-])CNC(=O)C1=CN=N[CH]1,1
CC(NC(=O)[C]1C=NN=C1)C(=O)[O-],1
[O]S([O])([O])c1cc(Cl)ccc1Cl,1
[O][S]([O])c1ccccc1C(=O)[O-],1
Cc1nc(C(=O)[O-])c(C(=O)[O-])cc1C(=O)O,1
O=C([O-])Cn1nnnc1CCc1nnnn1CC(=O)[O-],1
S=C1SCCS1,1
O=P(O)(O)c1ccc(-c2ccc(P(=O)(O)O)cc2)cc1,1
CC(C(=O)[O-])N1C(=O)c2ccc3c4c(ccc(c24)C1=O)C(=O)N(C(C)C(=O)[O-])C3=O,1
O=C([O-])C1=NC(C(=O)[O-])=N[N]1,1
Cc1cc([C](C#N)C#N)c(C)cc1[C](C#N)C#N,1
c1ccc(-c2ccccc2OCc2ccncc2)c(OCc2ccncc2)c1,1
c1cncc(CNCCNCc2cccnc2)c1,1
O=C(OC1C(=O)N(c2ccccc2)C(=O)C1OC(=O)c1ccncc1)c1ccncc1,1
O=C(O)C=C(I)C(=O)[O-],1
O=C([O-])c1ccc(C2=C3C=CC4=[N]3->[Zn]35<-[N]6=C(C=CC6=C(c6ccc(C(=O)[O-])cc6)c6ccc2[n]63)C(c2ccc(C(=O)O)cc2)=c2ccc([n]25)=C4c2ccc(C(=O)O)cc2)cc1,1
O=C([O-])c1ccc(C2=C3C=CC4=[N]3->[Zn]35<-[N]6=C(C=CC6=C(c6ccc(C(=O)O)cc6)c6ccc2[n]63)C(c2ccc(C(=O)O)cc2)=c2ccc([n]25)=C4c2ccc(C(=O)[O-])cc2)cc1,1
O=C([O-])c1ccc(C2=c3ccc4[n]3[Zn]35<-[N]6=C2C=CC6=C(c2ccc(C(=O)O)cc2)c2ccc([n]23)C(c2ccc(C(=O)O)cc2)=C2C=CC(=[N]->52)C=4c2ccc(C(=O)[O-])cc2)cc1,1
CC(C)C([N]C(=O)CN)C(=O)[O-],1
[O][C]#[Fe],1
Cn1ccn(CCCCCCn2ccn(C)c2=S)c1=S,1
O=C([O-])c1cc(I)cc(I)c1I,1
Cn1ccn(CCn2ccn(C)c2=S)c1=S,1
O=C([O-])CSc1cnccn1,1
c1cnc([C]2N=C(c3nnc[nH]3)[N]N2)cn1,1
[O]S([O])([O])c1ccc([N+](=O)[O-])cc1,1
[CH]1[CH]C2[CH][CH]C1C2,1
O=C([O-])COc1ccc(SCC(=O)[O-])cc1,1
CC(C)(C)C([NH])=O,1
O=C([O-])c1ccc(NC(=O)c2cc(C(=O)Nc3ccc(C(=O)[O-])cc3)cc(C(=O)Nc3ccc(C(=O)[O-])cc3)c2)cc1,1
O=C1CN2CCN3C[C]4[O][Li]5(<-[O]6[C](C2)[O][Li]6(<-[O]45)[O]1)[O]C(=O)C3,1
c1cc(-c2cncnc2)ccn1,1
Cc1cc(OCC(=O)[O-])cc(C(=O)[O-])c1,1
[CH2][CH]CN(C#N)CC=C,1
[O]S([O])([O])c1cc(C(=O)[O-])ccc1O,1
O=C([O-])c1cc(Br)ccc1O,1
O=C([O-])CCn1c2ccccc2c2cc3c(cc21)c1ccccc1n3CCC(=O)[O-],1
N#CC(=Cc1ccc(O)cc1)C(=O)[O-],1
O=C([O-])c1cncc(N2[CH]N=C[N]2)c1,1
O=C([O-])c1ccc(-c2ccc(C(=O)[O-])c([N+](=O)[O-])c2)c(C(=O)O)c1,1
O=C([O-])c1ccc(-c2ccc(C(=O)[O-])c([N+](=O)[O-])c2)c(C(=O)[O-])c1,1
c1ccc(-c2ccncc2)nc1,1
O=C(O)c1cnc(C(=O)[O-])c(C(=O)O)c1,1
c1cn(-c2cc(C3=NN=N[N]3)cc(-n3ccnc3)c2)cn1,1
[O]S([O])([O])CCSSCCS([O])([O])[O],1
Cc1cc(Cl)ccc1S(=O)(=O)[N]Br,1
O=[N+]([O-])[C](N(O)O)[N+](=O)[O-],1
Nc1nc(N)c2ncn(CC(=O)[O-])c2n1,1
[CH]1N=C[N]N1Cc1ccc(Cn2cncn2)c2ccccc12,1
c1ccc2c(Cn3cncn3)ccc(Cn3cncn3)c2c1,1
CCC(C)COc1cc(C=Cc2ccncc2)c(OCC(C)CC)cc1C=Cc1ccncc1,1
Cc1ccc(C=CC(=O)[O-])cc1,1
CC(N=Cc1ccccc1[O])C(=O)[O-],1
[CH]1N=C(C2=N[N]C(c3ccncc3)=N2)[N]N1,1
Fc1ccc(N2N=N[N]C2=S)cc1,1
CC(NC(=O)c1ccncc1)C(=O)[O-],1
O=C([O-])c1ccc2c(c1)C(=O)N(Cc1ccncc1)C2=O,1
c1ccc2c(c1)nnn2OCCCOn1nnc2ccccc21,1
c1ccc(C2=NN=C(C3=NN=N[N]3)[N]2)nc1,1
c1cn(-c2ccc(-c3nnn[nH]3)cc2)cn1,1
[O]S([O])([O])c1ccc(Nc2ccccc2)cc1,1
[O]P([O])(=O)Cc1ccccc1C(=O)[O-],1
[CH]1N=C[N]N1Cc1cc(CN2[CH]N=C[N]2)cc(CN2[CH]N=C[N]2)c1,1
[CH]1N=C[N]N1Cc1cc(Cn2cncn2)cc(Cn2cncn2)c1,1
CC(CCC(=O)[O-])C(=O)[O-],1
c1ccc2c(c1)[N]C(c1cscn1)=N2,1
O=C([O-])C1=C(C(=O)O)[N]C(c2ccc(Cl)cc2)=N1,1
c1ccc2[nH]c(CCCCc3nc4ccccc4[nH]3)nc2c1,1
c1ccc(-c2nc(-c3ccccn3)cc(-c3ccccn3)n2)cc1,1
O=C([O-])C=Cc1cc(C=CC(=O)[O-])c(C=CC(=O)[O-])cc1C=CC(=O)[O-],1
CC(=N[N]C(=O)c1cccnc1)c1cnccn1,1
CCCOc1cc(C(=O)[O-])cc(C(=O)[O-])c1,1
[O]c1cccc2ccc(C=Cc3cccnc3)nc12,1
N#Cc1ccc(C(=O)[O-])cc1,1
CC(NCP([O])([O])=O)C1CCCCC1,1
[O]C1COC(O)C(O)C1O,1
C1=C[C]2C(=c3ccccc3=C2[C](c2ccncc2)c2ccncc2)C=C1,1
[CH]1C=CC=C2C1=c1ccccc1=C2[C](c1ccncc1)c1ccncc1,1
O=C(Nc1ccncc1)C(=O)Nc1ccncc1,1
O=C([O-])Cc1cnc[nH]1,1
O=C([O-])c1cc(CSC2=Nc3ccccc3[N]2)cc(C(=O)[O-])c1,1
c1cnc(C2CC(c3cnccn3)CC(c3cnccn3)C2)cn1,1
O=C([O-])c1ccc(C(=O)Nc2ccncc2)cc1,1
c1ccc(P(c2ccccc2)c2ccc(P(c3ccccc3)c3ccccc3)cc2)cc1,1
Nc1ccccc1[S],1
O=C1C=CC=C[N+]1[O-],1
O=S(=O)(Nc1cccnc1)c1cccnc1,1
CC(=Nc1c(C(C)C)cc(-c2cccnc2)cc1C(C)C)c1cccc(C(C)=Nc2c(C(C)C)cc(-c3cccnc3)cc2C(C)C)n1,1
N#Cc1nccnc1C#N,1
CCc1c(CCc2ccccn2)c(CC)c(CCc2ccccn2)c(CC)c1CCc1ccccn1,1
O=C1CCCCCN1,1
O=C([O-])CN1CCOCCOCCN(CC(=O)[O-])CCOCCOCC1,1
[O]S([O])([O])c1cc(-c2ccc(O)c(S([O])([O])[O])c2)ccc1O,1
c1cnc2ncnn2c1,1
O=Cc1cccc2cccc(C(=O)[O-])c12,1
N#CC1=C(C#N)N=C[N]1,1
N#C[C](C#N)C1=CC([C](C#N)C#N)=C2C=CC=C[C]12,1
N#C[C](C#N)C1=CC([C](C#N)C#N)=C2[CH]C=CC=C12,1
N#C[C](C#N)C1=c2ccccc2=C([C](C#N)C#N)[CH]1,1
c1cnc2c(CSc3ccncc3)cccc2c1,1
[O]S([O])([O])c1cc(S([O])([O])[O])c(O)c(O)c1O,1
O=C(CCCCCCCCCCC(=O)Nc1ccncc1)Nc1ccncc1,1
CS(=O)(=O)[N]S(=O)(=O)c1ccccc1,1
[O]P(=O)(O)Cc1ccc(C2=NN=N[N]2)cc1,1
C[C]1N=NC=C1C1=C(C)N=N[CH]1,1
O=C1[N]NC(=O)c2ccc(-c3ccc4c(c3)C(=O)[N]NC4=O)cc21,1
Cc1ccc(S(=O)(=O)NC(COc2cc(C)ccc2C(=O)[O-])(COc2cc(C)ccc2C(=O)[O-])COc2cc(C)ccc2C(=O)O)cc1,1
CC1C[N]CC[N]1,1
C1=Nc2ncncc2[N]1,1
Cc1nnc(C)n1NC(=O)c1ccccc1C(=O)[O-],1
O=C([O-])c1cccc(-c2ccc(C(=O)[O-])nc2)c1,1
c1cc(C2=N[N]N=N2)cc(-c2ccncc2)c1,1
[CH]1C(c2cccnc2)=NN=C1c1cccnc1,1
O=C([O-])C1=C(C(=O)[O-])N[CH]N1,1
NC(=O)[N]N=Cc1ccccn1,1
O=C([O-])C1=CN(Cc2cccc(C(=O)[O-])c2)[CH]C=C1,1
CN1CCN(C)CC1,1
Nc1nnc([N][N][O])n1N,1
c1cncc(CSCc2cccnc2)c1,1
O=C1OC(=O)C(=O)OC1=O,1
CSCSC,1
c1ccc(CSc2ccncc2)c(CSc2ccncc2)c1,1
O=C([O-])c1cc(-c2cccnc2)nc(-c2cccnc2)c1,1
[O]P(=O)(O)c1ccc2c(c1)Cc1cc(P([O])(=O)O)ccc1-2,1
[O]N1[N]OC(=O)[C]1C(=O)[O-],1
CC([O])c1ccccn1,1
[CH]1N=C[N]N1Cc1cccc(CN2[CH]N=C[N]2)c1,1
O=C([O-])c1cccc(OCc2cc(C(=O)[O-])cc(C(=O)[O-])c2)c1,1
Cc1c(C)c(CC#N)c(C)c(C)c1CC#N,1
Nc1nonc1C(=O)O.Nc1nonc1C(=O)[O-],1
CN1CCCC1=O,1
CN1[CH]N(CC(=O)[O-])C=C1,1
Cc1nccn1Cn1ccnc1C,1
O=C1N=CC=C[C]1c1nc2ccccc2[nH]1,1
CC(=O)[N][N]C(=O)c1ccccc1[O],1
[CH]1C=NC(c2ccccc2)=N1,1
O=C([O-])n1cccc1,1
O=C([O-])CC(NCc1ccccc1O)C(=O)[O-],1
O=C([O-])C(=O)C=Cc1c(Cl)nc2ccccn12,1
O=C([O-])C1C(C(=O)O)C(C(=O)O)C1C(=O)O,1
[CH]1c2cnc[n]2[Cu]23[N]1C1CCCCC1[N]2[CH]c1cnc[n]13,1
C1=C[N]C([C](C2=CC=C[N]2)c2ccncc2)=C1,1
[CH]1C=NC([C](C2=NC=C[CH]2)c2ccncc2)=C1,1
[CH]1C=CC([C](C2=CC=C[N]2)c2ccncc2)=N1,1
O=C([O-])c1ccc([C]2N=C(c3ccc(C(=O)[O-])cc3)[N]N2)cc1,1
[O]NC(=O)c1cccnc1,1
c1cc2ccc1CSCC1CCC(CC1)CSCc1ccc(cc1)CSCC1CCC(CC1)CSC2,1
O=C([O-])CN1[CH]C=CC=C1,1
CC(C)(C)c1cc(-c2ccncc2)cc(C=NC2CCCCC2N=Cc2cc(-c3ccncc3)cc(C(C)(C)C)c2[O])c1[O],1
O=C([O-])c1cccc(-c2cc(-c3cccc(C(=O)[O-])c3)c3ccc4c(-c5cccc(C(=O)[O-])c5)cc(-c5cccc(C(=O)[O-])c5)c5ccc2c3c54)c1,1
[O]S([O])([O])c1ccccc1[CH][N]NC(=O)c1ccncc1,1
O=C1[N]NC(=O)c2cc(Cl)c(Cl)cc21,1
CCCCN(CC[O])CCO,1
O=C([O-])c1ccc[n+]([O-])c1C(=O)[O-],1
O=C([O-])c1cc([C]2[O][Ni](<-[OH2])(<-[OH2])(<-[OH2])(<-[OH2])[O]2)cc(C(=O)[O-])c1,1
O=C([O-])c1ccc(OCCOc2cc(OCCOc3ccc(C(=O)[O-])cc3)cc(C(=O)[O-])c2)cc1,1
c1cncc(-c2ccnc(SCc3ccc(CSc4nccc(-c5cccnc5)n4)cc3)n2)c1,1
c1ccc(-c2cc(-c3ccncc3)nc(-c3ccncc3)c2)nc1,1
O=C([O-])Cc1ccncc1,1
c1cc2nnc1SCCSCCCSCCS2,1
O=C([O-])C1CC(O)CN1CCC1=NN=N[N]1,1
c1cnc(Sc2ncccn2)nc1,1
CC(NC(=O)C(C)(C)N)C(=O)[O-],1
CCc1cncc(C(=O)[O-])c1,1
O=C1[C]2N=NN=C2C(=O)C2=N[N]N=C12,1
c1cc(Cn2ccnc2)c2cccc(Cn3ccnc3)c2c1,1
c1ccc2c(Cn3ccnc3)ccc(Cn3ccnc3)c2c1,1
[O]P([O])(=O)C(O)c1cccc[n+]1[O-],1
O=C(NCc1ccc(CNC(=O)c2cccnc2)cc1)c1cccnc1,1
Cc1cc(-c2cc(C(=O)[O-])cc(C(=O)[O-])c2)ccn1,1
[O]c1ccc2ccccc2c1C=NCC(=O)[O-],1
O=C([O-])c1cccc(-c2cc(C(=O)[O-])c(C(=O)[O-])cc2-c2cccc(C(=O)O)c2)c1,1
[CH]1N=C(C2=NN=N[N]2)[N]N1,1
COC(=O)c1sc(C(=O)[O-])cc1[O],1
c1ccc2c(c1)nc(-c1cscn1)n2Cc1ccc(Cn2c(-c3cscn3)nc3ccccc32)cc1,1
O=C([O-])c1cc(F)c(F)c(F)c1F,1
O=C([O-])c1ccc([C](C2=C3C=CC=C[C]3c3ccccc32)c2ccc(C(=O)[O-])cc2)cc1,1
O=C([O-])c1ccc([C](C2=c3ccccc3=C3C=C[CH]C=C32)c2ccc(C(=O)[O-])cc2)cc1,1
O=C([O-])c1ccc([C](C2=c3ccccc3=C3C=CC=C[C]32)c2ccc(C(=O)[O-])cc2)cc1,1
O=C([O-])c1ccc([C](C2=C3[CH]C=CC=C3c3ccccc32)c2ccc(C(=O)[O-])cc2)cc1,1
O=C(O)c1ccc(C(=O)O)c(C(=O)[O-])c1.O=C(O)c1ccc(C(=O)O)c(C(=O)[O-])c1,1
O=[N+]([O-])[C](C1=NCC[N]1)[N+](=O)[O-],1
O=C([O-])c1ccccc1-c1nc(C(=O)[O-])c(C(=O)O)[nH]1,1
CCOP([O])(=O)c1cc(P([O])(=O)OCC)c2ccc3c(P([O])(=O)OCC)cc(P([O])(=O)OCC)c4ccc1c2c43,1
CN(C)C(=S)C(=O)[O-],1
O=C([O-])c1ccc(-c2c(C(=O)[O-])cc(C(=O)[O-])cc2C(=O)[O-])cc1,1
O=C([O-])c1ccc(C(F)(F)F)cc1C(=O)[O-],1
O=C([O-])c1cc(OCCCCCOc2cc(C(=O)[O-])cc(C(=O)[O-])c2)cc(C(=O)[O-])c1,1
[O]c1ccccc1C=N[N]C(=O)COc1ccc2ccccc2c1,1
O=C([O-])c1cc(C#Cc2cncnc2)cc(C(=O)[O-])c1,1
C(#Cc1cccnc1)c1ccc(C#Cc2cccnc2)cc1,1
[O]P([O])(=O)[CH]P([O])([O])=O,1
CCC(C)COc1cc(-c2ccncc2)c(OCC(C)CC)cc1-c1ccncc1,1
c1ccc(NCCc2ccncc2)c(N=Nc2ccccc2NCCc2ccncc2)c1,1
[O]C(C(=O)[O-])c1ccccc1Cl,1
O=C([O-])Cn1nnnc1-c1ccccn1,1
OC(c1cccnc1)c1cccnc1,1
O=C([O-])c1cc(C(=O)O)nc(C(=O)O)c1,1
[O]S([O])([O])c1cccc2c1C(=O)c1cccc(S([O])([O])[O])c1C2=O,1
Cc1ccccc1S(=O)(=O)[N]Cl,1
c1cn(-c2ccc(-c3cc(-c4ccc(-n5ccnc5)cc4)cc(-c4ccc(-n5ccnc5)cc4)c3)cc2)cn1,1
O=P(c1ccccc1)(c1ccccc1)c1ccc(-c2ccc(-c3cc(-c4ccncc4)nc(-c4ccncc4)c3)cc2)cc1,1
O=C([O-])c1ccc(CSc2nncs2)cc1,1
O=C([O-])c1ccc(C(=C(c2ccc(C(=O)[O-])cc2)c2ccc(C(=O)[O-])cc2)c2ccc(C(=O)[O-])cc2)cc1,1
CCn1cnc(-c2ccc(-c3ccncc3)cc2)c1-c1ccc(-c2ccncc2)cc1,1
[O]C1=CC(=O)C([O])=CC1=O,1
c1cc(OCCSC2CCCCC2)ccn1,1
O=C1c2ccc3c4c(ccc(c24)C(=O)N1C1=NN=N[N]1)C(=O)N(C1=NN=N[N]1)C3=O,1
[O]P([O])(=O)CN(CC(=O)[O-])Cc1ccncc1,1
C[C]1C2=C(C)[N]3N1CN1C(C)=C4[C](C)[N]1[Cd]31([O]C(=O)c3cc(C(=O)[O-])cc4c3)[O]C(=O)c3cc(cc2c3)C(=O)[O]1,1
O=C([O-])C(CCCc1ccccc1)C(=O)[O-],1
c1cc(N(CN(c2ccncc2)c2ccncc2)c2ccncc2)ccn1,1
COc1cccc(-c2nc(C(=O)O)c(C(=O)[O-])[nH]2)c1,1
O=C(Nc1ccc(Cc2ccc(NC(=O)c3cccnc3)cc2)cc1)c1cccnc1,1
O=C([O-])c1ccc(-c2nc(-c3ccccc3)c(-c3ccccc3)[nH]2)cc1,1
c1ccc2c(c1)ncn2-c1ccc(-c2ccc(-n3cnc4ccccc43)cc2)cc1,1
c1cc2ccc1[C]1N=N[N]3[N]1[Cu]1[N]4N=N[C]5c6ccc(cc6)-c6cc(c-2cc6-c2ccc(cc2)-c2nn[n](n2)[Cu]3[N]54)-c2ccc(cc2)-c2nn[n]1n2,1
O=C([O-])c1ccc([C]2N=C(c3ccncc3)[N]N2)cc1,1
COc1ccc(C2=NC(C(=O)[O-])=C(C(=O)[O-])[N]2)cc1,1
CCOC(C(=O)[O-])=C(O)C(=O)[O-],1
CC(C(=O)[O-])=C(C=O)C(=O)[O-],1
N#CC(C(=O)[O-])=C(N)C(=O)[O-],1
NC(=CC(=O)[O-])C(=O)[O-],1
N#CC(=CC(=O)[O-])C(=O)[O-],1
N#CC(C(=O)[O-])=C(C=CC(=O)[O-])c1ccccc1,1
CCCOc1c(C(=O)[O-])cc2c(OCCC)cc(C(=O)[O-])c(OCCC)c2c1OCCC,1
O=C([O-])c1cc2c(ccc3c(C(=O)[O-])ccc(Br)c32)cc1Br,1
CCCc1c(C(=O)[O-])c(CCC)c2c(cc(CC)c3c(C(=O)[O-])c(CC)c(CC)cc32)c1CCC,1
CCc1cc(C(=O)[O-])cc2c1ccc1c(C(=O)[O-])ccc(CC)c12,1
COc1cc2cc(OC)c3c4cc(C(=O)[O-])ccc4ccc3c2c(OC)c1C(=O)[O-],1
CCOc1c(OCC)c2c(ccc3ccc(C(=O)[O-])c(OCC)c32)c2c(S([O])([O])O)c(C(=O)[O-])ccc12,1
CC(C#CC(=O)[O-])=C(C#CC(=O)[O-])c1ccccc1,1
O=C([O-])C(=C(C(=O)[O-])c1ccccc1)c1ccccc1,1
CCOc1cc(C=Cc2cc([N+](=O)[O-])c(C(=O)[O-])c(OCC)c2[N+](=O)[O-])cc([N+](=O)[O-])c1C(=O)[O-],1
CCCc1cc(C(=O)[O-])ccc1C=Cc1cc([N+](=O)[O-])c(C(=O)[O-])cc1[N+](=O)[O-],1
COC(=CC(=O)[O-])C(=O)[O-],1
COc1cc(C=Cc2c(N)cc(C(=O)[O-])c(N)c2N)ccc1C(=O)[O-],1
O=C([O-])c1ccc(C=C(O)c2cc(Br)c(C(=O)[O-])cc2Br)c(O)c1,1
O=C([O-])c1ccc(C=Cc2ccc(C(=O)[O-])cc2Br)cc1,1
N#CC(C(=O)[O-])=C(C(=O)[O-])C(=O)O,1
N#CC(=C(C(=O)O)c1c(C(=O)O)c(C(=O)O)c(C(=O)[O-])c(C(=O)O)c1C(=O)O)c1c(C#N)c(C#N)c(C(=O)[O-])c(C(=O)O)c1C#N,1
O=C([O-])C=C(F)C=C(O)C(=O)[O-],1
[O]S([O])(O)[C]([CH]C=CC(=O)[O-])C(=O)[O-],1
[O]S([O])(O)c1ccc2c(C(=O)[O-])ccc(C(=O)[O-])c2c1,1
COC(C(=O)[O-])=C(O)C(O)=C(O)C(=O)[O-],1
COC(C(=O)[O-])=C(O)C(O)=C(OC)C(=O)[O-],1
COC(C=C(O)C(=O)[O-])=C(O)C(=O)[O-],1
COC(=CC(=O)[O-])C=C(O)C(=O)[O-],1
CO[C]([C](O)C(=O)[O-])C(O)=C(O)C(=O)[O-],1
COc1c(O)c(OC)c2c(C(=O)[O-])c(O)c(O)c(C(=O)[O-])c2c1OC,1
CCCc1c(CCC)c(C(=O)[O-])c2c(Cl)c(Cl)ccc2c1C(=O)[O-],1
CCCOc1ccc2c(C(=O)[O-])c3ccccc3c(C(=O)[O-])c2c1,1
O=C([O-])c1c2ccccc2c(C(=O)[O-])c2c(C(=O)O)cccc12,1
O=CC(C(=O)[O-])=C(Br)C=CC(=O)[O-],1
O=CC(=CC(=O)[O-])C(Br)=C(Br)C(=O)[O-],1
O=CC(=CC(=O)[O-])C=C(C=O)C(=O)[O-],1
O=Cc1ccc2c(C(=O)[O-])c3cc(C=O)c(Br)cc3c(C(=O)[O-])c2c1,1
CCCOc1cc2cc(C(=O)[O-])cc3cc(OCCC)c4cc(C(=O)[O-])cc1c4c23,1
O=CC(C=CC(=O)[O-])=C(C=O)C(=O)[O-],1
O=C[C]([C](O)C(C=O)=C(O)C(=O)[O-])C(=O)[O-],1
O=CC(C(=O)[O-])=C(O)C=C(O)C(=O)[O-],1
O=CC(=CC(O)=CC(=O)[O-])C(=O)[O-],1
O=CC1C(O)C2(C(=O)[O-])C(O)(O)CC1(C(=O)[O-])CC2(O)C=O,1
O=CC(C(=O)[O-])=C(I)C=CC(=O)[O-],1
O=CC1CC2(C(=O)[O-])CCC1(C(=O)[O-])C(C=O)C2(I)I,1
O=CC(=CC(=O)[O-])C(C=O)=C(C=O)C(=O)[O-],1
O=CC1C(C=O)(C=O)C2(C(=O)[O-])C(C=O)(C=O)C(C=O)C1(C(=O)[O-])C(C=O)(C=O)C2(C=O)C=O,1
[O]S([O])(O)C12C3C4C5C(C1C53C(=O)[O-])C42C(=O)[O-],1
[O]S([O])(O)C(=CC(=O)[O-])C(O)=C(C(=O)[O-])S([O])([O])O,1
[O]S([O])(O)C(C=CC(=O)[O-])=C(O)C(=O)[O-],1
[O]S([O])(O)C(C(=O)[O-])=C(O)C=CC(=O)[O-],1
N#CC12C3C4C5(C#N)C3(C(=O)[O-])C1(C#N)C5(C#N)C42C(=O)[O-],1
O=C([O-])C#CC12C3C4C1(F)C1(O)C2C3(F)C41C#CC(=O)[O-],1
CCCc1cc(-c2nnc(-c3ccc(C(=O)[O-])cc3)nn2)cc(CCC)c1C(=O)[O-],1
N#CC(C(=O)[O-])=C(C#N)C(O)=CC(=O)[O-],1
O=CC(=CC(=O)[O-])C(=CC(=O)[O-])[N+](=O)[O-],1
O=Cc1cc2c(C=O)c(C(=O)[O-])c(C=O)cc2c(C=O)c1C(=O)[O-],1
O=C([O-])C(=CC(=C(C(=O)[O-])[N+](=O)[O-])[N+](=O)[O-])[N+](=O)[O-],1
Nc1cc2c(C(=O)[O-])cccc2c2cc(C(=O)[O-])ccc12,1
[O]S([O])(O)c1cc(S([O])([O])O)c2c(ccc3c(S([O])([O])O)cc(C(=O)[O-])cc32)c1C(=O)[O-],1
[O]S([O])(O)C(=CC(F)=CC(=O)[O-])C(=O)[O-],1
[O]S([O])(O)C(=CC(=O)[O-])C(=CC(=O)[O-])S([O])([O])O,1
[O]S([O])(O)c1c(C(=O)[O-])c(F)c2c(cc(F)c3c2cc(F)c2c(F)c(F)c(C(=O)[O-])c(F)c23)c1F,1
CNc1cc2ccc3c(ccc4ccc(C(=O)[O-])c(NC)c43)c2cc1C(=O)[O-],1
O=C([O-])C=CC=C(Cl)C(=O)[O-],1
O=C[C](C=CC(=O)[O-])[C](C=O)C(=O)[O-],1
COC(=CC(=O)[O-])C(Br)=C(OC)C(=O)[O-],1
CCc1cc(C=C(C#N)c2ccc(C(=O)[O-])cc2)cc(C#N)c1C(=O)[O-],1
CCc1cc2cc(C(=O)[O-])ccc2cc1C(=O)[O-],1
O=Cc1c(C(=O)[O-])c(O)c2c(O)c(C=O)c(C(=O)[O-])c(O)c2c1O,1
O=Cc1c(C(=O)[O-])cc2c(O)c(O)c(C(=O)[O-])c(O)c2c1O,1
[O]c1c([CH]O)c(C(=O)[O-])cc2c(O)c(O)c(C(=O)[O-])c(O)c12,1
Nc1cc2c(N)c(C(=O)[O-])cc(N)c2cc1C(=O)[O-],1
Nc1cc(C(=O)[O-])c(N)c2ccc(C(=O)[O-])cc12,1
O=C([O-])c1c(I)c(I)c2ccc3c(C(=O)[O-])cccc3c2c1I,1
O=C([O-])c1cc(I)c2c(I)c(C(=O)[O-])ccc2c1,1
O=C([O-])c1cc2ccc(C(=O)[O-])c(I)c2c(I)c1I,1
CNc1cc2c(NC)c(C(=O)[O-])ccc2cc1C(=O)[O-],1
CNc1cc2c(c(NC)cc3cc(NC)c(C(=O)[O-])c(N)c32)c(C(=O)[O-])c1N,1
Nc1cc2c(N)c(C(=O)[O-])ccc2cc1C(=O)[O-],1
O=Cc1cc2ccc3c4cc(C(=O)[O-])ccc4c(-c4ccccc4)cc3c2c(-c2ccccc2)c1C(=O)[O-],1
O=C([O-])c1cc(-c2ccccc2)c2cc(C(=O)[O-])ccc2c1,1
CCCOc1cc(C(=O)[O-])cc2ccc(C(=O)[O-])cc12,1
CCCOc1cc2ccc3c4cc(C(=O)[O-])ccc4ccc3c2cc1C(=O)[O-],1
O=C([O-])c1cc(O)c2cc(C(=O)[O-])c(O)c(O)c2c1,1
O=C([O-])c1cc2cc(O)c(C(=O)[O-])cc2cc1O,1
O=C([O-])c1ccc2cc(O)c3c4cc(C(=O)[O-])c(O)c(O)c4ccc3c2c1,1
O=Cc1cc2c(C=O)cc3c(ccc4ccc(C(=O)[O-])c(C=O)c43)c2cc1C(=O)[O-],1
O=C([O-])c1cc(O)c2c(O)c(C(=O)[O-])ccc2c1,1
CCOc1cc2cc(C(=O)[O-])cc(F)c2cc1C(=O)[O-],1
CCCc1cc2cc(C(=O)[O-])ccc2cc1C(=O)[O-],1
O=C([O-])c1cc2c([N+](=O)[O-])c([N+](=O)[O-])c(C(=O)[O-])cc2c([N+](=O)[O-])c1[N+](=O)[O-],1
O=C([O-])c1cc([N+](=O)[O-])c(C=Cc2c([N+](=O)[O-])c([N+](=O)[O-])c(C(=O)[O-])c([N+](=O)[O-])c2[N+](=O)[O-])c([N+](=O)[O-])c1,1
O=C([O-])c1cc2c([N+](=O)[O-])c([N+](=O)[O-])c(C(=O)[O-])c([N+](=O)[O-])c2cc1[N+](=O)[O-],1
CCCc1cc2c(CCC)c(C(=O)[O-])c(CCC)c(CCC)c2cc1C(=O)[O-],1
COc1cc(C=C(C)c2ccc(C(=O)[O-])cc2)ccc1C(=O)[O-],1
Nc1cc(C(=O)[O-])ccc1C=Cc1ccc(C(=O)[O-])cc1,1
N#Cc1c(C(=O)[O-])c(O)c2c(C#N)c(C#N)c(C(=O)[O-])cc2c1C#N,1
N#Cc1c(C(=O)[O-])cc2c(C#N)cc(C(=O)[O-])c(O)c2c1O,1
O=C([O-])c1cc(O)c(C(O)=Cc2c(O)c(O)c(C(=O)[O-])c(O)c2O)c(O)c1O,1
O=C([O-])c1c(I)c(I)c(C(=O)[O-])c2cc(I)c(Br)cc12,1
O=C([O-])c1c(Br)c(Br)c(C(=O)[O-])c2c(Br)ccc(Br)c12,1
O=C([O-])c1cc(I)c(C(=O)[O-])c2c(Br)c(Br)c(I)c(Br)c12,1
O=C([O-])c1ccc(C(=O)[O-])c2c(I)c(I)c(I)c(I)c12,1
O=C([O-])c1c2ccccc2c(C(=O)[O-])c2cc(Cl)ccc12,1
O=C([O-])c1ccc(C(=O)[O-])c2c(Cl)ccc(Cl)c12,1
Cc1c(Cl)c(C(=O)[O-])c2c(C)c(Cl)c(Cl)cc2c1C(=O)[O-],1
CC1C(C)C2(C(=O)[O-])C(C)CC1(C(=O)[O-])C(C)C2C,1
Cc1c(Cl)c(C(=O)[O-])c2c(C)ccc(Cl)c2c1C(=O)[O-],1
Cc1cc(C(=O)[O-])c2c(Cl)c(Cl)c(C)c(Cl)c2c1C(=O)[O-],1
Cc1cc(Cl)c(C)c2c(C(=O)[O-])c(Cl)cc(C(=O)[O-])c12,1
Cc1c(Cl)ccc2c(C(=O)[O-])cc(Cl)c(C(=O)[O-])c12,1
O=C([O-])C12CCC(C(=O)[O-])(CC1)C(I)C2,1
Nc1cc(C(=O)[O-])c2ccccc2c1C(=O)[O-],1
Nc1cc(C(=O)[O-])c2cccc(N)c2c1C(=O)[O-],1
O=C([O-])C12CC(O)C(C(=O)[O-])(C(Cl)C1)C(Cl)C2Cl,1
O=C([O-])c1c(Cl)cc(C(=O)[O-])c2c(Cl)cccc12,1
O=C([O-])c1c(O)cc(C(=O)[O-])c2c(Cl)cccc12,1
O=C([O-])c1cc(Br)c(C(=O)[O-])c2ccc(Br)cc12,1
Cc1cc2c(C(=O)[O-])ccc(C(=O)[O-])c2c(C)c1Br,1
Cc1ccc2c(C(=O)[O-])ccc(C(=O)[O-])c2c1,1
Cc1c(Br)c(C(=O)[O-])c2c(C)cccc2c1C(=O)[O-],1
N#CC12C3C4(C#N)C5(C#N)C3(C(=O)[O-])C1(F)C5(C#N)C24C(=O)[O-],1
N#Cc1c(F)c(C(=O)[O-])c2c(C#N)c(F)cc(F)c2c1C(=O)[O-],1
N#Cc1c(F)c(F)c(F)c2c(C(=O)[O-])c(F)c(F)c(C(=O)[O-])c12,1
N#Cc1cc(C(=O)[O-])c2ccccc2c1C(=O)[O-],1
N#Cc1cc(F)c2c(C(=O)[O-])c(F)c(C#N)c(C(=O)[O-])c2c1C#N,1
N#Cc1ccc2c(C(=O)[O-])cc(F)c(C(=O)[O-])c2c1F,1
Nc1ccc(N)c2c(C(=O)[O-])c(O)c(O)c(C(=O)[O-])c12,1
O=C([O-])c1ccc(-c2nnc(-c3cc(O)c(C(=O)[O-])c(O)c3)nn2)cc1,1
O=C([O-])c1c2c([N+](=O)[O-])c(F)c(F)c([N+](=O)[O-])c2c(C(=O)[O-])c2c([N+](=O)[O-])c(F)c(F)c([N+](=O)[O-])c12,1
CCCOc1cc2ccc(C(=O)[O-])cc2c2cccc(C(=O)[O-])c12,1
CCCOc1ccc2c(ccc3ccc(C(=O)[O-])cc32)c1C(=O)[O-],1
O=Cc1cc2ccc(C(=O)[O-])cc2c2ccc3ccc(C(=O)[O-])cc3c12,1
CCCc1ccc2c(ccc3ccc(C(=O)[O-])cc32)c1C(=O)[O-],1
O=C([O-])c1cc([N+](=O)[O-])c2cc(O)c3c(C(=O)[O-])cccc3c2c1,1
O=C([O-])c1ccc2cc(O)c3c4cc(C(=O)[O-])ccc4ccc3c2c1,1
O=C([O-])c1cc2c(ccc3c(C(=O)[O-])c(O)ccc32)cc1O,1
O=C(O)C(=Cc1ccc(C(=O)[O-])cc1O)c1ccc(C(=O)[O-])cc1,1
O=C([O-])c1ccc2ccc3c(C(=O)[O-])cc(C(=O)O)cc3c2c1,1
CNc1cc(C=Cc2ccc(C(=O)[O-])cc2)ccc1C(=O)[O-],1
CNc1cc2c([N+](=O)[O-])cc(C(=O)[O-])cc2c2cccc(C(=O)[O-])c12,1
CNc1cc2c(C(=O)[O-])cccc2c2cc(C(=O)[O-])ccc12,1
O=C([O-])c1ccc(C=Cc2ccc(C(=O)[O-])c(O)c2O)cc1,1
[O]S([O])(O)c1cc(C(=O)[O-])ccc1C=Cc1ccc(C(=O)[O-])c(S([O])([O])O)c1,1
[O]S([O])(O)c1cc2ccc(C(=O)[O-])cc2c2cccc(C(=O)[O-])c12,1
O=C([O-])c1ccc2cc([N+](=O)[O-])c3c(C(=O)[O-])cccc3c2c1,1
N#Cc1cc2c3cc(C(=O)[O-])ccc3ccc2c2cc(C(=O)[O-])c(-c3ccccc3)cc12,1
O=C([O-])c1ccc2cc(-c3ccccc3)c3c4cc(C(=O)[O-])c(-c5ccccc5)cc4c(-c4ccccc4)cc3c2c1,1
O=C([O-])c1ccc2ccc3c(cc(-c4ccccc4)c4ccc(C(=O)[O-])c(-c5ccccc5)c43)c2c1,1
O=C([O-])c1c(F)cc2c(I)c(F)c3c4c(F)c(C(=O)[O-])c(F)c(F)c4c(F)c(F)c3c2c1F,1
O=C([O-])c1c(F)c(F)c2c(I)c(I)c3c(cc(I)c4cc(I)c(C(=O)[O-])c(F)c43)c2c1I,1
O=C([O-])c1cc2c(c(I)cc3c2cc(I)c2c(F)c(F)c(C(=O)[O-])c(I)c23)c(F)c1F,1
CNc1c(F)c(C(=O)[O-])c(NC)c2c1ccc1c3cc(C(=O)[O-])ccc3ccc12,1
CNc1c(F)c2c3c(NC)c(C(=O)[O-])ccc3cc(F)c2c2cc(C(=O)[O-])ccc12,1
CNc1cc2cc(F)c(C(=O)[O-])cc2c2ccc3ccc(C(=O)[O-])c(F)c3c12,1
CCCOc1cc2ccc3c4cc(C(=O)[O-])ccc4ccc3c2c(OCCC)c1C(=O)[O-],1
CCCOc1cc2c(OCCC)cc3c4cc(C(=O)[O-])cc(OCCC)c4ccc3c2c(NC)c1C(=O)[O-],1
CCc1cc2ccc3c4cc(C(=O)[O-])ccc4ccc3c2cc1C(=O)[O-],1
CCc1c(C(=O)[O-])cc(C=O)c2cc(C=O)c3c4cc(C(=O)[O-])ccc4ccc3c12,1
CCc1cc(C(=O)[O-])cc2c1ccc1c3cc(C(=O)[O-])ccc3ccc21,1
O=C([O-])c1ccc2ccc3c4cc(C(=O)[O-])ccc4c(O)cc3c2c1,1
CCCOc1c(C(=O)[O-])c(OCCC)c2c(ccc3c4cc(C(=O)[O-])ccc4ccc32)c1OCC,1
CCCOC(=C(OCC)c1ccc(C(=O)[O-])cc1OCC)c1ccc(C(=O)[O-])cc1OCCC,1
CCCOc1cc2c(OCC)c(OCC)c3c4cc(C(=O)[O-])cc(OCCC)c4ccc3c2cc1C(=O)[O-],1
COC1(C)C(C)(OC)C2(C(=O)[O-])C(C)(OC)C(C)(OC)C1(C(=O)[O-])C(C)(OC)C2(C)OC,1
CCCC1C(CCC)C2(C#CC(=O)[O-])CCC1(C#CC(=O)[O-])CC2,1
NC12C3(F)C4(F)C5(N)C(F)(C1(F)C53C(=O)[O-])C24C(=O)[O-],1
O=C([O-])c1cc([N+](=O)[O-])c(N2C(=O)c3ccc4c5c(ccc(c35)C2=O)C(=O)N(c2c([N+](=O)[O-])cc(C(=O)[O-])cc2[N+](=O)[O-])C4=O)c([N+](=O)[O-])c1,1
CCCOc1c(OCCC)c(C(=O)[O-])c(OCCC)c(OCCC)c1C(=O)[O-],1
COc1c(C(=O)[O-])c(OC)c2c(C#N)c(C#N)c3c(OC)c(C(=O)[O-])c(OC)c4c(C#N)c(C#N)c1c2c43,1
CCC1C(CC)C2(C(=O)[O-])CCC1(C(=O)[O-])C(CC)C2CC,1
O=C([O-])C12CCC(C(=O)[O-])(C(I)C1I)C(I)C2I,1
COc1c(C(=O)[O-])ccc(C(=O)[O-])c1OC,1
COc1cc(C(=O)[O-])c(C)c(OC)c1C(=O)[O-],1
CCCOc1cc(C(=O)[O-])c(Br)c(Br)c1C(=O)[O-],1
O=C([O-])C12C(Br)(Br)C(Br)(Br)C(C(=O)[O-])(C(Br)(Br)C1(Br)Br)C(Br)(Br)C2(Br)Br,1
COc1cc(C(=O)[O-])cc(OC)c1C1=N[N]C(c2c(OC)cc(C(=O)[O-])cc2OC)=N[N]1,1
Nc1c(N)c(-c2ccc(C(=O)[O-])cc2)c(N)c(N)c1-c1ccc(C(=O)[O-])cc1,1
O=C(O)c1cccc(-c2c(C(=O)[O-])c(C(=O)O)c(-c3cccc(C(=O)O)c3)c(C(=O)[O-])c2C(=O)O)c1,1
CCCOc1c(C(=O)[O-])c(-c2ccccc2)c(OCCC)c(C(=O)[O-])c1-c1ccccc1,1
CCCOc1cc(C(=O)[O-])c(OCCC)cc1C(=O)[O-],1
O=C([O-])C12C(I)C(I)C(C(=O)[O-])(C(c3ccccc3)C1c1ccccc1)C(c1ccccc1)C2c1ccccc1,1
CCC12C3C4(C(=O)[O-])C5(CC)C(C1(C(=O)[O-])C35[N+](=O)[O-])C24[N+](=O)[O-],1
CCOC(C#CC(=O)[O-])=C(C#N)C#CC(=O)[O-],1
CCC(C#CC(=O)[O-])=CC#CC(=O)[O-],1
O=C([O-])C#CC=C(C#CC(=O)[O-])c1ccccc1,1
CNC(=C(Br)c1cc(Br)c(C(=O)[O-])cc1Br)c1cc(Br)c(C(=O)[O-])c(Br)c1,1
CNc1cc(C(=O)[O-])ccc1C=Cc1ccc(C(=O)[O-])c(NC)c1,1
O=CC(C#CC(=O)[O-])=CC#CC(=O)[O-],1
O=CC(=Cc1ccc(C(=O)[O-])cc1O)c1ccc(C(=O)[O-])cc1C=O,1
O=C([O-])c1ccc(C=Cc2cc(F)c(C(=O)[O-])c(F)c2)cc1,1
N#CC1CC2(C(=O)[O-])CCC1(C(=O)[O-])CC2C#N,1
N#CC1C2(C(=O)[O-])CC(C=O)C(C(=O)[O-])(C(C=O)C2)C1(C#N)C=O,1
N#CC1CC2(C(=O)[O-])CCC1(C(=O)[O-])C(C=O)C2,1
CC12C3(C)C4(C)C5(C)C(C)(C1(C)C35C(=O)[O-])C24C(=O)[O-],1
O=C([O-])C12C3(O)C4(O)C1(O)C1(O)C2(O)C3(O)C41C(=O)[O-],1
CC12C3C4(C)C5(C)C(C1(C)C35C(=O)[O-])C24C(=O)[O-],1
CC12C3C4(O)C5(C)C(C1(O)C35C(=O)[O-])C24C(=O)[O-],1
CCCC12C3C4(N)C5(CCC)C(C1(N)C35C(=O)[O-])C42C(=O)[O-],1
[O]S([O])(O)C12C3C4(C(=O)[O-])C1(S([O])([O])O)C1C2(C(=O)[O-])C3(S([O])([O])O)C14S([O])([O])O,1
COC12C3C4C5(OC)C(C1C35C(=O)[O-])C42C(=O)[O-],1
NC12C3C4(C#CC(=O)[O-])C5(N)C(C1(C#CC(=O)[O-])C35c1ccccc1)C24c1ccccc1,1
N#CC12C3C4(F)C5(C#N)C(C1(F)C35C#CC(=O)[O-])C42C#CC(=O)[O-],1
CCCOC(=Cc1ccc(C(=O)[O-])cc1)c1ccc(C(=O)[O-])cc1OC,1
CCCOc1cc(C(=O)[O-])ccc1C=Cc1ccc(C(=O)[O-])cc1,1
O=C([O-])c1ccc(C=Cc2ccc(C(=O)[O-])c(F)c2)cc1,1
O=C([O-])c1ccc(C=C(Cl)c2ccc(C(=O)[O-])c(Cl)c2)cc1Cl,1
O=C([O-])c1ccc(C=Cc2ccc(C(=O)[O-])c([N+](=O)[O-])c2)c([N+](=O)[O-])c1,1
Cc1cc(C=Cc2cc([N+](=O)[O-])c(C(=O)[O-])cc2[N+](=O)[O-])ccc1C(=O)[O-],1
O=C([O-])c1ccc(C=C(Cl)c2cc(Cl)c(C(=O)[O-])cc2Cl)c(Cl)c1,1
O=C([O-])c1ccc(C=Cc2ccc(C(=O)[O-])c(Cl)c2)c(Cl)c1,1
O=C([O-])c1ccc(C=Cc2ccc(C(=O)[O-])cc2Cl)cc1,1
CCCc1c(C=Cc2ccc(C(=O)[O-])cc2)cc(CC)c(C(=O)[O-])c1CCC,1
CCCc1cc(C(=O)[O-])c(CC)cc1C=Cc1ccc(C(=O)[O-])cc1CC,1
CCc1cc(C(=O)[O-])ccc1C=Cc1ccc(C(=O)[O-])cc1,1
Nc1ccc(N)c2c(C(=O)[O-])c3c(N)ccc(N)c3c(C(=O)[O-])c12,1
[O]S([O])(O)c1c(C(=O)[O-])c2c(c(C(=O)[O-])c1S([O])([O])O)C(S([O])([O])O)(S([O])([O])O)C2S([O])([O])O,1
[O]S([O])(O)c1cc(C(=O)[O-])c2c(c1C(=O)[O-])CC2S([O])([O])O,1
[O]S([O])(O)C1(S([O])([O])O)Cc2c(C(=O)[O-])ccc(C(=O)[O-])c21,1
O=C([O-])c1c(O)c(O)c(C(=O)[O-])c2c1CC2Br,1
O=C([O-])c1cc(O)c(C(=O)[O-])c2c1C(O)C2,1
O=C([O-])c1cc(Br)c(C(=O)[O-])c2c1C(O)(Br)C2O,1
O=C([O-])c1cc(I)c(C(=O)[O-])c2c1C(C(=O)O)C2C(=O)O,1
O=C([O-])c1ccc(C(=O)[O-])c2c1C(C(=O)O)C2(I)I,1
CCCOc1c(OCCC)c(C(=O)[O-])c2c(c1C(=O)[O-])C(Br)C2OCCC,1
CCCOc1cc(C(=O)[O-])c2c(c1C(=O)[O-])C(OCCC)C2OCCC,1
O=C([O-])c1cc(Br)c(C(=O)[O-])c2c(Br)c(Br)ccc12,1
Cc1c(Cl)c(Cl)c2c(C(=O)[O-])c(C)c(C)c(C(=O)[O-])c2c1Cl,1
Cc1c(C)c(C(=O)[O-])c2c(c1C(=O)[O-])C(C)(C)C2(C)Cl,1
Cc1c(C)c(C(=O)[O-])c2c(c1C(=O)[O-])C(Cl)(Cl)C2(Cl)Cl,1
Cc1c(Cl)c(C(=O)[O-])c2c(c1C(=O)[O-])C(Cl)(Cl)C2(C)Cl,1
Cc1c(Cl)c(C(=O)[O-])c2c(c1C(=O)[O-])C(C)(Cl)C2Cl,1
CC1(Cl)c2c(C(=O)[O-])c(Cl)cc(C(=O)[O-])c2C1(Cl)Cl,1
Cc1cc(C(=O)[O-])c2c(c1C(=O)[O-])C(C)C2C#N,1
CC1(C#N)c2c(C(=O)[O-])ccc(C(=O)[O-])c2C1C#N,1
Cc1cc2c(C(=O)[O-])ccc(C(=O)[O-])c2c(C#N)c1C#N,1
CC1(C#N)Cc2c(C(=O)[O-])c(C#N)cc(C(=O)[O-])c21,1
Nc1cc2c(C(=O)[O-])c(Cl)cc(C(=O)[O-])c2cc1Cl,1
NC1(Cl)c2c(C(=O)[O-])c(Cl)c(Cl)c(C(=O)[O-])c2C1(N)Cl,1
NC1c2c(C(=O)[O-])c(Cl)c(Cl)c(C(=O)[O-])c2C1(N)Cl,1
Nc1cc(C(=O)[O-])c2c(c1C(=O)[O-])C(N)C2(N)N,1
Nc1cc(C(=O)[O-])c2c(c1C(=O)[O-])C(N)(N)C2N,1
NC1(C=O)Cc2c(C(=O)[O-])ccc(C(=O)[O-])c21,1
Cc1cc(C(=O)[O-])c2c(c1C(=O)[O-])CC2N,1
Cc1cc2c(C(=O)[O-])c3c(C)c(C)c(C)cc3c(C(=O)[O-])c2cc1N,1
CC1(N)Cc2c(C(=O)[O-])cc(N)c(C(=O)[O-])c21,1
NC1CC2(C(=O)[O-])CCC1(C(=O)[O-])C(N)C2,1
O=C([O-])c1c(F)c(F)c(C(=O)[O-])c2c1C(F)C2F,1
O=C([O-])C#CC12C3C4C1C1(F)C2C3C41C#CC(=O)[O-],1
O=C([O-])c1ccc(C(=O)[O-])c2c1C(I)C2I,1
O=C([O-])c1c(I)c(I)c(C(=O)[O-])c2c1CC2,1
CCCC1(Cl)c2c(C(=O)[O-])ccc(C(=O)[O-])c2C1Cl,1
CCCC1c2c(C(=O)[O-])ccc(C(=O)[O-])c2C1Cl,1
O=C([O-])c1cc(F)c(C#Cc2c(-c3ccccc3)cc(C(=O)[O-])cc2-c2ccccc2)c(F)c1,1
O=C([O-])c1cc(-c2ccc(Br)cc2Br)c(C(=O)[O-])cc1-c1ccccc1,1
O=C([O-])c1c(O)c(O)c(C(=O)[O-])c2c1C(O)C2Br,1
O=C([O-])c1ccc(C(=O)[O-])c2c1CC2O,1
O=C([O-])c1cc(O)c(C(=O)[O-])c2c1C(Br)C2(O)Br,1
CCCC1Cc2c(C(=O)[O-])cc([N+](=O)[O-])c(C(=O)[O-])c21,1
CCCc1c(C(=O)[O-])c2c(c(C(=O)[O-])c1[N+](=O)[O-])C([N+](=O)[O-])C2,1
CCCc1cccc(-c2cc(C(=O)[O-])c(-c3c(CCC)cc([N+](=O)[O-])cc3[N+](=O)[O-])cc2C(=O)[O-])c1,1
O=C([O-])c1c2c(c(C(=O)[O-])c([N+](=O)[O-])c1[N+](=O)[O-])C([N+](=O)[O-])C2,1
Nc1c(F)c(C(=O)[O-])c2c(c1C(=O)[O-])C(F)C2N,1
NC1c2c(C(=O)[O-])c(F)cc(C(=O)[O-])c2C1(N)F,1
Nc1cc(F)c(-c2c(C(=O)[O-])cc(-c3ccc(F)c(F)c3)c(C(=O)[O-])c2N)cc1N,1
O=C([O-])c1cc(F)c(C(=O)[O-])c2c1C(F)C2F,1
NC1c2c(C(=O)[O-])ccc(C(=O)[O-])c2C1(F)F,1
COC1(O)Cc2c(C(=O)[O-])ccc(C(=O)[O-])c21,1
COc1cc(C(=O)[O-])c2c(c1C(=O)[O-])CC2O,1
O=C([O-])c1c(F)c(-c2c(F)c(Cl)c(Cl)c(Cl)c2F)c(C(=O)[O-])c(F)c1-c1c(F)cc(Cl)c(Cl)c1F,1
O=C([O-])c1c(F)c(Cl)c(C(=O)[O-])c2c1C(F)(Cl)C2(Cl)Cl,1
O=C([O-])c1c(F)c(F)c(C(=O)[O-])c2c1C(Cl)C2(Cl)Cl,1
O=C([O-])c1c(F)c(F)c(C(=O)[O-])c2c1C(Cl)C2(F)Cl,1
O=C([O-])c1c(F)c(F)c(C(=O)[O-])c2c1C(F)C2(F)Cl,1
O=C([O-])c1cc(F)c(C(=O)[O-])c2c1C(Cl)C2(F)F,1
CCCC1Cc2c(C(=O)[O-])c(F)cc(C(=O)[O-])c21,1
CCCc1ccc(-c2cc(C(=O)[O-])c(-c3cccc(F)c3CCC)cc2C(=O)[O-])c(F)c1,1
O=C([O-])c1c2cc(F)c(F)cc2c(C(=O)[O-])c2cc(F)c(F)cc12,1
O=C([O-])c1c(Cl)c2c(O)c(O)c3c(Cl)c(C(=O)[O-])c(Cl)c4c(O)c(O)c(c1Cl)c2c34,1
CCc1c(CC)c2c(NC)c(C(=O)[O-])c(NC)c3c(CC)c(CC)c4c(NC)c(C(=O)[O-])c(NC)c1c4c23,1
O=C([O-])C12CCC(C(=O)[O-])(C(Cl)C1Cl)C(C(=O)O)(C(=O)O)C2(C(=O)O)C(=O)O,1
CNC12C3C4(C#N)C5(NC)C(C1(C#N)C35C(=O)[O-])C42C(=O)[O-],1
O=C([O-])C12C3C4(F)C5(C(=O)[O-])C(C1(F)C35C(=O)O)C42C(=O)O,1
COC12C3(C#CC(=O)[O-])C4(OC)C1(OC)C1(C#CC(=O)[O-])C2(OC)C3(OC)C14OC,1
O=C([O-])c1cc(-c2ccccc2O)c(C(=O)[O-])cc1-c1ccccc1O,1
O=C([O-])C12CCC(C(=O)[O-])(C(F)C1F)C(F)C2F,1
COc1c(I)c(C(=O)[O-])c(OC)c(OC)c1N=Nc1c(I)c(I)c(C(=O)[O-])c(I)c1I,1
COc1cc(C(=O)[O-])c(OC)cc1[N][N]c1c(I)c(I)c(C(=O)[O-])c(OC)c1I,1
[O]S([O])(O)c1cc(C(=O)[O-])cc(S([O])([O])O)c1[N][N]c1ccc(C(=O)[O-])c(S([O])([O])O)c1S([O])([O])O,1
[O]S([O])(O)c1cc(C(=O)[O-])ccc1[N][N]c1ccc(C(=O)[O-])c(S([O])([O])O)c1S([O])([O])O,1
CCc1c([N][N]c2c(CC)c(C(=O)O)c(C(=O)[O-])c(CC)c2C(=O)O)cc(C(=O)O)c(C(=O)[O-])c1C(=O)O,1
CCc1cc(C(=O)[O-])ccc1[N][N]c1c(CC)c(CC)c(C(=O)[O-])c(CC)c1C(=O)O,1
O=C([O-])c1cc(O)c(N=Nc2cc(O)c(C(=O)[O-])c(O)c2O)cc1O,1
O=C([O-])c1ccc(N=Nc2c(O)cc(C(=O)[O-])c(O)c2O)c(O)c1,1
CCCc1cc(C(=O)[O-])c(CCC)cc1[N][N]c1ccc(C(=O)[O-])cc1,1
O=Cc1c(C(=O)[O-])cc(I)c([N][N]c2ccc(C(=O)[O-])cc2)c1I,1
N#Cc1cc([N][N]c2ccc(C(=O)[O-])cc2)ccc1C(=O)[O-],1
N#Cc1cc2cc(C(=O)[O-])ccc2c(C#N)c1C(=O)[O-],1
O=C([O-])c1cc(Br)c([N][N]c2c([N+](=O)[O-])cc(C(=O)[O-])c(Br)c2Br)c([N+](=O)[O-])c1,1
O=C([O-])c1cc(Br)c2cc(C(=O)[O-])ccc2c1,1
CNc1cc(C(=O)[O-])ccc1[N][N]c1ccc(C(=O)[O-])c(Br)c1,1
O=C([O-])c1ccc2ccc3c(C(=O)[O-])cc(O)cc3c2c1,1
O=C([O-])c1ccc(N=Nc2ccc(C(=O)[O-])cc2O)cc1,1
Nc1cc([N][N]c2c(C(=O)O)cc(C(=O)[O-])c(C(=O)O)c2C(=O)O)c(C(=O)O)cc1C(=O)[O-],1
Nc1cc(C(=O)[O-])cc(N)c1N=Nc1ccc(C(=O)[O-])cc1C(=O)O,1
Nc1cc2ccc(C(=O)[O-])c(N)c2c2cccc(C(=O)[O-])c12,1
O=C([O-])c1ccc2ccc3c4cc(C(=O)[O-])c(Cl)cc4ccc3c2c1,1
O=C([O-])c1cc(F)c([N][N]c2c(O)c(O)c(C(=O)[O-])c(F)c2F)c(F)c1O,1
O=C([O-])c1c(O)c(O)c(N=Nc2c(O)c(F)c(C(=O)[O-])c(F)c2F)c(O)c1O,1
O=C([O-])c1cc2c(c(O)c(O)c3c4c(O)c(C(=O)[O-])ccc4c(O)c(F)c23)c(F)c1F,1
CCCOc1cc([N][N]c2ccc(C(=O)[O-])cc2)ccc1C(=O)[O-],1
CCCOc1cc(C(=O)[O-])cc2c1cc(OCCC)c1c2ccc2ccc(C(=O)[O-])c(O)c21,1
O=C([O-])c1ccc(N=Nc2c(O)cc(C(=O)[O-])c(O)c2O)cc1,1
CNc1c(N=Nc2ccc(C(=O)[O-])c(N)c2N)cc(N)c(C(=O)[O-])c1N,1
CNc1cc(C(=O)[O-])c(NC)cc1N=Nc1c(N)cc(C(=O)[O-])c(N)c1N,1
CNc1cc2c(N)cc3c4cc(C(=O)[O-])cc(NC)c4ccc3c2cc1C(=O)[O-],1
CCOc1cc(C(=O)[O-])cc2c1ccc1c2ccc2ccc(C(=O)[O-])c(OCC)c21,1
CCOc1cc(C(=O)[O-])ccc1[N][N]c1ccc(C(=O)[O-])c(OCC)c1OCC,1
CCOc1cc(C(=O)[O-])ccc1[N][N]c1ccc(C(=O)[O-])cc1,1
CCCOc1c(C(=O)[O-])c([N+](=O)[O-])cc([N][N]c2c([N+](=O)[O-])c(OCCC)c(C(=O)[O-])c(OCCC)c2[N+](=O)[O-])c1[N+](=O)[O-],1
CCCOc1c(C(=O)[O-])ccc([N][N]c2ccc(C(=O)[O-])c([N+](=O)[O-])c2OCCC)c1[N+](=O)[O-],1
N#Cc1cc(C=C(C=O)c2ccc(C(=O)[O-])cc2C=O)cc(C=O)c1C(=O)[O-],1
O=Cc1cc(C(=O)[O-])ccc1[N][N]c1ccc(C(=O)[O-])cc1,1
CCc1cc(C(=O)[O-])c(C#N)cc1[N][N]c1ccc(C(=O)[O-])c(C#N)c1,1
CCc1cc(C(=O)[O-])c(C#N)cc1[N][N]c1ccc(C(=O)[O-])cc1C#N,1
CCc1cc([N][N]c2c(C#N)cc(C(=O)[O-])c(C#N)c2C#N)c(CC)c(C#N)c1C(=O)[O-],1
O=C([O-])c1cc(-c2cccc(Cl)c2)c(C(=O)[O-])cc1-c1ccccc1,1
O=C([O-])c1cc(-c2ccc(O)cc2Cl)c(C(=O)[O-])cc1-c1cccc(O)c1,1
O=C([O-])c1cc(-c2c(O)cccc2O)c(C(=O)[O-])cc1-c1ccccc1,1
CCOc1ccc(-c2cc(C(=O)[O-])c(-c3ccccc3)cc2C(=O)[O-])c(OCC)c1,1
CCOc1ccc(-c2cc(C(=O)[O-])c(-c3cccc(OCC)c3)cc2C(=O)[O-])cc1,1
CCOC(=CC=CC(=O)[O-])C(=O)[O-],1
O=C([O-])c1cc(-c2c(F)c(F)c(C(=O)O)c(C(=O)O)c2C(=O)O)c(C(=O)[O-])cc1-c1c(F)c(F)c(C(=O)O)c(C(=O)O)c1C(=O)O,1
O=C(O)c1cccc(-c2cc(C(=O)[O-])c(-c3cccc(C(=O)O)c3)cc2C(=O)[O-])c1,1
O=C([O-])c1cc(-c2ccc(Br)cc2)c(C(=O)[O-])cc1-c1ccc(Br)cc1,1
O=C([O-])c1cc(-c2cccc([N+](=O)[O-])c2)c(C(=O)[O-])cc1-c1cccc([N+](=O)[O-])c1,1
O=C([O-])c1cc(-c2cc(O)ccc2O)c(C(=O)[O-])cc1-c1cc(O)ccc1O,1
CCCO[C]([C](Cl)C(=O)[O-])C(=O)[O-],1
[NH][N]F,1
C[N][N]O,1
CC(C(=O)[O-])=C(O)C(=O)[O-],1
CC(=CC(=O)[O-])C=C(O)C(=O)[O-],1
O=C[N][N]C=O,1
O=Cc1cc(C(=O)[O-])c(C=O)c2c(C=O)cc(C(=O)[O-])c(C=O)c12,1
O=C([O-])c1ccc2c(I)c(C(=O)[O-])ccc2c1I,1
O=C([O-])c1ccc2cc(Cl)c3c(C(=O)[O-])ccc(Cl)c3c2c1,1
O=Cc1cc2ccc(C(=O)[O-])cc2c2cccc(C(=O)[O-])c12,1
[O]S([O])(O)C(=CC(=O)[O-])C(=O)[O-],1
CNc1c(C(=O)[O-])c(I)c2c(NC)cc3c(NC)c(C(=O)[O-])c(I)c4c(NC)cc1c2c34,1
O=C([O-])C(I)=C(I)C(=O)[O-],1
CO[N][N]OC,1
COc1c(F)c2cc(C(=O)[O-])cc3c(OC)c(F)c4cc(C(=O)[O-])cc1c4c23,1
O[N][N]O,1
CNN=NNC,1
N#CC1C(Br)(Br)C2(C#CC(=O)[O-])CCC1(C#CC(=O)[O-])C(Br)(C#N)C2,1
[NH][N][N+](=O)[O-],1
O=C([O-])C#CC12CCC(C#CC(=O)[O-])(C([N+](=O)[O-])C1O)C([N+](=O)[O-])C2[N+](=O)[O-],1
O=C([O-])C#CC12C(Br)C(Br)(C(=O)O)C(C#CC(=O)[O-])(C(C(=O)O)(C(=O)O)C1C(=O)O)C(Br)(Br)C2(C(=O)O)C(=O)O,1
COC1CC2(C#CC(=O)[O-])CC(OC)C1(C#CC(=O)[O-])C(OC)C2,1
O=C([O-])C#CC12C3C4(F)C1(F)C1C2(F)C3(F)C14C#CC(=O)[O-],1
O=C([O-])C#CC12C3(O)C4([N+](=O)[O-])C5(C#CC(=O)[O-])C(O)(C14[N+](=O)[O-])C2([N+](=O)[O-])C35[N+](=O)[O-],1
CCc1c(C)c(C(=O)[O-])c(C)c(C)c1C=Cc1c(C)c(C)c(C(=O)[O-])c(C)c1CC,1
N#CC(=C(C#N)c1ccc(C(=O)[O-])cc1)c1ccc(C(=O)[O-])cc1,1
O=C(O)c1c(I)c(N2C(=O)c3c(I)c(I)c4c5c(c(I)c(I)c(c35)C2=O)C(=O)N(c2c(I)c(C(=O)O)c(C(=O)[O-])c(C(=O)O)c2C(=O)O)C4=O)c(C(=O)O)c(C(=O)O)c1C(=O)[O-],1
O=C([O-])c1cc(C(=O)O)c(N2C(=O)c3cc(Cl)c4c5c(cc(Cl)c(c35)C2=O)C(=O)N(c2c(C(=O)O)cc(C(=O)[O-])c(Cl)c2Cl)C4=O)c(Cl)c1Cl,1
COC(C(=O)[O-])=C(Br)C=CC(=O)[O-],1
COC(=CC(=O)[O-])C=C(OC)C(=O)[O-],1
N=CC(=N)C(=O)O,1
O=C([O-])C=CC(C(=O)O)=C(C(=O)[O-])C(=O)O,1
CC(=N)C=N,1
CC(=CC(=O)[O-])C=C(F)C(=O)[O-],1
O=C([O-])c1cc(-c2ccccc2)c(C(=O)[O-])c2cc(I)ccc12,1
O=C([O-])C(I)=CC=C(C(=O)[O-])c1ccccc1,1
O=C([O-])C=C(I)C=C(C(=O)[O-])c1ccccc1,1
O=C([O-])C=CC(=CC(=O)[O-])c1ccccc1,1
N=CC=N[N+](=O)[O-],1
O=C([O-])c1c(Cl)cc(C(=O)[O-])c2c([N+](=O)[O-])cc([N+](=O)[O-])cc12,1
N=CC(=N)N,1
Nc1cc2c(C(=O)[O-])ccc(C(=O)[O-])c2c(N)c1O,1
NC(=CC(=O)[O-])C=C(N)C(=O)[O-],1
O=C([O-])c1c2ccc(F)cc2c(C(=O)[O-])c2c(F)cccc12,1
[O]S([O])(O)C(C(F)=CC(=O)[O-])=C(F)C(=O)[O-],1
[O]S([O])(O)C(=CC(=O)[O-])C(F)=CC(=O)[O-],1
[O]S([O])(O)C(=CC(=O)[O-])C(=C(C(=O)[O-])S([O])([O])O)S([O])([O])O,1
[O]S([O])(O)C(C(=O)[O-])=C(F)C=CC(=O)[O-],1
CCCOC(=CC(=O)[O-])C=C(OCCC)C(=O)[O-],1
CCCOC(=CC=C(OC)C(=O)[O-])C(=O)[O-],1
CCCOc1ccc2c(C(=O)[O-])c3c(OCCC)c(OC)c(OCCC)c(OCCC)c3c(C(=O)[O-])c2c1OCCC,1
O=C([O-])c1ccc2ccc3c(C(=O)[O-])cccc3c2c1-c1ccccc1,1
N=CC(=N)Br,1
O=CC(C(=O)[O-])=C(Br)C(Br)=CC(=O)[O-],1
O=Cc1cc2c(c(C=O)c(Br)c3c(C=O)c(C=O)c(C(=O)[O-])c(Br)c32)c(C(=O)[O-])c1C=O,1
CCc1cc2c(cc(CC)c3c(Br)cc(C(=O)[O-])c(Br)c32)c(C(=O)[O-])c1CC,1
N=CC(O)=NC=O,1
O=Cc1cc2c(O)c(C(=O)[O-])cc3c(C=O)cc4cc(C(=O)[O-])cc1c4c32,1
N=C(N)C=NN,1
Nc1cc2ccc(C(=O)[O-])cc2c2ccc3ccc(C(=O)[O-])cc3c12,1
N=CC=NCl,1
O=C([O-])c1ccc2ccc3c4c([N+](=O)[O-])c(C(=O)[O-])ccc4cc([N+](=O)[O-])c3c2c1,1
N=CC=NI,1
O=C([O-])c1cc(I)c2cc(I)c3c4cc(C(=O)[O-])c(I)c(I)c4c(I)cc3c2c1,1
CCOC(=C(Br)C(=O)[O-])C(OCC)=C(OCC)C(=O)[O-],1
CCO[C]([C](Br)C(=O)[O-])C(OCC)=C(OCC)C(=O)[O-],1
N=C(I)C=NI,1
ON=C(O)C(O)=NO,1
O=C([O-])C(O)=C(Cl)C(Cl)=C(Cl)C(=O)[O-],1
CNN=C(O)C(=N)NC,1
O=C([O-])C=CC(O)=C(O)C(=O)[O-],1
CCCON=CC=N,1
CCCOC(=CC(=CC(=O)[O-])OCC)C(=O)[O-],1
CNN=C(I)C(=N)NC,1
N=C(C=O)C(C=O)=NS([O])([O])O,1
[O]S([O])(O)C(C#CC(=O)[O-])=CC#CC(=O)[O-],1
[O]S([O])(O)[C](C=CC(=O)[O-])[C](C(=O)[O-])S([O])([O])O,1
O=C([O-])C12CCC(C(=O)[O-])(C([N+](=O)[O-])C1)C([N+](=O)[O-])C2[N+](=O)[O-],1
O=C([O-])C=CC(Br)=C(C(=O)[O-])[N+](=O)[O-],1
O=C([O-])C12CC(O)C(C(=O)[O-])(CC1O)C(O)(O)C2O,1
O=C([O-])C12CCC(C(=O)[O-])(CC1)C([N+](=O)[O-])([N+](=O)[O-])C2,1
[O]S([O])(O)C(=CC(Cl)=CC(=O)[O-])C(=O)[O-],1
CCCC1CC2(C(=O)[O-])CC(S([O])([O])O)C1(C(=O)[O-])C(S([O])([O])O)C2,1
CCC1CC2(C(=O)[O-])C(I)C(I)C1(C(=O)[O-])C(I)C2I,1
NC1CC2(C(=O)[O-])CCC1(C(=O)[O-])C(C(=O)O)C2C(=O)O,1
N#CC(C=CC(=O)[O-])=C(O)C(=O)[O-],1
N#CC(=CC(O)=CC(=O)[O-])C(=O)[O-],1
N#CC1C(O)C2(C#CC(=O)[O-])C(O)(O)CC1(C#CC(=O)[O-])C(C#N)C2(O)C#N,1
CCCOC1CC2(C#CC(=O)[O-])CCC1(C#CC(=O)[O-])C(OCCC)C2,1
COC(=N)C=N,1
CC1C(C)C2(C#CC(=O)[O-])C(C)CC1(C#CC(=O)[O-])C(c1ccccc1)C2C,1
CC(=CC(=O)[O-])C=C(C)C(=O)[O-],1
CNC12C3C4C5C(C41C(=O)[O-])C2(O)C53C(=O)[O-],1
CCC(=CC=C(OC)C(=O)[O-])C(=O)[O-],1
CCC12C3C4C5(OC)C3(C(=O)[O-])C1C5(OC)C42C(=O)[O-],1
CCN=CC(=N)CC,1
CCOC12C3C4(C#CC(=O)[O-])C1C1(OCC)C2(C#CC(=O)[O-])C3(NC)C41NC,1
CN[N][CH]C=N,1
O=C([O-])[C](Cl)[C](O)C(O)=C(O)C(=O)[O-],1
O=C([O-])C#CC12C3C4C1(Br)C1(Br)C2C3(Br)C41C#CC(=O)[O-],1
NC12C3C4C5C3(C#CC(=O)[O-])C1C5(N)C42C#CC(=O)[O-],1
COc1c(C(=O)[O-])cc([N+](=O)[O-])c(C=Cc2ccc(C(=O)[O-])cc2)c1OC,1
N=C[C]([N][N+](=O)[O-])[N+](=O)[O-],1
F[N][CH]C(Cl)=NCl,1
O=C([O-])C=C(Cl)C(F)=C(Cl)C(=O)[O-],1
O=C([O-])c1c(F)cc(C2=N[N]C(c3c(F)c(Cl)c(C(=O)[O-])c(Cl)c3F)=N[N]2)c(F)c1F,1
O=C([O-])C=C(C(=O)O)C(=C(C(=O)[O-])C(=O)O)c1ccccc1,1
CCOc1cc(N2C(=O)c3ccc4c5c(cc(OCC)c(c35)C2=O)C(=O)N(c2ccc(C(=O)[O-])cc2CC)C4=O)ccc1C(=O)[O-],1
N=C[C](F)[N]F,1
O=C([O-])C=CC(F)=C(F)C(=O)[O-],1
O=C([O-])c1ccc(N2C(=O)c3cc(F)c4c5c(c(F)c(F)c(c35)C2=O)C(=O)N(c2cc(F)c(C(=O)[O-])cc2F)C4=O)cc1F,1
CCC(C=CC(=O)[O-])=CC(=O)[O-],1
CCc1cc(N2C(=O)c3ccc4c5c(c(O)c(O)c(c35)C2=O)C(=O)N(c2ccc(C(=O)[O-])cc2)C4=O)ccc1C(=O)[O-],1
CCCON=C(OCCC)C(Br)=NBr,1
CCCO[C]([C](OCCC)[C](OCCC)C(=O)[O-])[C](OCCC)C(=O)[O-],1
CCCOc1cc2c3c(c(Br)cc4c3c1C(=O)N(c1cc(Br)c(C(=O)[O-])cc1Br)C4=O)C(=O)N(c1ccc(C(=O)[O-])cc1Br)C2=O,1
N=CC(I)=NI,1
O=C([O-])c1ccc(N2C(=O)c3ccc4c5c(ccc(c35)C2=O)C(=O)N(c2ccc(C(=O)[O-])cc2I)C4=O)c(I)c1,1
O=C([O-])c1ccc(N2C(=O)c3ccc4c5c(ccc(c35)C2=O)C(=O)N(c2cc([N+](=O)[O-])c(C(=O)[O-])c([N+](=O)[O-])c2)C4=O)c(C(=O)O)c1,1
CCCON=CC=NI,1
O=CC(C(=O)[O-])=C(C=O)C(O)=C(O)C(=O)[O-],1
O=CC(=NO)C(C=O)=NO,1
O=Cc1cc(N2C(=O)c3c(C=O)c(O)c4c5c(c(O)c(C=O)c(c35)C2=O)C(=O)N(c2c(O)c(O)c(C(=O)[O-])c(C=O)c2O)C4=O)cc(C=O)c1C(=O)[O-],1
O=C[C]([CH]C=CC(=O)[O-])C(=O)[O-],1
O=Cc1cc(N2C(=O)c3cc(C=O)c4c5ccc6c7c(ccc(c8c(C=O)c(C=O)c(c3c48)C2=O)c75)C(=O)N(c2c(C=O)cc(C(=O)[O-])c(C=O)c2-c2ccccc2)C6=O)c(-c2ccccc2)c(C=O)c1C(=O)[O-],1
Nc1cc2c3c(ccc4c5ccc6c7c(ccc(c1c34)c75)C(=O)N(c1ccc(C(=O)[O-])cc1)C6=O)C(=O)N(c1ccc(C(=O)[O-])cc1)C2=O,1
O=C([O-])C=C(O)C(O)=CC(=O)[O-],1
ON=CC=NO,1
O=C([O-])c1cc2cc(I)c(C(=O)[O-])cc2cc1I,1
CC(=N)C(C)=N,1
O=C([O-])c1c2cc(F)c(F)c(F)c2c(C(=O)[O-])c2cc(F)c(F)c(F)c12,1
O=C([O-])c1c2ccc(F)cc2c(C(=O)[O-])c2ccc(F)cc12,1
[CH](C=Nc1ccccc1)[N]c1ccccc1,1
N=C(Br)C(=N)Br,1
O=C([O-])c1c2cccc([N+](=O)[O-])c2c(C(=O)[O-])c2cccc([N+](=O)[O-])c12,1
COC(C(=O)[O-])=C(N)C(N)=CC(=O)[O-],1
COC(=N)C(=N)N,1
COc1c(C(=O)[O-])c(OC)c2c(c(N)cc3c(C(=O)[O-])c(N)c(OC)c(N)c32)c1N,1
NC(=CC(Br)=C(N)C(=O)[O-])C(=O)[O-],1
Nc1c(Br)c2c(Br)cc(C(=O)[O-])cc2c2cccc(C(=O)[O-])c12,1
ClN=CC=NCl,1
CCCN=C(C(=NCCC)c1ccccc1)c1ccccc1,1
O=C(O)N=CC=NC(=O)O,1
O=[N+]([O-])[N][C]([C]([N][N+](=O)[O-])[N+](=O)[O-])[N+](=O)[O-],1
[O]S([O])(O)C(=CC=C(C(=O)[O-])S([O])([O])O)C(=O)[O-],1
Br[N]C(Br)=C(Br)[N]Br,1
NC(C#CC(=O)[O-])=C(N)C#CC(=O)[O-],1
N=CC=NN,1
CC1CC2(C(=O)[O-])CCC1(C(=O)[O-])CC2C,1
O=CC(C(=O)[O-])=C(O)C(O)=CC(=O)[O-],1
O=CC1C(O)(C=O)C2(C(=O)[O-])CC(O)(C=O)C1(C(=O)[O-])C(O)(O)C2(O)C=O,1
O=C([N][CH]O)C(=O)N=CO,1
NC1C(N)C2(C#CC(=O)[O-])CCC1(C#CC(=O)[O-])CC2,1
N=CC(=N)I,1
NC1(N)CC2(C#CC(=O)[O-])CCC1(C#CC(=O)[O-])CC2I,1
O=C([O-])C#CC12CCC(C#CC(=O)[O-])(CC1)C(C(=O)O)C2,1
BrN=CC=NBr,1
CCCOC12C3C4(C#CC(=O)[O-])C1(OCCC)C1C2(C#CC(=O)[O-])C3(OCCC)C14OCCC,1
O=C([O-])C(=CC=C(C(=O)[O-])[N+](=O)[O-])[N+](=O)[O-],1
CCCC12C3C4(C#CC(=O)[O-])C1(CC)C1C2(C#CC(=O)[O-])C3(CC)C14CCC,1
N=C(I)C(=N)I,1
CCN=CC=NCC,1
COc1cc(N2C(=O)c3ccc4c5c(ccc(c35)C2=O)C(=O)N(c2ccc(C(=O)[O-])c(OC)c2)C4=O)ccc1C(=O)[O-],1
O=C([O-])[C](I)[C](I)[C](I)[C](I)C(=O)[O-],1
O=CN=CC=NC=O,1
O=C([O-])c1ccc(N2C(=O)c3ccc4c5cc(I)c6c7c(ccc(c8cc(I)c(c3c48)C2=O)c75)C(=O)N(c2ccc(C(=O)[O-])c(I)c2)C6=O)cc1I,1
CCCc1cc(N2C(=O)c3ccc4c5ccc6c7c(ccc(c8ccc(c3c48)C2=O)c75)C(=O)N(c2ccc(C(=O)[O-])c(CCC)c2)C6=O)ccc1C(=O)[O-],1
CCc1cc(C(=O)[O-])cc2c(CC)cc(C(=O)[O-])cc12,1
CCc1ncc2c(-c3ccccc3)c(CC)ncc2c1-c1ccccc1,1
Brc1cc2cnccc2cn1,1
O=C([O-])c1ccc2cc(C(=O)[O-])c(Br)cc2c1,1
CCc1c(C(=O)[O-])ccc2cc(C(=O)[O-])ccc12,1
Ic1nc(-c2ccccc2)cc2c(I)nc(-c3ccccc3)cc12,1
O=C([O-])c1c2ccc(I)c(I)c2c(C(=O)[O-])c2ccc(I)c(I)c12,1
Fc1nccc2cnccc12,1
O=C([O-])c1cc(C(=O)O)c2ccc3c(C(=O)[O-])cccc3c2c1,1
O=C([O-])c1ccc2c(C(=O)O)c(C(=O)[O-])ccc2c1F,1
O=C([O-])c1ccc2c(I)cc3c(C(=O)[O-])cccc3c2c1I,1
CCc1c(C(=O)[O-])c(F)c(F)c2c(CC)c(C(=O)[O-])cc(F)c12,1
CCc1c(F)cc2c(ccc3ccc(C(=O)[O-])c(CC)c32)c1C(=O)[O-],1
CCc1cnc(F)c2ccncc12,1
O=[N+]([O-])c1cnc(F)c2ccncc12,1
O=C([O-])c1c([N+](=O)[O-])cc2c(F)cc3c(C(=O)[O-])c([N+](=O)[O-])cc([N+](=O)[O-])c3c2c1F,1
O=C([O-])c1ccc2c([N+](=O)[O-])c(C(=O)[O-])ccc2c1,1
CNc1cc2ccc(C(=O)[O-])c(Br)c2c2cccc(C(=O)[O-])c12,1
O[C]1C2=CN=C(O)[C](O)C2=CN=C1O,1
O=C([O-])c1cc2ccc3c(O)c(C(=O)[O-])cc4ccc(c1O)c2c43,1
O=C([O-])c1ccc2c(O)c(C(=O)[O-])ccc2c1O,1
COc1nccc2c(OC)nccc12,1
N#Cc1cc2c(cc(C#N)c3ccc(C(=O)[O-])c(C#N)c32)c2c(C#N)c(C(=O)[O-])ccc12,1
Fc1cncc2c(F)cncc12,1
O=C([O-])c1c(Cl)c(F)c2c(F)c(C(=O)[O-])c(Cl)c(F)c2c1F,1
O=C([O-])c1c(Cl)cc2c(F)cc3c(cc(F)c4cc(Cl)c(C(=O)[O-])c(F)c43)c2c1F,1
O=C(O)c1ncc(Br)c2c(C(=O)O)ncc(Br)c12,1
O=C([O-])c1ccc2c(Br)c(C(=O)[O-])ccc2c1Br,1
Clc1cnc(Cl)c2c(Cl)cnc(Cl)c12,1
O=C(O)c1cc2c(Cl)c(C(=O)[O-])c(C(=O)O)cc2c(Cl)c1C(=O)[O-],1
Oc1nc(I)cc2c(O)nc(I)cc12,1
O=CC1C(C=O)(C=O)C2(C(=O)[O-])C(I)C(I)C1(C(=O)[O-])C(I)(C=O)C2I,1
O=Cc1c(C(=O)[O-])c(I)c2c(C=O)cc(C(=O)[O-])cc2c1C=O,1
O=Cc1cc2c(I)ncc(C=O)c2cn1,1
CCC1CC2(C(=O)[O-])CCC1(C(=O)[O-])C(CC)([N+](=O)[O-])C2,1
CCc1cc2cncc(CC)c2cn1,1
O=C([O-])C12CC(O)C(C(=O)[O-])(C(O)C1c1ccccc1)C(c1ccccc1)C2O,1
O=C([O-])c1ccc2c(O)c(C(=O)[O-])c(O)c(-c3ccccc3)c2c1,1
Fc1cc2c(Cl)nc(F)c(F)c2c(Cl)n1,1
O=C([O-])C#CC12C(F)C(F)C(C#CC(=O)[O-])(C(Cl)C1F)C(F)(Cl)C2(F)Cl,1
O=C([O-])c1cc(Cl)c2cc(C(=O)[O-])c(F)c(F)c2c1,1
O=Cc1cc2c(C=O)nc(C=O)cc2c(C=O)n1,1
CCO[C]1C2=CN=C(OCC)[C](OCC)C2=CN=C1OCC,1
CCOC12C3(C#N)C4(C#CC(=O)[O-])C1(OCC)C1(C#N)C2(C#CC(=O)[O-])C3(OCC)C14OCC,1
CCOc1ncc(C#N)c2c(OCC)ncc(C#N)c12,1
N#Cc1c(C(=O)[O-])c(C#N)c2c(C#N)c(C#N)c(C(=O)[O-])c(C#N)c2c1C#N,1
O=Cc1cncc2c(C=O)cncc12,1
O=C([O-])C#CC12C3(Br)C4(Br)C1(Br)C1(Br)C2(Br)C3(Br)C41C#CC(=O)[O-],1
O=Cc1cc2c(Br)nc(C=O)cc2c(Br)n1,1
O=C[C]([C](C=O)c1ccc(C(=O)[O-])cc1)c1ccc(C(=O)[O-])cc1,1
CCCc1cc(C(=O)[O-])ccc1C=Cc1ccc(C(=O)[O-])cc1CCC,1
COc1c(C(=O)[O-])ccc2c(OC)c(C(=O)[O-])ccc12,1
COc1c(C(=O)[O-])c(OC)c2c(C#N)c(OC)c(C(=O)[O-])c(OC)c2c1C#N,1
COc1cc(C(=O)[O-])ccc1C1=N[N]C(c2ccc(C(=O)[O-])cc2OC)=N[N]1,1
COc1nc(C#N)cc2c(OC)nc(C#N)cc12,1
CCc1cc(C2=N[N]C(c3cc(Cl)c(C(=O)[O-])c(CC)c3)=N[N]2)cc(Cl)c1C(=O)[O-],1
CCc1cc2c(CC)nc(CC)cc2c(CC)n1,1
O=C([O-])c1ccc(C2=N[N]C(c3ccc(C(=O)[O-])cc3-c3ccccc3)=N[N]2)c(-c2ccccc2)c1,1
CCc1c(C(=O)[O-])c([N+](=O)[O-])cc(C2=N[N]C(c3cc([N+](=O)[O-])c(C(=O)[O-])c(CC)c3[N+](=O)[O-])=N[N]2)c1[N+](=O)[O-],1
CCc1c(C(=O)[O-])c([N+](=O)[O-])cc2c(CC)c(C(=O)[O-])c([N+](=O)[O-])cc12,1
O=[N+]([O-])c1ncc2c([N+](=O)[O-])c([N+](=O)[O-])ncc2c1[N+](=O)[O-],1
[O]S([O])(O)c1cc2c3c(c(S([O])([O])O)cc4c3c1C(=O)N(c1cc([N+](=O)[O-])c(C(=O)[O-])c(S([O])([O])O)c1S([O])([O])O)C4=O)C(=O)N(c1cc([N+](=O)[O-])c(C(=O)[O-])c(S([O])([O])O)c1S([O])([O])O)C2=O,1
CCOc1c(C(=O)[O-])c(I)c2c(OCC)c(OCC)c(C(=O)[O-])c(I)c2c1OCC,1
CCOc1cc(C(=O)[O-])c(I)c(I)c1N1C(=O)c2cc(OCC)c3c4c(cc(OCC)c(c24)C1=O)C(=O)N(c1c(OCC)cc(C(=O)[O-])c(I)c1I)C3=O,1
Ic1nc(I)c2c(I)c(I)nc(I)c2c1I,1
COc1c(C(=O)[O-])c(OC)c([N+](=O)[O-])c(N2C(=O)c3c(OC)c([N+](=O)[O-])c4c5c(c(OC)c([N+](=O)[O-])c(c35)C2=O)C(=O)N(c2c([N+](=O)[O-])c(OC)c(C(=O)[O-])c(OC)c2[N+](=O)[O-])C4=O)c1[N+](=O)[O-],1
COc1c([N+](=O)[O-])c(C(=O)[O-])c([N+](=O)[O-])c2c(OC)c([N+](=O)[O-])c(C(=O)[O-])c([N+](=O)[O-])c12,1
O=[N+]([O-])c1nc([N+](=O)[O-])c2c([N+](=O)[O-])c([N+](=O)[O-])nc([N+](=O)[O-])c2c1[N+](=O)[O-],1
CCOc1c(C(=O)[O-])cc2c(OCC)c(OCC)c(C(=O)[O-])cc2c1OCC,1
O=C([O-])c1ccc(N2C(=O)c3ccc4c5c(ccc(c35)C2=O)C(=O)N(c2ccc(C(=O)[O-])c(F)c2)C4=O)cc1F,1
Nc1cc(N2C(=O)c3ccc4c5c(ccc(c35)C2=O)C(=O)N(c2ccc(C(=O)[O-])c(N)c2)C4=O)ccc1C(=O)[O-],1
[O]S([O])(O)c1cc(C(=O)[O-])ccc1N1C(=O)c2ccc3c4ccc5c6c(ccc(c7ccc(c2c37)C1=O)c64)C(=O)N(c1ccc(C(=O)[O-])cc1S([O])([O])O)C5=O,1
O=C([O-])c1cc([N+](=O)[O-])c(C(=O)[O-])c2c(C(=O)O)cccc12,1
O=C([O-])c1ccc(C(=O)[O-])c2c(C(=O)O)c([N+](=O)[O-])ccc12,1
COc1cccc2c(C(=O)[O-])c(O)cc(C(=O)[O-])c12,1
COc1cc2nccnc2c(OC)c1Br,1
CNc1c(OC)cc2c(C(=O)[O-])ccc(C(=O)[O-])c2c1OC,1
CNc1nc2ccc(OC)cc2nc1OC,1
N#Cc1nc2ccccc2nc1Br,1
Cc1cc(C(=O)[O-])c2cc(C#N)c(C)c(C#N)c2c1C(=O)[O-],1
Cc1ccc2nc(C#N)c(C#N)nc2c1C,1
CCc1cc(C(=O)[O-])c2ccccc2c1C(=O)[O-],1
O=C([O-])c1ccc(C(=O)[O-])c2cc([N+](=O)[O-])ccc12,1
O=C([O-])c1ccc(C(=O)[O-])c2cc(Br)ccc12,1
CNc1cc(Br)c2c(C(=O)[O-])cc(Br)c(C(=O)[O-])c2c1,1
CNc1cc(Br)c2c(C(=O)[O-])ccc(C(=O)[O-])c2c1,1
CNc1cc2c(C(=O)[O-])cc(Br)c(C(=O)[O-])c2cc1Br,1
O=C([O-])c1cc2c(cc1Cl)cc(Cl)c1c(C(=O)[O-])cc(Cl)cc12,1
Clc1cc(I)c2nc(I)cnc2c1,1
O=C([O-])c1cc(I)c(C(=O)[O-])c2ccccc12,1
O=C([O-])c1ccc(C(=O)[O-])c2c(I)c(F)c(F)cc12,1
Fc1c(I)ccc2nccnc12,1
O=C([O-])c1cc(I)c2c(I)c(F)c3c(C(=O)[O-])ccc(I)c3c2c1,1
Cc1c(C(=O)[O-])c(C)c2c(Cl)c(Cl)c3c(C)c(C(=O)[O-])c(C)c4c(C)c(C)c1c2c43,1
Cc1c(C(=O)[O-])c(C)c2c(Cl)c(Cl)c3c(C)c(C(=O)[O-])c(C)c4c(Cl)c(Cl)c1c2c43,1
Cc1c(Cl)c(Cl)c2c(C(=O)[O-])c(Cl)c(Cl)c(C(=O)[O-])c2c1C,1
COc1cc2c3cc(C(=O)[O-])c(C#N)cc3ccc2c2c(OC)c(C(=O)[O-])ccc12,1
O=C([O-])c1ccc2ccc3c4c(F)c(C(=O)[O-])ccc4cc(F)c3c2c1,1
CCc1cc2c(cc(CC)c3ccc(C(=O)[O-])c(F)c32)c2cc(C(=O)[O-])ccc12,1
O=C([O-])c1c(F)c(Cl)c(C(=O)[O-])c2c(Cl)c(F)c(Cl)c(Cl)c12,1
O=C(O)c1cc(C(=O)[O-])c2ccccc2c1C(=O)[O-],1
O=Cc1c(C=O)c(C(=O)[O-])c2c(Br)c(Br)c(Br)c(Br)c2c1C(=O)[O-],1
O=C([O-])c1cc([N+](=O)[O-])c(C(=O)[O-])c2cc([N+](=O)[O-])ccc12,1
O=[N+]([O-])c1ccc2nc([N+](=O)[O-])cnc2c1,1
CNc1c(I)c(C(=O)[O-])c2c(I)c(I)c(I)cc2c1C(=O)[O-],1
O=C([O-])c1cc(F)c(C(=O)[O-])c2ccc(F)cc12,1
O=C([O-])c1c(F)c(I)c(C(=O)[O-])c2cc(I)ccc12,1
O=C([O-])C12CCC(C(=O)[O-])(CC1)C(I)(I)C2I,1
O=C([O-])c1c(I)cc(C(=O)[O-])c2c(F)c(I)c(F)cc12,1
O=C([O-])c1ccc(C(=O)[O-])c2c(F)c(I)ccc12,1
O=CC1CC2(C(=O)[O-])C(C(=O)O)C(C=O)(C(=O)O)C1(C(=O)[O-])CC2(C=O)C(=O)O,1
O=Cc1cc(C(=O)O)c2c(C(=O)[O-])cc(C(=O)O)c(C(=O)[O-])c2c1,1
O=Cc1cc(C(=O)[O-])c2cc(C(=O)O)cc(C(=O)O)c2c1C(=O)[O-],1
O=Cc1cc(C=O)c2c(C(=O)[O-])c(C(=O)O)c(C(=O)O)c(C(=O)[O-])c2c1,1
O=Cc1cccc2c(C(=O)[O-])cc(C(=O)O)c(C(=O)[O-])c12,1
O=C(O)c1c(C(=O)O)c(C(=O)[O-])c2c(C(=O)O)ccc(C(=O)O)c2c1C(=O)[O-],1
O=C([O-])C12CC(Cl)C(C(=O)[O-])(C(Br)C1)C(Br)C2,1
O=C([O-])c1c(Br)cc(C(=O)[O-])c2c(Cl)c(Cl)ccc12,1
Oc1cc2nc(O)c(O)nc2cc1O,1
O=C([O-])C#CC12CC(O)C(C#CC(=O)[O-])(C(O)C1)C(O)(O)C2,1
O=C([O-])c1c(Cl)c(Br)c(C(=O)[O-])c2cc(Cl)ccc12,1
O=C([O-])c1cc(Br)c(C(=O)[O-])c2ccc(Cl)cc12,1
O=C([O-])C12C3C4C1C1(Br)C4(C(=O)[O-])C3C21Cl,1
O=C([O-])c1c(Cl)cc(C(=O)[O-])c2c(Br)c(Cl)ccc12,1
CCOC12C3C4C5C(C1C53C(=O)[O-])C42C(=O)[O-],1
O=C([O-])c1c(O)cc(C(=O)[O-])c2c(O)cccc12,1
Nc1ccc2c(C(=O)[O-])c(Cl)cc(C(=O)[O-])c2c1,1
Nc1cc(C(=O)[O-])c2c(Cl)c(Cl)ccc2c1C(=O)[O-],1
Nc1cc(Cl)c(N)c2c(C(=O)[O-])ccc(C(=O)[O-])c12,1
Nc1cccc2c(C(=O)[O-])ccc(C(=O)[O-])c12,1
CCOc1ccc2c(C(=O)[O-])ccc(C(=O)[O-])c2c1,1
CCOc1cccc2c(C(=O)[O-])ccc(C(=O)[O-])c12,1
O=C(O)c1cc(C(=O)O)c2c(C(=O)[O-])ccc(C(=O)[O-])c2c1,1
O=C([O-])C12C3C4C1C1(C(=O)O)C2C3(C(=O)O)C41C(=O)[O-],1
O=C([O-])C12C3C4(Cl)C1(Br)C1(Cl)C2(Br)C3(Cl)C41C(=O)[O-],1
O=C([O-])c1c(Br)c(Br)c(C(=O)[O-])c2cc(Cl)c(Cl)cc12,1
O=C([O-])c1cc(Br)c(C(=O)[O-])c2c(Cl)c(Br)cc(Br)c12,1
O=C([O-])c1cc(Cl)c(C(=O)[O-])c2c(Cl)c(Cl)cc(Cl)c12,1
O=C([O-])c1cc(Cl)c(C(=O)[O-])c2c(Br)cccc12,1
Oc1cc(Cl)c(O)c2nc(Cl)cnc12,1
O=C([O-])c1c(O)c(Cl)c(C(=O)[O-])c2c(Cl)cc(O)cc12,1
O=C([O-])C12C3C4C1(O)C1(Cl)C2C3(O)C41C(=O)[O-],1
Clc1cnc2ccccc2n1,1
O=C([O-])C12C3C4C1C1(Cl)C2C3(O)C41C(=O)[O-],1
O=CC12C3C4C5C(C1C53C(=O)[O-])C42C(=O)[O-],1
O=Cc1cccc2c(C(=O)[O-])ccc(C(=O)[O-])c12,1
O=Cc1cnc2ccccc2n1,1
O=C([O-])c1ccc(C(=O)[O-])c2c(F)cccc12,1
CCCc1cc2ncc(C)nc2cc1C,1
CCc1cc(N2C(=O)c3ccc4c5c(c([N+](=O)[O-])c([N+](=O)[O-])c(c35)C2=O)C(=O)N(c2ccc(C(=O)[O-])cc2CC)C4=O)ccc1C(=O)[O-],1
CCc1ccc2c(C(=O)[O-])cc([N+](=O)[O-])c(C(=O)[O-])c2c1,1
CCc1cnc2ccccc2n1,1
O=C([O-])c1cc(Cl)c(C(=O)[O-])c2ccc(Cl)cc12,1
Clc1ccc2nccnc2c1Cl,1
Clc1ccc2nccnc2c1,1
[O]S([O])(O)c1cc(C(=O)[O-])cc(Cl)c1N1C(=O)c2ccc3c4ccc5c6c(cc(Cl)c(c7cc(S([O])([O])O)c(c2c37)C1=O)c64)C(=O)N(c1ccc(C(=O)[O-])c(Cl)c1)C5=O,1
O=C([O-])c1c(I)c2ccc3c(I)c(C(=O)[O-])c(I)c4ccc(c1I)c2c34,1
O=C([O-])c1c2cccc(I)c2c(C(=O)[O-])c2c(I)cccc12,1
CNc1cccc2c(C(=O)[O-])c3cccc(NC)c3c(C(=O)[O-])c12,1
Ic1ccc2c(ccc3ccnc(I)c32)n1,1
O=C([O-])c1cc2c(cc1I)c(I)c(I)c1c(C(=O)[O-])cccc12,1
O=C([O-])c1cc2cc(I)c3c(I)c(C(=O)[O-])cc4c(I)cc(c1I)c2c43,1
O=Cc1cc2cc(C(=O)[O-])cc3ccc4cc(C(=O)[O-])cc1c4c32,1
O=Cc1cc2ccc3c(C(=O)[O-])cc(I)cc3c2cc1C(=O)[O-],1
N#Cc1cc2ccc3c(ccc4ccc(C(=O)[O-])c(S([O])([O])O)c43)c2cc1C(=O)[O-],1
N#Cc1ccc(C(=O)[O-])c2ccc3ccc(C(=O)[O-])cc3c12,1
CCc1cc2ccc3nc(CC)ccc3c2cn1,1
Cc1cnc2ccc3ccnc(S([O])([O])O)c3c2c1.O=C([O-])C#CC#CC(=O)[O-],1
Nc1cc(C(=O)[O-])c2cc(Cl)c3c(Cl)c(N)c(C(=O)[O-])c(N)c3c2c1,1
COC1(OC)C2(C(=O)[O-])C([N+](=O)[O-])CC(C(=O)[O-])(C(OC)([N+](=O)[O-])C2(OC)[N+](=O)[O-])C1([N+](=O)[O-])[N+](=O)[O-],1
COc1c(C(=O)[O-])cc2c(c1OC)c(OC)c(OC)c1c(C(=O)[O-])c(OC)c([N+](=O)[O-])c([N+](=O)[O-])c12,1
COc1cnc2ccc3ccnc([N+](=O)[O-])c3c2c1,1
O=C([O-])C12CC(O)C(C(=O)[O-])(CC1Cl)C(Cl)C2,1
N#CC1CC2(C(=O)[O-])C(C#N)CC1(C(=O)[O-])CC2(O)C#N,1
N#Cc1cc(O)c2c(ccc3c(C#N)cc(C(=O)[O-])c(C#N)c32)c1C(=O)[O-],1
N#Cc1cnc2c(O)cc3c(O)cnc(O)c3c2c1,1
CNC1(Br)CC2(C(=O)[O-])CCC1(C(=O)[O-])CC2,1
CCCOc1cnc2ccc3ccncc3c2c1,1
Fc1ccc2c(ccc3ccncc32)n1,1
O=C([O-])C12CC(F)C(C(=O)[O-])(C(F)C1)C(F)C2,1
O=C([O-])c1ccc2cc(F)c3c(C(=O)[O-])cccc3c2c1,1
COC1CC2(C#CC(=O)[O-])CC(I)(I)C1(C#CC(=O)[O-])CC2I,1
COc1c(I)c2cc(I)c(C(=O)[O-])cc2c2c(I)ccc(C(=O)[O-])c12,1
COc1nc(I)cc2ccc3ncc(I)cc3c12,1
O=Cc1cc(C(=O)[O-])c2ccc3c(C=O)cc(C(=O)[O-])cc3c2c1,1
O=Cc1cnc2ccc3ccncc3c2c1,1
O=C([O-])c1cc2c(cc1F)c(I)cc1c(C(=O)[O-])c(I)ccc12,1
Nc1cc(C(=O)[O-])c2cc(N)c3ccc(C(=O)[O-])cc3c2c1,1
Cc1nccc2ccc3ncccc3c12,1
O=C([O-])c1ccc2cc(Br)c3c(C(=O)[O-])cc(Br)cc3c2c1,1
Brc1cncc2c1ccc1nccc(Br)c12,1
NC12C3C4C5(Br)C3(C#CC(=O)[O-])C1C5(N)C42C#CC(=O)[O-],1
Nc1nc(Cl)c(Cl)c2ccc3nc(Cl)c(Cl)cc3c12,1
NC(=Cc1ccc(C(=O)[O-])cc1N)c1ccc(C(=O)[O-])cc1,1
O=C([O-])c1ccc2ccc3c(C(=O)[O-])cccc3c2c1Cl,1
N#Cc1cc(C=Cc2c(F)cc(C(=O)[O-])c(C#N)c2F)c(C#N)c(C#N)c1C(=O)[O-],1
N#Cc1cc(C(=O)[O-])c(C#N)c2c1c(C#N)cc1c(C(=O)[O-])cccc12,1
N#Cc1ncc2c(cc(C#N)c3nc(F)c(C#N)c(C#N)c32)c1F,1
N#Cc1cc(C(=O)[O-])c2ccc3ccc(C(=O)[O-])cc3c2c1[N+](=O)[O-],1
N#Cc1cc2c(C#N)cc3nccc([N+](=O)[O-])c3c2cn1,1
O=C([O-])c1ccc(-c2nnc(-c3ccc(C(=O)[O-])c([N+](=O)[O-])c3)nn2)cc1,1
O=C([O-])c1cc2c(c(F)cc3c(C(=O)[O-])cc(F)cc32)c(F)c1F,1
Fc1cnc2c(F)cc3ccncc3c2c1F,1
O=C([O-])c1ccc(N2C(=O)c3cc(F)c4c5c(c(F)c(F)c(c35)C2=O)C(=O)N(c2ccc(C(=O)[O-])cc2)C4=O)cc1,1
Cc1cc2ccc3nc(C)ccc3c2cn1,1
Cc1c(C(=O)[O-])cc2c(ccc3c(C(=O)[O-])cccc32)c1C,1
Cc1cc(N2C(=O)c3ccc4c5ccc6c7c(cc(C)c(c8ccc(c3c48)C2=O)c75)C(=O)N(c2ccc(C(=O)[O-])cc2)C6=O)ccc1C(=O)[O-],1
CCc1cc(C(=O)[O-])ccc1N1C(=O)c2ccc3c4c(CC)cc5c6c(ccc(c7cc(CC)c(c2c73)C1=O)c64)C(=O)N(c1c(CC)cc(C(=O)[O-])cc1CC)C5=O,1
CCc1cc2ccc3c(C(=O)[O-])cccc3c2cc1C(=O)[O-],1
O=C([O-])c1cc2c(O)cc3c(O)c(C(=O)[O-])cc4c(O)cc(c1O)c2c43,1
CCc1c(C(=O)[O-])c(C)c2c(CC)c(C)c3c(CC)c(C(=O)[O-])c(C)c4c(CC)c(C)c1c2c34,1
Cc1nc(C)c2c(C)c(C)c3c(C)nc(C)c4c(C)c(C)c1c2c43,1
CCCOc1c(OCCC)c2c(I)nc(I)c3c(OCCC)c(OCCC)c4c(I)nc(I)c1c4c23,1
O=C([O-])c1c(I)c2c(I)c(I)c3c(I)c(C(=O)[O-])c(I)c4c(I)c(I)c(c1I)c2c34,1
O=C([O-])c1cc2cc([N+](=O)[O-])c3c(Cl)c(C(=O)[O-])cc4cc([N+](=O)[O-])c(c1Cl)c2c43,1
CCc1nc(CC)c2c(C=O)c(C=O)c3c(CC)nc(CC)c4c(C=O)c(C=O)c1c2c43,1
N#Cc1c(C#N)c2cncc3c(C#N)c(C#N)c4cncc1c4c23,1
O=C([O-])c1cc2cc(C(=O)O)c3c(C(=O)O)c(C(=O)[O-])cc4cc(C(=O)O)c(c1C(=O)O)c2c43,1
O=C([O-])C#CC=CC#CC(=O)[O-].[O]S([O])(O)c1ncc2ccc3c(S([O])([O])O)ncc4ccc1c2c43,1
CNc1ncc2ccc3c(NC)ncc4ccc1c2c43,1
CCCc1ncc2c(CCC)c(CCC)c3cnc(CCC)c4ccc1c2c43,1
COC1C(OC)C2(C(=O)[O-])CCC1(C(=O)[O-])C(OC)C2OC,1
Clc1nc(Cl)c2c(Cl)c(Cl)c3c(Cl)nc(Cl)c4ccc1c2c43,1
O=C([O-])C#CC12CC(Cl)(Cl)C(C#CC(=O)[O-])(C(c3ccccc3)C1Cl)C(c1ccccc1)C2Cl,1
O=C([O-])c1cc2cc(Cl)c3cc(C(=O)[O-])c(-c4ccccc4)c4c(Cl)cc(c1)c2c34,1
Nc1c(N)c2cncc3c(N)c(N)c4cncc1c4c23,1
NC12C3C4(N)C5(N)C(C1(N)C35C(=O)[O-])C24C(=O)[O-],1
O=C(O)c1nc(C(=O)O)c2c(C(=O)O)c(C(=O)O)c3c(C(=O)O)nc(C(=O)O)c4c(C(=O)O)c(C(=O)O)c1c2c43,1
O=C([O-])C12C3C4(C(=O)O)C5(C(=O)[O-])C(C14C(=O)O)C2(C(=O)O)C35C(=O)O,1
O=C([O-])c1cc2c(C(=O)O)c(C(=O)O)c3c(C(=O)O)c(C(=O)[O-])cc4c(C(=O)O)c(C(=O)O)c(c1C(=O)O)c2c43,1
N#Cc1c(Cl)c2c(Cl)nc(Cl)c3c(C#N)c(Cl)c4c(Cl)nc(Cl)c1c4c23,1
O=[N+]([O-])c1cc2cncc3c([N+](=O)[O-])cc4cncc1c4c23,1
O=C([O-])c1cc2c(I)cc3c(I)c(C(=O)[O-])cc4c(I)cc(c1I)c2c43,1
O=C([O-])C#CC12C3C4(C(=O)O)C5(C#CC(=O)[O-])C(C14C(=O)O)C2(C(=O)O)C35C(=O)O,1
OC1=N[CH]c2c(O)cc3c4c(c(O)cc1c24)[CH]N=C3O,1
O=C([O-])c1cc(O)c(C=Cc2c(O)cc(C(=O)[O-])c(Cl)c2Cl)c(Cl)c1Cl,1
CCCc1cc(C=Cc2ccc(C(=O)[O-])c(CCC)c2)ccc1C(=O)[O-],1
O=C([O-])c1cc2ccc3c(C(=O)O)c(C(=O)[O-])cc4ccc(c1C(=O)O)c2c43,1
O=C([O-])c1cc([N+](=O)[O-])c(C2=N[N]C(c3c([N+](=O)[O-])cc(C(=O)[O-])cc3[N+](=O)[O-])=N[N]2)c([N+](=O)[O-])c1,1
CNc1c(C(=O)[O-])c(F)c2c(F)cc3c(NC)c(C(=O)[O-])c(F)c4c(F)cc1c2c34,1
CNc1cc(C(=O)[O-])cc(NC)c1N1C(=O)c2cc(F)c3c4c(cc(F)c(c24)C1=O)C(=O)N(c1c(NC)cc(C(=O)[O-])cc1NC)C3=O,1
Fc1nc(F)c2c(F)c(F)c3c(F)nc(F)c4c(F)c(F)c1c2c43,1
N#Cc1cc2cc(C(=O)[O-])c(O)c3c(C#N)cc4cc(C(=O)[O-])c(O)c1c4c23,1
O=Cc1nc(C=O)c2ccc3c(C=O)nc(C=O)c4ccc1c2c43,1
CCCOc1c(OCCC)c2cncc3c(OCCC)c(OCCC)c4cncc1c4c23,1
CCCOc1cc2c3c(ccc4c5c(OCCC)cc6c7c(ccc(c1c34)c75)C(=O)N(c1ccc(C(=O)[O-])cc1)C6=O)C(=O)N(c1ccc(C(=O)[O-])cc1)C2=O,1
Nc1cc2ccncc2c2c(N)cc3ccncc3c12,1
Nc1cc2ccc3c4cc(C(=O)[O-])c(N)cc4ccc3c2cc1C(=O)[O-],1
Ic1cncc2c1ccc1c3cncc(I)c3ccc21,1
O=C([O-])c1cc2c(cc1I)cc(I)c1c3cc(C(=O)[O-])c(I)cc3cc(I)c21,1
O=Cc1cncc2c1ccc1c3cncc(C=O)c3ccc21,1
[O]S([O])(O)c1cc(C(=O)[O-])c(S([O])([O])O)c2c1ccc1c2ccc2c(S([O])([O])O)cc(C(=O)[O-])c(S([O])([O])O)c21,1
COc1cc2ccc3c4cc(C(=O)[O-])c(OC)cc4ccc3c2cc1C(=O)[O-],1
COc1nccc2ccc3c(ccc4ccnc(OC)c43)c12,1
Nc1cc(C(=O)[O-])cc2c1ccc1c3cc(C(=O)[O-])cc(N)c3ccc21,1
CCOc1cc(C(=O)[O-])cc2c1ccc1c3cc(C(=O)[O-])cc(OCC)c3ccc21,1
O=C(O)c1cc2c(Br)cncc2c2c(C(=O)O)cc3c(Br)cncc3c12,1
CCO[C]1C(OCC)=N[C](I)c2c1c(OCC)cc1c3c(c(OCC)cc21)[C](OCC)C(OCC)=N[C]3I,1
O=C([O-])c1cc(I)c2cc(I)c3c4cc(C(=O)[O-])cc(I)c4cc(I)c3c2c1,1
Clc1nc(Br)c2c(c(Br)cc3c2cc(Br)c2c(Cl)c(Cl)nc(Br)c23)c1Cl,1
O=C([O-])c1cc(Cl)c2ccc3c(ccc4c(Cl)cc(C(=O)[O-])c(Cl)c43)c2c1Cl,1
N#Cc1cc2c3cc(C(=O)[O-])ccc3c(C#N)cc2c2cc(C(=O)[O-])ccc12,1
c1ccc(-c2cc3c(cc(-c4ccccc4)c4ccnc(-c5ccccc5)c43)c3c(-c4ccccc4)nccc23)cc1,1
O=C([O-])C#CC=CC#CC(=O)[O-].[O]S([O])(O)c1nccc2cc(F)c3c4c(S([O])([O])O)nccc4cc(F)c3c12,1
O=C([O-])c1cc2c(ccc3c4cc(C(=O)[O-])c(F)cc4ccc23)cc1F,1
CCC1C(Cl)C2(C(=O)[O-])C(Cl)CC1(C(=O)[O-])CC2CC,1
CCc1cc2c3cncc(CC)c3ccc2c2cnccc12,1
CNc1cc2ccc(C(=O)[O-])cc2c2ccc3c(Cl)cc(C(=O)[O-])cc3c12,1
COC1CC2(C(=O)[O-])CC(N)C1(C(=O)[O-])CC2N,1
COc1cncc2c1ccc1c3cnccc3ccc21,1
Nc1c(N)c2c3cc(C(=O)[O-])ccc3cc(N)c2c2cc(C(=O)[O-])ccc12,1
O=CC1CC2(C#CC(=O)[O-])CCC1(C#CC(=O)[O-])CC2C=O,1
[O]S([O])(O)c1cc2c3cc(C(=O)[O-])ccc3ccc2c2cc(C(=O)[O-])ccc12,1
[O]S([O])(O)c1nccc2ccc3c4cnccc4ccc3c12,1
O=[N+]([O-])c1cc2ccc3c4cnc([N+](=O)[O-])cc4ccc3c2cn1,1
O=C([O-])c1cc([N+](=O)[O-])c2c([N+](=O)[O-])c([N+](=O)[O-])c3c4cc(C(=O)[O-])cc([N+](=O)[O-])c4c([N+](=O)[O-])c([N+](=O)[O-])c3c2c1,1
CCCOc1cc2c3cnccc3c(OCCC)cc2c2cnccc12,1
Nc1cc2cc(-c3ccccc3)c3c4cnc(N)cc4cc(-c4ccccc4)c3c2cn1,1
Nc1c(C(=O)[O-])cc2c(c(N)cc3c4cc(C(=O)[O-])c(N)c(N)c4c(N)cc23)c1N,1
Nc1c([C]([C](c2ccccc2)c2ccc(C(=O)[O-])c(N)c2N)c2ccccc2)ccc(C(=O)[O-])c1N,1
N#Cc1c(C(=O)[O-])ccc2ccc3c(ccc4ccc(C(=O)[O-])c(C#N)c43)c12,1
O=C([O-])c1ccc(C2=N[N]C(c3ccc(C(=O)[O-])c([N+](=O)[O-])c3)=N[N]2)cc1[N+](=O)[O-],1
O=C([O-])c1cc(O)c2c([N+](=O)[O-])cc3c(cc([N+](=O)[O-])c4c(O)cc(C(=O)[O-])c(O)c43)c2c1O,1
O=[N+]([O-])c1cnc([N+](=O)[O-])c2c1ccc1c2ccc2c([N+](=O)[O-])cnc([N+](=O)[O-])c21,1
CCCOc1cc2c([N+](=O)[O-])cncc2c2c(OCCC)cc3c([N+](=O)[O-])cncc3c12,1
CCCOC1=N[CH]c2c(ccc3c4c(ccc23)[CH]C(OCCC)=N[CH]4)[CH]1,1
CCCOc1cc(C(=O)[O-])cc(Cl)c1N1C(=O)c2ccc3c4c(ccc(c24)C1=O)C(=O)N(c1c(Cl)cc(C(=O)[O-])cc1OCCC)C3=O,1
O=C([O-])c1ccc2ccc3c(ccc4ccc(C(=O)[O-])c(Cl)c43)c2c1Cl,1
Brc1cncc2c1ccc1c3cncc(Br)c3ccc21,1
COc1c(O)c(C(=O)[O-])c(OC)c2c1c(OC)c(OC)c1c3c(OC)c(C(=O)[O-])c(O)c(OC)c3c(OC)c(OC)c21,1
COc1c(O)c2c3c(c(OC)c(O)c4c3c1C(=O)N(c1c(O)c(O)c(C(=O)[O-])c(O)c1O)C4=O)C(=O)N(c1c(O)c(O)c(C(=O)[O-])c(O)c1O)C2=O,1
Oc1cnc(O)c2c1c(O)cc1c2cc(O)c2c(O)cnc(O)c21,1
Cc1cc2c3ccc4c5c(c(C)cc(c6ccc7c(c1C(=O)N(c1ccc(C(=O)[O-])cc1)C7=O)c62)c53)C(=O)N(c1ccc(C(=O)[O-])cc1)C4=O,1
Brc1cc2ccncc2c2c(Br)cc3ccncc3c12,1
O=C([O-])c1ccc(N2C(=O)c3ccc4c5c(F)cc6c7c(ccc(c8c(F)cc(c3c48)C2=O)c75)C(=O)N(c2ccc(C(=O)[O-])cc2)C6=O)cc1,1
CCCC1(CCC)C2(C(=O)[O-])C([N+](=O)[O-])C([N+](=O)[O-])C(C(=O)[O-])(C([N+](=O)[O-])C2[N+](=O)[O-])C1(CCC)CCC,1
O=C([O-])C12CCC(C(=O)[O-])(C([N+](=O)[O-])([N+](=O)[O-])C1([N+](=O)[O-])[N+](=O)[O-])C([N+](=O)[O-])([N+](=O)[O-])C2([N+](=O)[O-])[N+](=O)[O-],1
O=C(O)C1C(C(=O)O)C2(C(=O)[O-])C(C(=O)O)C(C(=O)O)C1(C(=O)[O-])C(O)(O)C2(O)O,1
CCCOC1C(OCCC)C2(C#CC(=O)[O-])CCC1(C#CC(=O)[O-])C(OCCC)C2OCCC,1
O=C([O-])C12C3(F)C4(F)C1(I)C1(F)C2(F)C3(I)C41C(=O)[O-],1
COC(=C(OC)c1cc(Br)c(C(=O)[O-])cc1Br)c1cc(Br)c(C(=O)[O-])cc1Br,1
Cc1cc(-c2nnc(-c3cc(C)c(C(=O)[O-])c(C)c3)nn2)cc(C)c1C(=O)[O-],1
CCCOc1c(F)c(N2C(=O)c3ccc4c5c(ccc(c35)C2=O)C(=O)N(c2c(F)c(OCCC)c(C(=O)[O-])c(OCCC)c2F)C4=O)c(F)c(OCCC)c1C(=O)[O-],1
O=C([O-])c1c(I)c(I)c(N2C(=O)c3ccc4c5ccc6c7c(ccc(c8ccc(c3c48)C2=O)c75)C(=O)N(c2c(I)c(I)c(C(=O)[O-])c(I)c2I)C6=O)c(I)c1I,1
N#Cc1cc(C(=O)[O-])c(C#N)cc1C(=O)[O-],1
N#Cc1nc(S([O])([O])O)c(C#N)nc1S([O])([O])O,1
[O]S([O])(O)C(C(=O)[O-])=C(C(=O)[O-])S([O])([O])O,1
Fc1nc(Cl)c(F)nc1Cl,1
O=C([O-])c1c(F)c(Cl)c(C(=O)[O-])c(F)c1Cl,1
CNc1c(NC)c(C(=O)[O-])c(NC)c(NC)c1C(=O)[O-],1
CNc1c(O)c(C(=O)[O-])c(O)c(NC)c1C(=O)[O-],1
CNc1c(O)c(C(=O)[O-])cc(O)c1C(=O)[O-],1
CNc1cc(C(=O)[O-])c(NC)c(O)c1C(=O)[O-],1
O=Cc1c(C(=O)[O-])ccc(C(=O)[O-])c1C=O,1
CCO[C]([C](O)C(=O)[O-])C(OCC)=C(O)C(=O)[O-],1
Nc1cncc(N)n1,1
O=C([O-])C=C(C(=O)O)C(=CC(=O)[O-])C(=O)O,1
c1ccc(-c2cnc(-c3ccccc3)cn2)cc1,1
CNC(=CC=C(NC)C(=O)[O-])C(=O)[O-],1
CNc1nc(F)c(NC)nc1F,1
Brc1cnc(Br)cn1,1
CC(C(=O)[O-])=C(C)C(C)=C(C)C(=O)[O-],1
O=Cc1cc2cc(C(=O)[O-])c(C=O)cc2cc1C(=O)[O-],1
CNc1cc(C(=O)[O-])cc2c(NC)cc(C(=O)[O-])cc12,1
O=C([O-])c1ccc(C(=O)[O-])c2c(Br)cccc12,1
CCc1c(C(=O)[O-])cc(OC)c(C(=O)[O-])c1OC,1
COc1cccc2c(C(=O)[O-])ccc(C(=O)[O-])c12,1
[O]S([O])(O)c1c([N+](=O)[O-])c([N+](=O)[O-])c(S([O])([O])O)c2c(C(=O)[O-])ccc(C(=O)[O-])c12,1
O=C([O-])c1c(I)c(I)c(C(=O)[O-])c2ccccc12,1
O=C([O-])c1ccc(C(=O)[O-])c(I)c1I,1
Nc1c(N)c(C(=O)[O-])c([N+](=O)[O-])c([N+](=O)[O-])c1C(=O)[O-],1
Nc1c(N)c([N+](=O)[O-])c2c(C(=O)[O-])ccc(C(=O)[O-])c2c1[N+](=O)[O-],1
CCc1c(CC)c(C(=O)[O-])c2c(CC)ccc(CC)c2c1C(=O)[O-],1
N#Cc1cncc(C#N)n1,1
O=C([O-])c1cc([N+](=O)[O-])c2ccc3c(C(=O)[O-])ccc(C(=O)O)c3c2c1,1
O=C([O-])c1c([N+](=O)[O-])cc2ccc3c(C(=O)[O-])cc([N+](=O)[O-])cc3c2c1[N+](=O)[O-],1
N#Cc1cc2c(C#N)c(C(=O)[O-])cc3c(C#N)cc4c(C#N)c(C(=O)[O-])cc1c4c32,1
O=C([O-])c1cc2c(Br)cc3c(-c4ccccc4)c(C(=O)[O-])cc4c(Br)cc(c1-c1ccccc1)c2c43,1
Cc1cc2c(C#N)c(C(=O)[O-])c(C#N)c3c(C)cc4c(C#N)c(C(=O)[O-])c(C#N)c1c4c23,1
Nc1c(C(=O)[O-])c(-c2ccccc2)c(N)c(C(=O)[O-])c1-c1ccccc1,1
N#Cc1c(C(=O)[O-])c(F)c2c(c(F)c(F)c3c4c(F)c(C(=O)[O-])c(C#N)c(C#N)c4c(F)c(F)c23)c1C#N,1
CCc1c(F)c(C(=O)[O-])c(F)c(CC)c1C(=O)[O-],1
CCCc1c(O)c(C(=O)[O-])c(O)c(CCC)c1C(=O)[O-],1
O=C([O-])C#CC(Br)=C(Br)C#CC(=O)[O-],1
Brc1nc(Br)c(Br)nc1Br,1
O=C([O-])c1c(Br)c(C(=O)O)c(C(=O)[O-])c(Br)c1C(=O)O,1
CCc1cc(C(=O)[O-])c(CC)c(CC)c1C(=O)[O-],1
O=C([O-])C12CCC(C(=O)[O-])(CC1)C(c1ccccc1)(c1ccccc1)C2,1
CCC1CC2(C(=O)[O-])CCC1(C(=O)[O-])C(CC)C2N,1
O=C([O-])C12CCC(C(=O)[O-])(CC1c1ccccc1)C(c1ccccc1)C2,1
O=C([O-])c1ccc(C(=O)[O-])c(-c2ccccc2)c1Br,1
[O]S([O])(O)C1(S([O])([O])O)C(F)(F)C2(C(=O)[O-])C(F)(F)C(F)C1(C(=O)[O-])C(F)(F)C2(S([O])([O])O)S([O])([O])O,1
[O]S([O])(O)c1cc(C(=O)[O-])c(F)c(F)c1C(=O)[O-],1
[O]S([O])(O)c1cc(C(=O)[O-])c(F)c(S([O])([O])O)c1C(=O)[O-],1
[O]S([O])(O)c1c(C(=O)[O-])ccc(C(=O)[O-])c1S([O])([O])O,1
COC1(OC)CC2(C(=O)[O-])C(OC)(OC)C(F)(OC)C1(C(=O)[O-])C(F)(OC)C2(OC)OC,1
COc1c(F)c(C(=O)[O-])c(F)c(OC)c1C(=O)[O-],1
COc1nc(F)c(F)nc1OC,1
O=CC1CC2(C(=O)[O-])CC(C=O)C1(C(=O)[O-])CC2(C=O)C=O,1
O=Cc1c(C(=O)[O-])c(C=O)c(C(=O)O)c(C(=O)[O-])c1C(=O)O,1
CNC1C(Cl)C2(C(=O)[O-])C(Cl)C(NC)C1(C(=O)[O-])CC2(Cl)Cl,1
N#CC1C(C#N)C2(C#CC(=O)[O-])C(C#N)C(C#N)C1(C#CC(=O)[O-])C(C#N)(C#N)C2(C#N)C#N,1
N#Cc1cc(C(=O)[O-])c(C#N)c(C#N)c1C(=O)[O-],1
N#Cc1cc(C(=O)[O-])cc(C#N)c1C(=O)[O-],1
O=CC1(C=O)CC2(C#CC(=O)[O-])CC(c3ccccc3)C1(C#CC(=O)[O-])C(c1ccccc1)C2,1
CCC12C3C4C5C(C41C(=O)[O-])C2(C(=O)O)C53C(=O)[O-],1
CCc1cc(C(=O)[O-])c(C(=O)O)cc1C(=O)[O-],1
O=C([O-])c1ccc(C(=O)[O-])c(C(=O)O)c1C(=O)O,1
O=C([O-])c1cc(C(=O)O)c(C(=O)[O-])c(C(=O)O)c1,1
COC12C3(C=O)C4(C=O)C5(C=O)C(C=O)(C1(OC)C53C(=O)[O-])C42C(=O)[O-],1
COc1c(OC)c(C(=O)[O-])c(C=O)c(C=O)c1C(=O)[O-],1
COc1c(OC)c(C(=O)[O-])c(OC)c(C=O)c1C(=O)[O-],1
COc1c(OC)c(C(=O)[O-])c(OC)c(OC)c1C(=O)[O-],1
CNc1cc(C(=O)[O-])ccc1C(=O)[O-],1
O=Cc1c(C(=O)[O-])cc(I)c(C(=O)[O-])c1I,1
O=Cc1cc(C(=O)[O-])c(C=O)c(I)c1C(=O)[O-],1
O=Cc1cc(C(=O)[O-])c(I)cc1C(=O)[O-],1
CCOC12C3(CC)C4(CC)C5(OCC)C(CC)(C1(CC)C35C(=O)[O-])C42C(=O)[O-],1
CNC12C3(NC)C4(NC)C5(NC)C(NC)(C1(NC)C35C(=O)[O-])C24C(=O)[O-],1
CCC12C3C4C5(CC)C(C1C35C(=O)[O-])C42C(=O)[O-],1
CCc1c(CC)c(C(=O)[O-])c(CC)c(CC)c1C(=O)[O-],1
O=C([O-])c1cc(C(=O)O)c(C(=O)[O-])c(C(=O)O)c1I,1
O=C([O-])C#CC12C3(I)C4(I)C5(C#CC(=O)[O-])C3(C(=O)O)C1(I)C5(C(=O)O)C42C(=O)O,1
CCCOC1=N[CH]C(OCCC)=N[CH]1,1
O=C([O-])C#CC12C3C4(I)C1(I)C1C2(I)C3(I)C14C#CC(=O)[O-],1
CCCOC12C3C4(I)C1(C#CC(=O)[O-])C1C2(I)C3(C#CC(=O)[O-])C14OCCC,1
CCCOc1c(I)c(C(=O)[O-])c(OCCC)c(I)c1C(=O)[O-],1
CCCc1c(C=Cc2cc(N)c(C(=O)[O-])c(CCC)c2CCC)cc(N)c(C(=O)[O-])c1CCC,1
Nc1cnc(N)cn1,1
CCOc1cc(C(=O)[O-])ccc1C=Cc1ccc(C(=O)[O-])cc1OCC,1
CCc1cc(C=Cc2cc(CC)c(C(=O)[O-])c(C=O)c2C=O)c(C=O)c(C=O)c1C(=O)[O-],1
[O]S([O])(O)c1cc(C2=N[N]C(c3cc(S([O])([O])O)c(C(=O)[O-])c(S([O])([O])O)c3)=N[N]2)cc(S([O])([O])O)c1C(=O)[O-],1
CCOc1cc(C(=O)[O-])ccc1N1C(=O)c2ccc3c4c(ccc(c24)C1=O)C(=O)N(c1ccc(C(=O)[O-])cc1OCC)C3=O,1
Cc1c(C(=O)[O-])c(C)c(C(=O)O)c(N2C(=O)c3ccc4c5c(ccc(c35)C2=O)C(=O)N(c2c(C(=O)O)c(C)c(C(=O)[O-])c(C)c2C(=O)O)C4=O)c1C(=O)O,1
Cc1cc(N2C(=O)c3cc(N)c4c5cc(C)c6c7c(cc(N)c(c8cc(C)c(c3c84)C2=O)c75)C(=O)N(c2cc(C)c(C(=O)[O-])cc2N)C6=O)c(N)cc1C(=O)[O-],1
O=C([O-])c1c(F)c([N+](=O)[O-])c(N2C(=O)c3cc(F)c4c5cc([N+](=O)[O-])c6c7c(cc(F)c(c8cc([N+](=O)[O-])c(c3c84)C2=O)c75)C(=O)N(c2c([N+](=O)[O-])c(F)c(C(=O)[O-])c([N+](=O)[O-])c2[N+](=O)[O-])C6=O)c([N+](=O)[O-])c1[N+](=O)[O-],1
CCOc1cc(C(=O)[O-])ccc1N1C(=O)c2ccc3c4ccc5c6c(ccc(c7ccc(c2c37)C1=O)c64)C(=O)N(c1ccc(C(=O)[O-])cc1OCC)C5=O,1
CCCOc1cc(C(=O)[O-])ccc1N1C(=O)c2ccc3c4cc(OCCC)c5c6c(ccc(c7cc(OCCC)c(c2c37)C1=O)c64)C(=O)N(c1ccc(C(=O)[O-])cc1OCCC)C5=O,1
O=C([O-])c1cc([N+](=O)[O-])c(C(=O)[O-])c([N+](=O)[O-])c1,1
N#Cc1nc(C#N)c(C#N)nc1C#N,1
O=C(O)c1nc(C(=O)O)c(C(=O)O)nc1C(=O)O,1
O=C([O-])c1c([N+](=O)[O-])cc(-c2ccc(-c3cc([N+](=O)[O-])c(C(=O)[O-])c([N+](=O)[O-])c3)cc2)cc1[N+](=O)[O-],1
CCCc1c(C(=O)[O-])cc(OC)c(C(=O)[O-])c1CCC,1
CCCc1cc(C(=O)[O-])c2c(c1C(=O)[O-])C(OC)C2,1
CC1Cc2c(C(=O)[O-])c(C#N)c(C#N)c(C(=O)[O-])c21,1
Cc1c(C(=O)[O-])cc(C#N)c(C(=O)[O-])c1C,1
N#Cc1cc(C(=O)[O-])ccc1C(=O)[O-],1
Cc1cc(C(=O)[O-])c(C)c(C)c1C(=O)[O-],1
O=C([O-])c1ccc(C(=O)[O-])c(Cl)c1Cl,1
O=C([O-])c1ccc(C(=O)[O-])c(F)c1F,1
O=C([O-])c1ccc(C(=O)[O-])c2c1C(Br)(Br)C2(Br)Br,1
CCOc1c(OCC)c(C(=O)[O-])c2c(c1C(=O)[O-])C(Br)C2Br,1
O=CC1c2c(C(=O)[O-])ccc(C(=O)[O-])c2C1C=O,1
O=Cc1nc(C=O)c(Br)nc1Br,1
O=C([O-])c1ccc(C(=O)[O-])c(Br)c1Br,1
CCOC1([N+](=O)[O-])c2c(C(=O)[O-])ccc(C(=O)[O-])c2C1(OCC)[N+](=O)[O-],1
O=[N+]([O-])c1cncc([N+](=O)[O-])n1,1
CCc1c(C(=O)[O-])ccc(C(=O)[O-])c1CC,1
O=Cc1cc(C(=O)[O-])cc(C=O)c1C(=O)[O-],1
Nc1cc(C(=O)[O-])cc(N)c1C(=O)[O-],1
CCc1c([N][N]c2ccc(C(=O)[O-])c(Cl)c2CC)ccc(C(=O)[O-])c1Cl,1
CCCc1c([N][N]c2ccc(C(=O)[O-])c(CCC)c2CCC)ccc(C(=O)[O-])c1CCC,1
O=C([O-])c1c(F)c(-c2c(F)ccc(F)c2F)c(C(=O)[O-])c(F)c1-c1c(F)ccc(F)c1F,1
COC1(OC)C(OC)(OC)C2(C(=O)[O-])C(C#N)(C#N)C(C#N)(C#N)C1(C(=O)[O-])C(C#N)(C#N)C2(C#N)C#N,1
N#CC1(C#N)C2(C(=O)[O-])CCC(C(=O)[O-])(CC2)C1(C#N)C#N,1
CCOC1(I)C(I)(OCC)C2(C(=O)[O-])C(I)(I)C(I)(I)C1(C(=O)[O-])C(I)(OCC)C2(I)OCC,1
CC12C3C4(C(=O)[O-])C1C1(Cl)C4C3(Cl)C21C(=O)[O-],1
O=C([O-])c1c(Cl)c(Cl)c(N2C(=O)c3ccc4c5c(ccc(c35)C2=O)C(=O)N(c2c(Cl)c(Cl)c(C(=O)[O-])c(Cl)c2Cl)C4=O)c(Cl)c1Cl,1
Nc1c(N)c2c3c(c(N)c(N)c4c3c1C(=O)N(c1ccc(C(=O)[O-])cc1)C4=O)C(=O)N(c1ccc(C(=O)[O-])cc1)C2=O,1
O=C([O-])c1cc([N+](=O)[O-])c(N2C(=O)c3ccc4c5ccc6c7c(ccc(c8ccc(c3c48)C2=O)c75)C(=O)N(c2c([N+](=O)[O-])cc(C(=O)[O-])cc2[N+](=O)[O-])C6=O)c([N+](=O)[O-])c1,1
CCOC1CC2(C(=O)[O-])CCC1(C(=O)[O-])C(OCC)C2,1
CCC1C(CC)C2(C#CC(=O)[O-])C(CC)(CC)C(CC)C1(C#CC(=O)[O-])C(NC)C2(CC)NC,1
N#CC=C(F)C#N,1
O=C([O-])C#CC12CCC(C#CC(=O)[O-])(C(F)C1Br)C(F)(Br)C2,1
CCCOc1c(C=Cc2ccc(C(=O)[O-])c(OCCC)c2OCCC)ccc(C(=O)[O-])c1OCCC,1
N#CC(=C(C#N)S([O])([O])O)S([O])([O])O,1
O=C([O-])C#CC(=C(C#CC(=O)[O-])c1ccccc1)c1ccccc1,1
O=C([O-])c1ccc([CH][CH]c2ccc(C(=O)[O-])c(-c3ccccc3)c2-c2ccccc2)c(-c2ccccc2)c1-c1ccccc1,1
O=C([O-])C#CC(C(=O)O)=C(C#CC(=O)[O-])C(=O)O,1
CCCOc1cc(C(=O)[O-])cc(C#N)c1C1=N[N]C(c2c(C#N)cc(C(=O)[O-])cc2OCCC)=N[N]1,1
CC(C#N)=C(C)C#N,1
Cc1c(C)c(N2C(=O)c3c(C)c(I)c4c5c(c(C)c(I)c(c35)C2=O)C(=O)N(c2c(C)c(C)c(C(=O)[O-])c(C)c2C)C4=O)c(C)c(C)c1C(=O)[O-],1
CCc1cc(N2C(=O)c3c(CC)c(CC)c4c5c(c(CC)c(CC)c(c35)C2=O)C(=O)N(c2cc(CC)c(C(=O)[O-])c(Cl)c2Cl)C4=O)c(Cl)c(Cl)c1C(=O)[O-],1
CCCOc1cc(C(=O)[O-])ccc1N1C(=O)c2cc(OCC)c3c4c(cc(OCC)c(c24)C1=O)C(=O)N(c1ccc(C(=O)[O-])cc1OCCC)C3=O,1
O=C([O-])c1ccc(N2C(=O)c3ccc4c5c(I)cc6c7c(ccc(c8c(I)cc(c3c48)C2=O)c75)C(=O)N(c2ccc(C(=O)[O-])c(I)c2)C6=O)cc1I,1
O=C([O-])C12CCC(C(=O)[O-])(CC1)C(c1ccccc1)C2,1
O=C([O-])C12CCC(C(=O)[O-])(C(Cl)C1)C(Br)C2Cl,1
COC1CC2(C(=O)[O-])CCC1(C(=O)[O-])C(OC)C2,1
OC1(F)N2CCN(C1(O)F)C(O)(F)C2(O)F,1
O=C([O-])C12CCC(C(=O)[O-])(C(O)(F)C1)C(O)(F)C2,1
CCCC1(C=O)CC2(C#CC(=O)[O-])CC(C=O)(CCC)C1(C#CC(=O)[O-])CC2(CCC)CCC,1
O=CC1(C=O)CC2(C(=O)[O-])CCC1(C(=O)[O-])CC2,1
O=CC1C(C=O)N2CCN1C(C=O)C2C=O,1
CCCC1(CCC)CC2(C(=O)[O-])CCC1(C(=O)[O-])CC2,1
CNC1C(O)(NC)C2(C(=O)[O-])C(O)(NC)C(NC)C1(C(=O)[O-])C(NC)(NC)C2(O)O,1
CN[C](NC)C(NC)(NC)N1C(O)C(O)[N]C(O)(O)C1(O)O,1
NC1(N)CC2(C(=O)[O-])CC(C(=O)O)C1(C(=O)[O-])C(C(=O)O)C2,1
N#CC1(N)C(N)(C#N)C2(C#CC(=O)[O-])C(N)(C#N)C(N)(C#N)C1(C#CC(=O)[O-])C(N)(N)C2(C#N)C#N,1
NC1C(N)N2CCN1C(O)C2O,1
NC1(N)CC2(C(=O)[O-])CCC1(C(=O)[O-])CC2,1
O=C([O-])C12CCC(C(=O)[O-])(CC1)C(Cl)(Cl)C2,1
CC1C([N+](=O)[O-])C2(C(=O)[O-])CCC1(C(=O)[O-])CC2,1
CC1C(C)C2(C(=O)[O-])CCC1(C(=O)[O-])CC2[N+](=O)[O-],1
O=C([O-])C12CCC(C(=O)[O-])(CC1)C([N+](=O)[O-])C2,1
CC12C3C4C5C3(C#CC(=O)[O-])C1C5([N+](=O)[O-])C42C#CC(=O)[O-],1
O=C([O-])C#CC12C3C4(Cl)C1(I)C1(I)C2(I)C3(I)C41C#CC(=O)[O-],1
O=C([O-])C#CC12C3C4C1C1(I)C4(C#CC(=O)[O-])C3(I)C21Cl,1
O=C([O-])C12C(Cl)C(Cl)(Cl)C(C(=O)[O-])(C(Cl)C1(Cl)I)C(Cl)(I)C2I,1
O=C([O-])C12C(Cl)C(Cl)C(C(=O)[O-])(C(I)C1(Cl)Cl)C(Cl)(I)C2Cl,1
O=C([O-])C12C(Cl)C(Cl)C(C(=O)[O-])(C(I)C1Cl)C(Cl)(I)C2(Cl)I,1
O=C([O-])C12C(I)C(I)C(C(=O)[O-])(C(I)(I)C1I)C(Cl)(Cl)C2(Cl)I,1
CCOC12C3(C#N)C4C5C(C#N)(C41C#CC(=O)[O-])C2(OCC)C53C#CC(=O)[O-],1
CCOC1C(C#N)N2C(C#N)C(OCC)N1C(C#N)(OCC)C2(OCC)OCC,1
CCOC1CC2(C(=O)[O-])CC(C#N)C1(C(=O)[O-])CC2(C#N)C#N,1
BrC1CN2CCN1CC2,1
O=C([O-])C12CC(O)C(C(=O)[O-])(C(O)C1)C(O)(O)C2(O)O,1
COC1(OC)CC2(C(=O)[O-])C([N+](=O)[O-])CC1(C(=O)[O-])CC2[N+](=O)[O-],1
NC1C(N)N2CCN1CC2,1
Nc1cc(N2C(=O)c3ccc4c5c(ccc(c35)C2=O)C(=O)N(c2ccc(C(=O)[O-])cc2)C4=O)ccc1C(=O)[O-],1
CCCOc1cc2c3c(ccc4c3c1C(=O)N(c1ccc(C(=O)[O-])cc1C=O)C4=O)C(=O)N(c1ccc(C(=O)[O-])cc1)C2=O,1
N#CC1C(C#N)N2CCN1CC2,1
N#Cc1cc(N2C(=O)c3ccc4c5c(cc(C#N)c(c35)C2=O)C(=O)N(c2ccc(C(=O)[O-])cc2)C4=O)ccc1C(=O)[O-],1
CC1(C)CC2(C(=O)[O-])CCC1(C(=O)[O-])CC2,1
FC1C(F)N2CCN1CC2,1
O=Cc1cc(C(=O)[O-])c(F)cc1N1C(=O)c2ccc3c4c(F)c(C=O)c5c6c(c(F)c(F)c(c7cc(C=O)c(c2c73)C1=O)c64)C(=O)N(c1cc(F)c(C(=O)[O-])cc1F)C5=O,1
OC1C(O)N2CCN1C(O)C2O,1
O=C([O-])C12CCC(C(=O)[O-])(C(Cl)C1)C(Cl)C2,1
O=C([O-])c1ccc(N2C(=O)c3ccc4c5ccc6c7c(ccc(c8ccc(c3c48)C2=O)c75)C(=O)N(c2c(Cl)cc(C(=O)[O-])c(Cl)c2Cl)C6=O)cc1O,1
CCc1cc2c3ccc4c5c(c(C)cc(c6ccc7c(c1C(=O)N(c1ccc(C(=O)[O-])cc1)C7=O)c62)c53)C(=O)N(c1ccc(C(=O)[O-])cc1)C4=O,1
Cc1cc2c3cc(C(=O)O)c4c5c(ccc(c6ccc7c(c1C(=O)N(c1ccc(C(=O)[O-])cc1)C7=O)c62)c53)C(=O)N(c1ccc(C(=O)[O-])cc1)C4=O,1
N#CC12C(F)(F)C(F)(F)C(C#N)(C(F)([N+](=O)[O-])C1(F)[N+](=O)[O-])C(F)([N+](=O)[O-])C2(F)[N+](=O)[O-],1
O=C([O-])C#CC12C(F)C(F)([N+](=O)[O-])C(C#CC(=O)[O-])(C(F)([N+](=O)[O-])C1F)C(F)(F)C2([N+](=O)[O-])[N+](=O)[O-],1
O=C([O-])C12C3(F)C4(F)C1(F)C1(F)C2(F)C3(F)C41C(=O)[O-],1
CCCC12C3C4C5C(C1C53C#CC(=O)[O-])C42C#CC(=O)[O-],1
O=C([O-])C#CC12CCC(C#CC(=O)[O-])(CC1)C([N+](=O)[O-])C2[N+](=O)[O-],1
N#CC12CCC(C#N)(C(C=O)C1)C(S([O])([O])O)(S([O])([O])O)C2,1
CC1(I)C(I)C2(C#N)C(I)(I)C(C)(I)C1(C#N)C(C)(I)C2(I)I,1
CC1(I)C(I)C2(C#CC(=O)[O-])C(C)(I)C(C)(I)C1(C#CC(=O)[O-])C(C)(I)C2(I)I,1
CC12C3(I)C4(C)C5(I)C(C)(C1(I)C35C#CC(=O)[O-])C24C#CC(=O)[O-],1
CC1CC2(C#CC(=O)[O-])C(C)CC1(C#CC(=O)[O-])C(C)C2C#N,1
N#CC1CC2(C#N)CCC1(C#N)C(C#N)C2,1
N#CC12CC([N+](=O)[O-])C(C#N)(C(c3ccccc3)C1[N+](=O)[O-])C([N+](=O)[O-])C2,1
O=C([O-])C#CC12CC(c3ccccc3)C(C#CC(=O)[O-])(C(c3ccccc3)C1c1ccccc1)C([N+](=O)[O-])C2,1
O=C([O-])c1cc(-c2ccccc2)c([CH][CH]c2ccc(C(=O)[O-])c([N+](=O)[O-])c2[N+](=O)[O-])cc1[N+](=O)[O-],1
N#CC12CC(F)([N+](=O)[O-])C(C#N)(C([N+](=O)[O-])C1(F)[N+](=O)[O-])C(F)(F)C2F,1
O=C([O-])c1ccc(C=C(c2c(F)c(F)c(C(=O)[O-])c([N+](=O)[O-])c2F)[N+](=O)[O-])c([N+](=O)[O-])c1,1
O=C([O-])C#CC12CC([N+](=O)[O-])([N+](=O)[O-])C(C#CC(=O)[O-])(C([N+](=O)[O-])C1F)C([N+](=O)[O-])C2([N+](=O)[O-])[N+](=O)[O-],1
N[C]([C](N)c1cc(I)c(C(=O)[O-])cc1I)c1cc(I)c(C(=O)[O-])c(I)c1,1
N#CC12CC(I)(I)C(C#N)(C(N)(I)C1I)C(N)(I)C2(N)N,1
NC1(N)CC2(C#CC(=O)[O-])C(I)C(N)(N)C1(C#CC(=O)[O-])CC2(N)I,1
CCOc1cc(C(=O)[O-])cc(OCC)c1-c1nnc(-c2c(F)cc(C(=O)[O-])cc2F)nn1,1
O=C([O-])C#CC12CCC(C#CC(=O)[O-])(C(F)(F)C1F)C(F)(F)C2F,1
CCOC1CC2(C#CC(=O)[O-])CCC1(C#CC(=O)[O-])C(OCC)C2,1
CCOc1cc(C(=O)[O-])cc(OCC)c1-c1nnc(-c2ccc(C(=O)[O-])cc2)nn1,1
CCCOC1C(OCCC)C2(C#N)C(OCCC)C(OCCC)C1(C#N)C(I)(OCCC)C2(I)OCCC,1
O=C([O-])c1cc(I)c(-c2nnc(-c3cc(I)c(C(=O)[O-])c(I)c3)nn2)c(I)c1,1
O=C([O-])C#CC12CCC(C#CC(=O)[O-])(CC1)C(I)(I)C2(I)I,1
CCC1([N+](=O)[O-])CC2(C#CC(=O)[O-])CCC1(C#CC(=O)[O-])C(CC)([N+](=O)[O-])C2,1
CCC1C(CC)C2(C#N)CCC1(C#N)CC2,1
CCCC1(Cl)CC2(C#CC(=O)[O-])CC(Cl)(CCC)C1(C#CC(=O)[O-])CC2(CCC)CCC,1
N#CC12CCC(C#N)(C(Cl)C1Cl)C(Cl)(Cl)C2(Cl)Cl,1
N#CC12CCC(C#N)(CC1)C(C(=O)O)C2C(=O)O,1
N#CC12CCC(C#N)(CC1)C(O)C2O,1
[O]S([O])(O)C1(S([O])([O])O)CC2(C#CC(=O)[O-])C(O)C(O)C1(C#CC(=O)[O-])C(O)C2O,1
N#CC12CCC(C#N)(C(C(=O)O)C1C(=O)O)C(S([O])([O])O)C2S([O])([O])[O],1
CNC1C(NC)C2(C#N)CCC1(C#N)CC2,1
O=C([O-])c1ccc(N2C(=O)c3ccc4c5c(cc(I)c(c35)C2=O)C(=O)N(c2ccc(C(=O)[O-])c(I)c2)C4=O)c(I)c1,1
CNc1cc2c3c(ccc4c3c1C(=O)N(c1ccc(C(=O)[O-])cc1)C4=O)C(=O)N(c1ccc(C(=O)[O-])cc1)C2=O,1
N#CC12CCC(C#N)(C(N)C1N)C(C=O)C2C=O,1
NC1(N)CC2(C#CC(=O)[O-])CCC1(C#CC(=O)[O-])CC2,1
Nc1cc2c3c(ccc4c3c1C(=O)N(c1ccc(C(=O)[O-])cc1)C4=O)C(=O)N(c1ccc(C(=O)[O-])cc1)C2=O,1
N#CC12CCC(C#N)(CC1)C(c1ccccc1)C2c1ccccc1,1
N#Cc1cc(N2C(=O)c3ccc4c5c(ccc(c35)C2=O)C(=O)N(c2ccc(C(=O)[O-])cc2)C4=O)ccc1C(=O)[O-],1
CNc1cc2c3ccc4c5c(ccc(c6ccc7c(c1C(=O)N(c1ccc(C(=O)[O-])cc1)C7=O)c62)c53)C(=O)N(c1ccc(C(=O)[O-])c(Cl)c1)C4=O,1
CCc1cc(N2C(=O)c3ccc4c5ccc6c7c(ccc(c8c(CC)cc(c3c48)C2=O)c75)C(=O)N(c2ccc(C(=O)[O-])cc2CC)C6=O)ccc1C(=O)[O-],1
O=C([O-])C12C3C4C1C1([N+](=O)[O-])C2C3([N+](=O)[O-])C41C(=O)[O-],1
O=C(O)C12C3C4N1C1C2N3C41C(=O)O,1
O=C([O-])C12C3C4C5(C(=O)[O-])C(C1C35C(=O)O)C42C(=O)O,1
COC12C3C4(C)C1(C#CC(=O)[O-])C1C2(C)C3(C#CC(=O)[O-])C14OC,1
COC12C3C4N1C1C2N3C41OC,1
O=CC12C3C4N1C1C2N3C41C=O,1
[O]S([O])(O)C12C3(Br)C4(Br)C1(C#CC(=O)[O-])C1(Br)C2(Br)C3(C#CC(=O)[O-])C41S([O])([O])O,1
[O]S([O])(O)C12C3C4(Br)C1(C(=O)[O-])C1C2(Br)C3(C(=O)[O-])C14S([O])([O])O,1
OC12C3C4N1C1C2N3C41O,1
O=C([O-])C12C3C4C1(F)C1C2C3(F)C41C(=O)[O-],1
CCCC12C3C4C5C(C1C53C(=O)[O-])C42C(=O)[O-],1
CCCc1c(-c2nnc(-c3ccc(C(=O)[O-])c(S([O])([O])O)c3CCC)nn2)ccc(C(=O)[O-])c1S([O])([O])O,1
FC12C3C4N1C1C2N3C41F,1
O=C([O-])C12C3C4(F)C5(C(=O)[O-])C(C1(F)C35[N+](=O)[O-])C42[N+](=O)[O-],1
O=C([O-])c1cc(F)c(C2=N[N]C(c3c(F)cc(C(=O)[O-])cc3[N+](=O)[O-])=N[N]2)c([N+](=O)[O-])c1,1
OC12C3N4C5(O)C(N1C35Br)C42Br,1
O=C([O-])c1c(Br)cc(C2=N[N]C(c3cc(Br)c(C(=O)[O-])c(O)c3O)=N[N]2)c(O)c1O,1
N#Cc1cc(N2C(=O)c3ccc4c5c(ccc(c35)C2=O)C(=O)N(c2ccc(C(=O)[O-])c(C#N)c2)C4=O)ccc1C(=O)[O-],1
O=C(O)C12N3C4(Cl)C1(C(=O)O)N1C2(Cl)C3(C(=O)O)C14C(=O)O,1
O=C([O-])c1c(Cl)c(C(=O)O)c(N2C(=O)c3c(C(=O)O)c(C(=O)O)c4c5c(c(C(=O)O)c(C(=O)O)c(c35)C2=O)C(=O)N(c2c(Cl)c(C(=O)O)c(C(=O)[O-])c(Cl)c2C(=O)O)C4=O)c(Cl)c1C(=O)O,1
O=C([O-])C12C3(Cl)C4(C(=O)O)C5(C(=O)[O-])C(Cl)(C14C(=O)O)C2(C(=O)O)C35C(=O)O,1
CCCOC12C3C4(OCCC)C5(OCCC)C(C1(OCCC)C35C(=O)[O-])C24C(=O)[O-],1
O=CC12N3C4(C=O)C1(C=O)N1C2(C=O)C3(C=O)C14C=O,1
O=Cc1cc(N2C(=O)c3ccc4c5c(ccc(c35)C2=O)C(=O)N(c2cc(C=O)c(C(=O)[O-])cc2C=O)C4=O)c(C=O)cc1C(=O)[O-],1
CCCOC12C3C4(N)C5(OCCC)C(C1(N)C35C(=O)[O-])C42C(=O)[O-],1
CCCOC12N3C4(N)C1(N)N1C2(N)C3(N)C14OCCC,1
CCCOc1c(N)c2c3c(c(OCCC)c(N)c4c3c1C(=O)N(c1c(N)cc(C(=O)[O-])c(N)c1N)C4=O)C(=O)N(c1c(N)cc(C(=O)[O-])c(N)c1N)C2=O,1
[O]S([O])(O)C12C3N4C1(F)C1N2C3(F)C14S([O])([O])O,1
[O]S([O])(O)c1cc(N2C(=O)c3c(F)c(S([O])([O])O)c4c5c(F)c(S([O])([O])O)c6c7c(c(F)c(S([O])([O])O)c(c8c(F)c(S([O])([O])O)c(c3c84)C2=O)c75)C(=O)N(c2cc(F)c(C(=O)[O-])c(S([O])([O])O)c2)C6=O)cc(F)c1C(=O)[O-],1
[O]S([O])(O)C12C3C4(F)C1(C(=O)[O-])C1C2(F)C3(C(=O)[O-])C14S([O])([O])O,1
O=C([O-])c1ccc(N2C(=O)c3ccc4c5c(I)cc6c7c(ccc(c8c(I)cc(c3c48)C2=O)c75)C(=O)N(c2ccc(C(=O)[O-])cc2)C6=O)cc1,1
ClC12C3C4N1C1C2N3C41Cl,1
O=C([O-])c1cc(Cl)c(N2C(=O)c3cc([N+](=O)[O-])c4c5c(Cl)c([N+](=O)[O-])c6c7c(cc([N+](=O)[O-])c(c8c(Cl)c([N+](=O)[O-])c(c3c48)C2=O)c75)C(=O)N(c2cc([N+](=O)[O-])c(C(=O)[O-])cc2Cl)C6=O)cc1[N+](=O)[O-],1
O=C([O-])C12C3C4(Cl)C5(C(=O)[O-])C(C1(Cl)C35[N+](=O)[O-])C42[N+](=O)[O-],1
O=C([O-])C#CC12C3C4(Cl)C5(C#CC(=O)[O-])C(C1(Cl)C35c1ccccc1)C42c1ccccc1,1
N#CC12C3(O)C4(C(=O)O)C5(C#N)C(O)(C14C(=O)O)C2(C(=O)O)C35C(=O)O,1
O=C(O)C(=C(C(=O)O)c1c(O)c(C(=O)O)c(C(=O)[O-])c(C(=O)O)c1C(=O)O)c1c(O)c(C(=O)O)c(C(=O)[O-])c(C(=O)O)c1C(=O)O,1
O=C([O-])C#CC12C3(O)C4(O)C5(C#CC(=O)[O-])C(O)(C1(O)C35C(=O)O)C42C(=O)O,1
COC12C3C4(C#N)C5(OC)C(C1(C#N)C35C(=O)O)C42C(=O)O,1
COC12C3C4(C#CC(=O)[O-])C1(OC)C1C2(C#CC(=O)[O-])C3(OC)C14OC,1
COc1c(OC)c(C2=N[N]C(c3c(OC)c(OC)c(C(=O)[O-])c(OC)c3C(=O)O)=N[N]2)c(C(=O)O)c(OC)c1C(=O)[O-],1
N#CC12C3C4C1(O)C1C2C3(O)C41C#N,1
[O]S([O])(O)c1c(C(=O)[O-])cc(O)c(N2C(=O)c3ccc4c5c(ccc(c35)C2=O)C(=O)N(c2c(O)cc(C(=O)[O-])c(S([O])([O])O)c2S([O])([O])O)C4=O)c1S([O])([O])O,1
N#CC12C3C4C5(C#N)C(C1C35[N+](=O)[O-])C42[N+](=O)[O-],1
O=C([O-])c1cc([N+](=O)[O-])c(N2C(=O)c3c([N+](=O)[O-])c([N+](=O)[O-])c4c5c(c([N+](=O)[O-])c([N+](=O)[O-])c(c35)C2=O)C(=O)N(c2cc(Cl)c(C(=O)[O-])cc2[N+](=O)[O-])C4=O)cc1Cl,1
O=C([O-])c1ccc(N2C(=O)c3cc(Cl)c4c5c(cc(Cl)c(c35)C2=O)C(=O)N(c2ccc(C(=O)[O-])cc2)C4=O)cc1,1
O=C([O-])C#CC12C3C4C5(C#CC(=O)[O-])C(C1C35C(=O)O)C42C(=O)O,1
O=C([O-])c1cc(C(=O)O)c(N2C(=O)c3ccc4c5c(O)cc6c7c(ccc(c8c(O)cc(c3c48)C2=O)c75)C(=O)N(c2c(C(=O)O)cc(C(=O)[O-])c(O)c2C(=O)O)C6=O)c(C(=O)O)c1O,1
N#CC12C3C4([N+](=O)[O-])C5(C#N)C(C14[N+](=O)[O-])C2([N+](=O)[O-])C35[N+](=O)[O-],1
O=C([O-])c1ccc(N2C(=O)c3c([N+](=O)[O-])cc4c5c([N+](=O)[O-])c([N+](=O)[O-])c6c7c(c([N+](=O)[O-])cc(c8c([N+](=O)[O-])c([N+](=O)[O-])c(c3c48)C2=O)c75)C(=O)N(c2ccc(C(=O)[O-])c([N+](=O)[O-])c2[N+](=O)[O-])C6=O)c([N+](=O)[O-])c1[N+](=O)[O-],1
[O]S([O])(O)c1cnc(O)cc1C=Cc1cc(O)ncc1S([O])([O])O,1
[O]S([O])(O)c1cc(C2=N[N]C(c3cc(S([O])([O])O)c(C(=O)[O-])cc3S([O])([O])O)=N[N]2)c(S([O])([O])O)cc1C(=O)[O-],1
[O]S([O])(O)c1cc(C(=O)[O-])ccc1C=Cc1ccc(C(=O)[O-])cc1S([O])([O])O,1
O=Cc1cnccc1C=Cc1ccncc1C=O,1
CCC(=C(CC)c1ccc(C(=O)[O-])cc1)c1ccc(C(=O)[O-])cc1,1
CCc1cc(C(=O)[O-])ccc1-c1nnc(-c2ccc(C(=O)[O-])cc2CC)nn1,1
CN[C]([C](NC)c1cc(NC)ncc1NC)c1cc(NC)ncc1NC,1
CNc1cc(C(=O)[O-])ccc1C1=N[N]C(c2ccc(C(=O)[O-])cc2NC)=N[N]1,1
O=C([O-])c1ccc([C]([C](c2ccc(C(=O)[O-])cc2)[N+](=O)[O-])[N+](=O)[O-])cc1,1
CCCO[C]1[C]([C](OCCC)C(OCCC)=C2[C](OCCC)C(OCCC)=NC=C2OCCC)C(OCCC)=CN=C1OCCC,1
CCCOc1cc(C(=O)[O-])cc(C)c1C1=N[N]C(c2c(C)cc(C(=O)[O-])cc2OCCC)=N[N]1,1
CCc1cc(C(=O)[O-])c(F)cc1N1C(=O)c2cc(CC)c3c4c(cc(CC)c(c24)C1=O)C(=O)N(c1cc(F)c(C(=O)[O-])cc1CC)C3=O,1
CCc1cc(C=Cc2cc(CC)ncc2CC)c(CC)cn1,1
O=C([O-])c1cc(F)c([CH][CH]c2cc(F)c(C(=O)[O-])cc2F)cc1F,1
O=C([O-])c1cc(C(=O)O)c(N2C(=O)c3ccc4c5c(ccc(c35)C2=O)C(=O)N(c2c(C(=O)O)cc(C(=O)[O-])c(Cl)c2Cl)C4=O)c(Cl)c1Cl,1
O=C(O)C(=C(C(=O)O)c1cc(Cl)c(C(=O)[O-])c(C(=O)O)c1Cl)c1cc(Cl)c(C(=O)[O-])c(C(=O)O)c1Cl,1
O=C(O)c1nc(C(=O)O)c(C(=O)O)c(C=Cc2c(C(=O)O)c(C(=O)O)nc(C(=O)O)c2C(=O)O)c1C(=O)O,1
CCCOc1c(F)c2c3c(c(F)c(F)c4c5c(OCCC)c(F)c6c7c(c(F)c(F)c(c1c34)c75)C(=O)N(c1cc(F)c(C(=O)[O-])c(F)c1F)C6=O)C(=O)N(c1cc(F)c(C(=O)[O-])c(F)c1F)C2=O,1
CCCOc1c(F)c(C(=O)[O-])cc(F)c1[CH][CH]c1c(F)cc(C(=O)[O-])c(F)c1OCCC,1
CCCOc1cc2c3c(OCCC)c(OCCC)c4c5c(c(OCCC)cc(c6c(OCCC)c(OCCC)c7c(c1C(=O)N(c1c(Cl)cc(C(=O)[O-])c(Cl)c1Cl)C7=O)c26)c53)C(=O)N(c1c(Cl)cc(C(=O)[O-])c(Cl)c1Cl)C4=O,1
Clc1nc(Cl)c(Cl)c(-c2nnc(-c3c(Cl)c(Cl)nc(Cl)c3Cl)nn2)c1Cl,1
O=C([O-])c1c(Cl)c(Cl)c(C2=N[N]C(c3c(Cl)c(Cl)c(C(=O)[O-])c(Cl)c3Cl)=N[N]2)c(Cl)c1Cl,1
O=C([O-])c1c(C(=O)O)c(C(=O)O)c(-c2nnc(-c3c(C(=O)O)c(C(=O)O)c(C(=O)[O-])c(C(=O)O)c3C(=O)O)nn2)c(C(=O)O)c1C(=O)O,1
O=C(O)c1cncc(C(=O)O)c1-c1nnc(-c2c(C(=O)O)cncc2C(=O)O)nn1,1
O=C([O-])c1ccc(N2C(=O)c3c(C(=O)O)cc4c5c(C(=O)O)c(C(=O)O)c6c7c(c(C(=O)O)cc(c8c(C(=O)O)c(C(=O)O)c(c3c48)C2=O)c75)C(=O)N(c2ccc(C(=O)[O-])cc2C(=O)O)C6=O)c(C(=O)O)c1,1
CCCc1c(-c2ccc(C(=O)[O-])c(CC)c2CCC)ccc(C(=O)[O-])c1CC,1
Brc1cnccc1-c1ccncc1Br,1
CCCOc1c(C(=O)[O-])ccc(-c2ccc(C(=O)[O-])c(OCCC)c2I)c1I,1
Ic1cnccc1-c1ccncc1I,1
NC(=CC(=O)[O-])C(N)=CC(=O)[O-],1
Nc1cc(-c2ccncc2)cc(N)n1,1
Oc1c(F)nc(F)c(O)c1-c1ccncc1,1
CNc1nc(NC)c(NC)c(-c2ccncc2)c1NC,1
CNc1cc(-c2cc(NC)c(C(=O)[O-])cc2F)c(F)cc1C(=O)[O-],1
CCc1cc(-c2cc(CC)c(C(=O)[O-])c(NC)c2)cc(NC)c1C(=O)[O-],1
[O]S([O])(O)c1cncc(S([O])([O])O)c1-c1ccncc1,1
CCCOc1cncc(OCCC)c1-c1ccncc1,1
CNc1cnccc1-c1ccncc1NC,1
N#Cc1cc(-c2ccc(C(=O)[O-])c(C#N)c2)ccc1C(=O)[O-],1
CCCOc1c(C(=O)[O-])c(F)cc2c(OCCC)c(C(=O)[O-])c(F)cc12,1
CCCOc1c(C(=O)[O-])ccc(-c2ccc(C(=O)[O-])c(OCCC)c2F)c1F,1
CNc1c(NC)c(C(=O)[O-])c2ccccc2c1C(=O)[O-],1
CNc1cncc(NC)c1-c1ccncc1,1
CCc1cc2c(C(=O)[O-])c3cc(CC)c(CC)cc3c(C(=O)[O-])c2cc1CC,1
COc1cc(C(=O)[O-])c2ccc3ccc(C(=O)[O-])cc3c2c1,1
CCOc1cnccc1-c1ccncc1,1
O=C([O-])c1ccc2ccc3c(C(=O)[O-])cc([N+](=O)[O-])cc3c2c1,1
[O]S([O])(O)c1c(C=O)c2cc(C(=O)[O-])cc3c(S([O])([O])O)c(C=O)c4cc(C(=O)[O-])cc1c4c23,1
[O]S([O])(O)c1cc(-c2cc(S([O])([O])O)c(C(=O)[O-])c(S([O])([O])O)c2)cc(S([O])([O])O)c1C(=O)[O-],1
CCCOc1c(C(=O)[O-])cc2ccc3c(OCCC)c(C(=O)[O-])cc4ccc1c2c43,1
CNc1cc2c(F)c(C(=O)[O-])c(NC)c3c(NC)cc4c(F)c(C(=O)[O-])c(NC)c1c4c23,1
O=[N+]([O-])c1cc(-c2ccnc([N+](=O)[O-])c2)ccn1,1
Oc1c(Br)nc(Br)c(O)c1-c1c(O)c(Br)nc(Br)c1O,1
O=C([O-])c1cc(O)c(-c2c(O)cc(C(=O)[O-])c(Br)c2O)c(O)c1Br,1
O=C([O-])c1cc2c(c(O)c(Br)c3c4cc(C(=O)[O-])c(O)c(Br)c4c(O)c(Br)c23)c(Br)c1O,1
CCCOc1cc2cc(OCCC)c3c4c(OCCC)c(C(=O)[O-])c(OCCC)cc4cc(OCCC)c3c2c(OCCC)c1C(=O)[O-],1
CCc1cc(-c2cc(CC)c(C(=O)[O-])c(CC)c2CC)c(CC)c(CC)c1C(=O)[O-],1
CCc1cnccc1-c1ccncc1CC,1
CCOc1c(OCC)c(-c2c(OCC)c(OCC)c(C(=O)[O-])c(OCC)c2OCC)c(OCC)c(OCC)c1C(=O)[O-],1
O=C([O-])c1c(Br)cc(-c2cc(Br)c(C(=O)[O-])c(Br)c2)cc1Br,1
N#Cc1cc(-c2cc(C#N)nc(C#N)c2)cc(C#N)n1,1
Nc1cc(C(=O)[O-])cc(Cl)c1-c1c(N)cc(C(=O)[O-])cc1Cl,1
CCCOc1cc(-c2ccnc(OCCC)c2)ccn1,1
CCCOc1cc(-c2cc(OCCC)c(C(=O)[O-])cc2CC)c(CC)cc1C(=O)[O-],1
CNc1cc(-c2ccnc(NC)c2)ccn1,1
Nc1nc(Cl)c(Cl)c(-c2c(N)c(N)nc(Cl)c2Cl)c1N,1
CCCOC1CC2(C(=O)[O-])CCC1(C(=O)[O-])C(OCCC)C2,1
O=C([O-])c1ccc(-c2c(-c3ccccc3)cc(C(=O)[O-])cc2-c2ccccc2)cc1,1
COc1cc(C(=O)[O-])cc(OC)c1-c1c(Cl)cc(C(=O)[O-])cc1Cl,1
COc1cncc(Cl)c1-c1c(Cl)cncc1OC,1
O=C([O-])C#CC12CCC(C#CC(=O)[O-])(C(Cl)(Cl)C1)C(Cl)(Cl)C2,1
Clc1cc(-c2cc(Cl)nc(Cl)c2Cl)c(Cl)c(Cl)n1,1
CC1(C)C(Cl)(Cl)C2(C#CC(=O)[O-])C(C)(Cl)C(C)(Cl)C1(C#CC(=O)[O-])C(C)(Cl)C2(C)Cl,1
Cc1cc(-c2c(C)c(Cl)c(C(=O)[O-])c(Cl)c2C)cc(C)c1C(=O)[O-],1
CCOC12C3(OCC)C4(OCC)C5(OCC)C(OCC)(C1(OCC)C35C(=O)[O-])C24C(=O)[O-],1
CCC12C3C4(C#CC(=O)[O-])C1(CC)C1C2(C#CC(=O)[O-])C3(CC)C14CC,1
CCc1cc(-c2cc(CC)c(C(=O)[O-])cc2CC)c(CC)cc1C(=O)[O-],1
CCCOc1cnccc1-c1ccncc1OCCC,1
CO[C]([C](OC)c1c(OC)c(OC)c(C(=O)[O-])c(C(=O)O)c1OC)c1c(OC)c(OC)c(C(=O)[O-])c(C(=O)O)c1OC,1
COc1c(OC)c(-c2c(OC)c(OC)c(C(=O)[O-])c(C(=O)O)c2C(=O)O)c(C(=O)O)c(C(=O)O)c1C(=O)[O-],1
COc1c(C(=O)O)nc(C(=O)O)c(OC)c1-c1c(OC)c(C(=O)O)nc(C(=O)O)c1OC,1
CCCc1cc(-c2ccnc(CCC)c2)ccn1,1
CCCOc1cc(-c2cc(O)c(C(=O)[O-])c(OCCC)c2)cc(O)c1C(=O)[O-],1
O=C([O-])c1ccc(-c2ccc(C(=O)[O-])c(-c3ccccc3)c2)cc1-c1ccccc1,1
Nc1cc(C(=O)[O-])ccc1[C](C=O)[C](C=O)c1ccc(C(=O)[O-])cc1N,1
O=C([O-])c1c([N+](=O)[O-])cc(-c2cc([N+](=O)[O-])c(C(=O)[O-])c([N+](=O)[O-])c2[N+](=O)[O-])c([N+](=O)[O-])c1[N+](=O)[O-],1
O=C([O-])c1ccc(C=Cc2ccc(C(=O)[O-])cc2[N+](=O)[O-])c([N+](=O)[O-])c1,1
O=[N+]([O-])c1cnccc1-c1ccncc1[N+](=O)[O-],1
CCCc1cc(C(=O)[O-])ccc1-c1ccc(C(=O)[O-])cc1CCC,1
CCCc1nccc(-c2ccnc(CCC)c2N)c1N,1
O=Cc1cc(C2=N[N]C(c3cc(C=O)c(C(=O)[O-])c(C=O)c3)=N[N]2)cc(C=O)c1C(=O)[O-],1
O=C([O-])c1cc(O)c(-c2c(O)cc(C(=O)[O-])cc2O)c(O)c1,1
O=C([O-])c1c(I)cc(C2=N[N]C(c3cc(I)c(C(=O)[O-])c(I)c3)=N[N]2)cc1I,1
O=C([O-])c1ccc(N2C(=O)c3ccc4c5c(ccc(c35)C2=O)C(=O)N(c2ccc(C(=O)[O-])c(I)c2)C4=O)cc1I,1
Nc1cc(-c2cc(N)nc(N)c2)cc(N)n1,1
Nc1cc(-c2cc(N)c(C(=O)[O-])c(N)c2)cc(N)c1C(=O)[O-],1
CCCOc1cc2c3c(ccc4c5c(OCCC)cc6c7c(ccc(c1c34)c75)C(=O)N(c1cc([N+](=O)[O-])c(C(=O)[O-])cc1[N+](=O)[O-])C6=O)C(=O)N(c1cc([N+](=O)[O-])c(C(=O)[O-])cc1[N+](=O)[O-])C2=O,1
CCCOc1cncc(OCCC)c1-c1c(OCCC)cncc1OCCC,1
O=C([O-])c1ccc(N2C(=O)c3ccc4c5cc(C(=O)O)c6c7c(ccc(c8cc(C(=O)O)c(c3c48)C2=O)c75)C(=O)N(c2ccc(C(=O)[O-])cc2)C6=O)cc1,1
Oc1c(Cl)nc(Cl)c(O)c1-c1c(O)c(Cl)nc(Cl)c1O,1
O=C([O-])c1c(Cl)cc(-c2cc(Cl)c(C(=O)[O-])c(Cl)c2)cc1Cl,1
O=C([O-])c1c(O)cc(N2C(=O)c3c(O)cc4c5c(Cl)c(Cl)c6c7c(c(O)cc(c8c(Cl)c(Cl)c(c3c48)C2=O)c75)C(=O)N(c2cc(O)c(C(=O)[O-])c(Cl)c2O)C6=O)c(O)c1Cl,1
CCOc1cc(-c2cc(OCC)c(C(=O)[O-])c(OCC)c2)cc(OCC)c1C(=O)[O-],1
O=C([O-])c1c(O)cc(-c2c(O)c(O)c(-c3cc(O)c(C(=O)[O-])c(O)c3)c(O)c2O)cc1O,1
CCOC1(OC)c2c(C(=O)[O-])ccc(C(=O)[O-])c2C1(OC)OCC,1
CCOc1cc(C(=O)[O-])c(OC)cc1-c1cc(OC)c(C(=O)[O-])cc1OCC,1
CCCOc1c(OCCC)c(-c2c(OCCC)c(OCCC)c(C(=O)[O-])c(OCCC)c2OCCC)c(OCCC)c(OCCC)c1C(=O)[O-],1
COc1cncc(OC)c1-c1c(OC)cncc1OC,1
O=Cc1cc(-c2cc(C=O)c(C(=O)[O-])c(C=O)c2)cc(C=O)c1C(=O)[O-],1
O=Cc1cc(-c2cc(C=O)nc(C=O)c2)cc(C=O)n1,1
N#Cc1cc(C(=O)[O-])cc(C#N)c1C#Cc1c(C#N)cc(C(=O)[O-])cc1C#N,1
Cc1cc(-c2cc(C)c(C(=O)[O-])c(C)c2)cc(C)c1C(=O)[O-],1
O=C([O-])c1cc(Cl)c([N][N]c2c(Cl)cc(C(=O)[O-])c(Cl)c2Cl)c(Cl)c1Cl,1
O=C([O-])c1ccc(-c2ccc(C(=O)[O-])c(C(=O)O)c2Cl)c(Cl)c1C(=O)O,1
O=[N+]([O-])c1cc(-c2cc([N+](=O)[O-])nc(I)c2[N+](=O)[O-])c([N+](=O)[O-])c(I)n1,1
O=C([O-])c1cc([N+](=O)[O-])c(-c2cc([N+](=O)[O-])c(C(=O)[O-])cc2[N+](=O)[O-])cc1[N+](=O)[O-],1
O=C([O-])c1ccc([N][N]c2ccc(C(=O)[O-])c([N+](=O)[O-])c2[N+](=O)[O-])c([N+](=O)[O-])c1[N+](=O)[O-],1
O=[N+]([O-])c1nccc(-c2ccnc([N+](=O)[O-])c2[N+](=O)[O-])c1[N+](=O)[O-],1
O=C([O-])c1c(-c2ccccc2[N+](=O)[O-])c([N+](=O)[O-])c(C(=O)[O-])c(-c2ccccc2[N+](=O)[O-])c1[N+](=O)[O-],1
[O]S([O])(O)c1cc(-c2cc(S([O])([O])O)c(C(=O)[O-])cc2S([O])([O])O)c(S([O])([O])O)cc1C(=O)[O-],1
Cc1cc(-c2cc(C)c(C(=O)[O-])cc2C)c(C)cc1C(=O)[O-],1
Cc1cccc(C)c1-c1cc(C(=O)[O-])c(-c2c(C)cccc2C)cc1C(=O)[O-],1
Cc1c(C(=O)[O-])cc(F)c(-c2c(F)cc(C(=O)[O-])c(C)c2C)c1C,1
Cc1ccccc1-c1cc(C(=O)[O-])c(-c2ccccc2C)cc1C(=O)[O-],1
O=C([O-])C#Cc1cc(O)c(C(c2cc(F)c(C#CC(=O)[O-])c(O)c2O)(c2c(F)c(O)c(C#CC(=O)[O-])c(F)c2F)c2c(F)c(O)c(C#CC(=O)[O-])c(F)c2F)c(F)c1,1
COc1cc(C#CC(=O)[O-])ccc1C(c1ccc(C#CC(=O)[O-])cc1)(c1ccc(C#CC(=O)[O-])cc1)c1ccc(C#CC(=O)[O-])cc1C(=O)O,1
CCOc1c(C(=O)[O-])cc(C)c(C#CC(C#Cc2ccc(C(=O)[O-])cc2)(C#Cc2ccc(C(=O)[O-])c(C)c2)C#Cc2ccc(C(=O)[O-])cc2C)c1C,1
O=C([O-])c1ccc(C#CC(C#Cc2ccc(C(=O)[O-])c(Br)c2)(C#Cc2cc(Br)c(C(=O)[O-])c(Br)c2)C#Cc2ccc(C(=O)[O-])cc2Br)cc1,1
CCc1cc(C(=O)[O-])ccc1C#CC(C#Cc1ccc(C(=O)[O-])cc1)(C#Cc1ccc(C(=O)[O-])cc1)C#Cc1ccc(C(=O)[O-])cc1CC,1
Cc1cc(C(c2ccc(C(=O)[O-])cc2)(c2ccc(C(=O)[O-])cc2)c2ccc(C(=O)[O-])cc2Br)ccc1C(=O)[O-],1
O=C([O-])c1cc(Cl)c(C(c2cc(Cl)c(C(=O)[O-])c(I)c2)(c2cc(I)c(C(=O)[O-])cc2Cl)c2cc(I)c(C(=O)[O-])cc2I)cc1Cl,1
O=C([O-])c1c(I)c(I)c(C(c2c(I)c(I)c(C(=O)[O-])c(C(=O)O)c2C(=O)O)(c2c(I)c(C(=O)O)c(C(=O)[O-])c(C(=O)O)c2C(=O)O)c2c(C(=O)O)c(C(=O)O)c(C(=O)[O-])c(C(=O)O)c2C(=O)O)c(I)c1C(=O)O,1
N#Cc1c(C(=O)[O-])cc(C(=O)[O-])c(C#N)c1-c1ccc(-c2c(C#N)c(C(=O)[O-])cc(C(=O)[O-])c2C#N)cc1,1
CCCc1cncc(CCC)c1-c1ccc(-c2c(CCC)cncc2CCC)cc1,1
N#Cc1cc(-c2ccc(-c3ccc(C(=O)[O-])c(C#N)c3)cc2)ccc1C(=O)[O-],1
CCCOc1c(OCCC)c(-c2c(OCCC)c(O)c(C(=O)[O-])c(O)c2OCCC)c(O)c(O)c1-c1c(OCCC)c(O)c(C(=O)[O-])c(O)c1OCCC,1
O=C([O-])C(O)=C(O)C(O)=C(O)C(=O)[O-],1
CCCOc1cc(-c2cc(OCCC)c(-c3ccnc(OCCC)c3)cc2OCCC)ccn1,1
NC(C(=O)[O-])=C(N)C(N)=C(N)C(=O)[O-],1
Nc1cc(C(=O)[O-])c(Br)c(Br)c1-c1ccc(-c2c(N)cc(C(=O)[O-])c(Br)c2Br)cc1,1
Nc1cc(-c2c(Br)cnc(Br)c2N)c(N)cc1-c1c(Br)cnc(Br)c1N,1
Oc1nccc(-c2cc(Br)c(-c3ccnc(O)c3Br)cc2Br)c1Br,1
O=C([O-])c1c(O)c(O)c(-c2c(O)c(O)c(-c3c(O)c(O)c(C(=O)[O-])c(Br)c3Br)c(O)c2O)c(Br)c1Br,1
Fc1cc(-c2ccc(-c3ccnc(F)c3)cc2)ccn1,1
O=C([O-])c1ccc(-c2cc(F)c(-c3ccc(C(=O)[O-])cc3)cc2F)cc1,1
O=C([O-])C(Br)=CC=C(Br)C(=O)[O-],1
Brc1cc(-c2ccncc2)c(Br)cc1-c1ccncc1,1
CCCOc1c(Br)c(-c2ccc(C(=O)[O-])cc2Br)c(OCCC)c(Br)c1-c1ccc(C(=O)[O-])cc1Br,1
Clc1cc(-c2cc(I)ncc2I)c(Cl)cc1-c1cc(I)ncc1I,1
O=C([O-])C=C(I)C(I)=CC(=O)[O-],1
O=C([O-])c1ccc(-c2cc(Cl)c(-c3ccc(C(=O)[O-])cc3)cc2Cl)cc1,1
CCCc1cc(-c2ccc(-c3cc(CCC)c(C(=O)[O-])cc3CCC)cc2)c(CCC)cc1C(=O)[O-],1
CCCc1cc(-c2ccc(-c3ccnc(CCC)c3)cc2)ccn1,1
CCOc1cc(-c2ccc(-c3cc(CC)c(C(=O)[O-])c(OCC)c3)c(OCC)c2OCC)cc(CC)c1C(=O)[O-],1
COc1cc(-c2ccc(-c3ccc(C(=O)[O-])c(OC)c3)cc2)ccc1C(=O)[O-],1
CCCOc1cc(-c2ccc(-c3cc(OCCC)c(C(=O)[O-])cc3CC)c(CC)c2CC)c(CC)cc1C(=O)[O-],1
CCc1cc(-c2c(CC)c(CC)c(-c3ccncc3)c(CC)c2CC)cc(CC)n1,1
CCc1cc2c(C(=O)[O-])c(CC)c(CC)c(C(=O)[O-])c2cc1CC,1
CCCOc1c(OCCC)c(C(=O)[O-])c2cc(Cl)c(Cl)cc2c1C(=O)[O-],1
CCCOc1c(-c2cc(Cl)c(C(=O)[O-])cc2Cl)ccc(-c2cc(Cl)c(C(=O)[O-])cc2Cl)c1OCCC,1
CCCOc1cncc(OCCC)c1-c1cc(OCCC)c(-c2c(OCCC)cncc2OCCC)c(OCCC)c1,1
CCc1ccc(CC)c2c(C(=O)[O-])c3c(CC)ccc(CC)c3c(C(=O)[O-])c12,1
N#Cc1c(C#N)c(-c2ccc(C(=O)[O-])cc2)c(C#N)c(C#N)c1-c1ccc(C(=O)[O-])cc1,1
N#Cc1cncc(C#N)c1-c1ccc(-c2c(C#N)cncc2C#N)cc1,1
Brc1cc(-c2ccc(-c3ccncc3)c(Br)c2)ccn1,1
O=C([O-])c1ccc2ccc3c(C(=O)[O-])ccc(Br)c3c2c1,1
O=C([O-])c1ccc(-c2ccc(-c3c(O)cc(C(=O)[O-])c(F)c3O)c(O)c2F)cc1,1
Oc1cc(-c2ccncc2)c(F)cc1-c1ccncc1F,1
O=C([O-])c1cc(F)c2ccc3c(C(=O)[O-])cccc3c2c1F,1
Clc1cncc(Cl)c1-c1ccc(-c2c(Cl)cncc2Cl)cc1,1
O=C([O-])c1ccc(-c2ccc(-c3ccc(C(=O)[O-])cc3Cl)cc2)cc1,1
CCc1c(C(=O)[O-])ccc(-c2ccc(-c3ccc(C(=O)[O-])cc3)cc2)c1CC,1
CCc1cc(-c2ccc(-c3ccncc3)cc2)ccn1,1
O=Cc1cc(-c2ccncc2)c(F)c(C=O)c1-c1ccncc1F,1
O=Cc1cc(-c2ccc(C(=O)[O-])cc2F)cc(C=O)c1-c1ccc(C(=O)[O-])cc1,1
CCc1c(CC)c2c(Cl)c(C(=O)[O-])c(Cl)c3c(CC)c(CC)c4c(Cl)c(C(=O)[O-])c(Cl)c1c4c23,1
CCc1nc(CC)c(Cl)c(-c2c(Cl)c(Cl)c(-c3c(Cl)c(CC)nc(CC)c3Cl)c(Cl)c2Cl)c1Cl,1
O=C([O-])c1cc(I)c(-c2ccc(-c3c(I)cc(C(=O)[O-])cc3I)cc2)c(I)c1,1
[O]S([O])([O])c1nc(S([O])([O])O)c(F)c(-c2ccc(-c3c(F)c(S([O])([O])O)nc(S([O])([O])O)c3F)cc2)c1F,1
O=C([O-])c1cc2ccc3cc(C(=O)O)cc4ccc(c1)c2c34,1
CNc1cc(C(=O)[O-])cc(NC)c1-c1ccc(-c2c(NC)cc(C(=O)[O-])cc2NC)cc1,1
Fc1cc(-c2ccnc(I)c2I)c(F)cc1-c1ccnc(I)c1I,1
O=C([O-])c1ccc(-c2ccc(-c3ccc(C(=O)[O-])cc3F)cc2)c(F)c1,1
Nc1cc(-c2ccncc2)c(N)cc1-c1ccncc1,1
Nc1cc(-c2ccc(C(=O)[O-])cc2)c(N)cc1-c1ccc(C(=O)[O-])cc1,1
O=C([O-])c1ccc2c(-c3ccccc3)cc3c4cc(C(=O)[O-])ccc4c(-c4ccccc4)cc3c2c1,1
O=C([O-])c1cc(O)c(-c2ccc(-c3c(O)cc(C(=O)[O-])cc3O)cc2)c(O)c1,1
O=C([O-])c1ccc(-c2cc(I)c(-c3ccc(C(=O)[O-])cc3)c(I)c2)cc1,1
CCCOc1cc(-c2c(C)c(C)c(-c3cc(OCCC)c(C(=O)[O-])c(OCCC)c3)c(C)c2C)cc(OCCC)c1C(=O)[O-],1
COC(C#CC(=O)[O-])=C(C#CC(=O)[O-])OC,1
COc1nc(Cl)c(OC)c(-c2c(Cl)c(OC)c(-c3c(OC)c(Cl)nc(OC)c3OC)c(Cl)c2OC)c1OC,1
COc1c(OC)c(-c2c(Cl)c(Cl)c(-c3c(Cl)c(Cl)c(C(=O)[O-])c(OC)c3OC)c(Cl)c2Cl)c(Cl)c(Cl)c1C(=O)[O-],1
Ic1cnccc1-c1ccc(-c2ccncc2I)cc1,1
O=C([O-])c1ccc(-c2cc(O)c(-c3ccc(C(=O)[O-])cc3)c(O)c2)cc1,1
O=C([O-])C12CCC(C(=O)[O-])(C(O)C1)C(O)C2,1
CCCc1cc(-c2c(Br)c(CCC)c(-c3ccc(C(=O)[O-])cc3)c(CCC)c2Br)cc(CCC)c1C(=O)[O-],1
CCCc1cc(-c2ccc(-c3cc(CCC)nc(Br)c3Br)cc2)c(Br)c(Br)n1,1
O=CC1(C=O)C2(C#CC(=O)[O-])CCC(C#CC(=O)[O-])(CC2)C1(C=O)C=O,1
CCc1c(CC)c(-c2cc(I)c(C(=O)[O-])c(I)c2)c(CC)c(CC)c1-c1cc(I)c(C(=O)[O-])c(I)c1,1
CCc1cc(-c2ccc(-c3cc(CC)nc(CC)c3)cc2)cc(CC)n1,1
CCc1cc(-c2ccc(-c3cc(CC)c(C(=O)[O-])c(CC)c3)cc2)cc(CC)c1C(=O)[O-],1
[O]S([O])(O)C12C3(F)C4(C(=O)[O-])C1(S([O])([O])O)C1(F)C2(C(=O)[O-])C3(S([O])([O])O)C14S([O])([O])O,1
[O]S([O])(O)c1cncc(S([O])([O])O)c1-c1ccc(-c2c(S([O])([O])O)cncc2S([O])([O])O)cc1,1
O=C(O)c1c(C(=O)O)c(-c2ccncc2)c(C(=O)O)c(C(=O)O)c1-c1ccncc1,1
O=C([O-])c1c(C(=O)O)c(C(=O)O)c(-c2ccc(-c3c(C(=O)O)c(C(=O)O)c(C(=O)[O-])c(C(=O)O)c3C(=O)O)cc2)c(C(=O)O)c1C(=O)O,1
CCOc1c(OCC)c(-c2ccncc2)c(OCC)c(OCC)c1-c1ccncc1,1
CCC12C3(CC)C4(CC)C5(CC)C(CC)(C1(CC)C35C(=O)[O-])C24C(=O)[O-],1
CCc1cc(-c2c(CC)c(CC)c(-c3cc(CC)nc(CC)c3)c(CC)c2CC)cc(CC)n1,1
O=C([O-])c1cc([N+](=O)[O-])c(-c2ccc(-c3c([N+](=O)[O-])cc(C(=O)[O-])cc3[N+](=O)[O-])cc2)c([N+](=O)[O-])c1,1
[O]S([O])(O)c1cc(-c2ccncc2Br)c(S([O])([O])O)cc1-c1ccncc1Br,1
[O]S([O])(O)c1c(-c2ccc(-c3ccc(C(=O)[O-])c(Br)c3S([O])([O])O)cc2)ccc(C(=O)[O-])c1Br,1
COC12C3(Cl)C4(Cl)C1(C#CC(=O)[O-])C1(Cl)C2(Cl)C3(C#CC(=O)[O-])C41OC,1
COc1nc(Cl)c(OC)c(-c2c(Cl)c(Cl)c(-c3c(Cl)c(OC)nc(Cl)c3OC)c(Cl)c2Cl)c1Cl,1
COc1c(OC)c(-c2c(OC)c(OC)c(-c3c(OC)c(Cl)c(C(=O)[O-])c(OC)c3OC)c(OC)c2OC)c(OC)c(Cl)c1C(=O)[O-],1
O=C([O-])c1ccc(-c2cc(F)c(-c3ccc(C(=O)[O-])cc3F)cc2F)c(F)c1,1
N#Cc1c(C=Cc2ccc(C(=O)[O-])c(C#N)c2C#N)ccc(C(=O)[O-])c1C#N,1
N#Cc1cc(-c2ccnc(F)c2F)c(C#N)cc1-c1ccnc(F)c1F,1
O=Cc1cc(C(=O)[O-])cc(O)c1C=Cc1c(O)cc(C(=O)[O-])cc1C=O,1
O=Cc1cc(-c2ccc(-c3ccc(C(=O)[O-])c(C=O)c3)cc2)ccc1C(=O)[O-],1
CCc1c(C=Cc2ccc(C(=O)[O-])c(CC)c2CC)ccc(C(=O)[O-])c1CC,1
CCc1c(-c2ccc(-c3ccc(C(=O)[O-])c(F)c3CC)cc2)ccc(C(=O)[O-])c1F,1
Fc1cc(-c2ccncc2)c(F)cc1-c1ccncc1,1
O=C([O-])c1cc(F)c(-c2c(F)c(F)c(-c3c(F)cc(C(=O)[O-])c([N+](=O)[O-])c3F)c(F)c2F)c(F)c1[N+](=O)[O-],1
O=[N+]([O-])c1cc(-c2ccnc([N+](=O)[O-])c2[N+](=O)[O-])c([N+](=O)[O-])cc1-c1ccnc([N+](=O)[O-])c1[N+](=O)[O-],1
O=C([O-])c1ccc(C=Cc2ccc(C(=O)[O-])c(F)c2[N+](=O)[O-])c([N+](=O)[O-])c1F,1
Nc1nccc(-c2cc([N+](=O)[O-])c(-c3ccnc(N)c3N)cc2[N+](=O)[O-])c1N,1
O=C([O-])c1cc(F)c(-c2c(F)c(F)c(-c3c(F)cc(C(=O)[O-])cc3F)c(F)c2F)c(F)c1,1
O=C([O-])c1c(O)c(Cl)c(C2=N[N]C(c3c(Cl)c(O)c(C(=O)[O-])c(O)c3Cl)=N[N]2)c(Cl)c1O,1
N#Cc1c(C(=O)[O-])c(C#N)c(C(=O)O)c(-c2ccc(-c3c(C(=O)O)c(C#N)c(C(=O)[O-])c(C#N)c3C(=O)O)cc2)c1C(=O)O,1
Clc1cc(-c2ccc(-c3cc(Cl)nc(Cl)c3)cc2)cc(Cl)n1,1
O=C([O-])c1cc(Cl)c(C2=N[N]C(c3c(Cl)cc(C(=O)[O-])cc3Cl)=N[N]2)c(Cl)c1,1
Nc1c(C(=O)[O-])ccc(N2C(=O)c3cc(C(=O)O)c4c5c(cc(C(=O)O)c(c35)C2=O)C(=O)N(c2ccc(C(=O)[O-])c(N)c2N)C4=O)c1N,1
Nc1cncc(N)c1-c1ccc(-c2c(N)cncc2N)cc1,1
O=C([O-])c1cc(C(=O)O)c(-c2ccc(-c3c(C(=O)O)cc(C(=O)[O-])cc3C(=O)O)cc2)c(C(=O)O)c1,1
COc1c(C)nc(C)c(OC)c1-c1ccc(-c2c(OC)c(C)nc(C)c2OC)cc1,1
Cc1cc(-c2ccc(-c3cc(C)c(C(=O)[O-])c(C)c3)cc2)cc(C)c1C(=O)[O-],1
CCOc1c(-c2cc(I)c(C(=O)[O-])cc2I)ccc(-c2cc(I)c(C(=O)[O-])cc2I)c1OCC,1
O=C([O-])c1c(I)c(I)c(C(=O)[O-])c2c1C(I)C2I,1
O=C([O-])c1ccc(-c2c(I)cc(-c3cc(I)c(C(=O)[O-])c(I)c3)cc2I)cc1,1
CNc1c(NC)c(-c2ccc(-c3c(NC)c(NC)c(C(=O)[O-])c(NC)c3NC)cc2)c(NC)c(NC)c1C(=O)[O-],1
O=C([O-])c1ccc(-c2c(-c3ccccc3)c(-c3ccccc3)c(-c3ccc(C(=O)[O-])cc3)c(-c3ccccc3)c2-c2ccccc2)cc1,1
COc1c(OC)c(-c2c(OC)c(OC)c(-c3c(OC)c(OC)c(C(=O)[O-])c(OC)c3OC)c(OC)c2OC)c(OC)c(OC)c1C(=O)[O-],1
N#Cc1c(C(=O)O)c(C(=O)[O-])c(C(=O)O)c(C#N)c1-c1ccc(-c2c(C#N)c(C(=O)O)c(C(=O)[O-])c(C(=O)O)c2C#N)cc1,1
CNc1c(C#Cc2c(NC)c(NC)c(C(=O)[O-])c(NC)c2NC)c(NC)c(NC)c(C(=O)[O-])c1NC,1
CNc1cc(-c2ccc(-c3cc(NC)c(C(=O)[O-])c(NC)c3)cc2)cc(NC)c1C(=O)[O-],1
CNc1cncc(NC)c1-c1ccc(-c2c(NC)cncc2NC)cc1,1
COc1cncc(OC)c1-c1c(OC)c(OC)c(-c2c(OC)cncc2OC)c(OC)c1OC,1
COc1c(O)c(C(=O)[O-])c(O)c(OC)c1-c1ccc(-c2c(OC)c(O)c(C(=O)[O-])c(O)c2OC)cc1,1
CNc1cc(C(=O)[O-])ccc1N=Nc1ccc(C(=O)[O-])cc1NC,1
CCCOc1cc(N=Nc2cc(OCCC)c(C(=O)[O-])cc2S([O])([O])O)c(S([O])([O])O)cc1C(=O)[O-],1
CCCOc1cc(-c2ccncc2)c(OCCC)cc1-c1ccncc1,1
[O]S([O])(O)c1cc(C(=O)[O-])ccc1-c1ccc(-c2ccc(C(=O)[O-])cc2S([O])([O])O)cc1,1
CCOc1cc(-c2cc(F)c(C(=O)[O-])c(OCC)c2OCC)c(OCC)cc1-c1cc(F)c(C(=O)[O-])c(OCC)c1OCC,1
CCOc1cnc(F)c(F)c1-c1ccc(-c2c(OCC)cnc(F)c2F)cc1,1
O=C([O-])c1cc(F)c([N][N]c2c(F)cc(C(=O)[O-])c(F)c2F)c(F)c1F,1
[O]S([O])(O)c1cc(-c2ccc(-c3ccc(C(=O)[O-])c(S([O])([O])O)c3)cc2)ccc1C(=O)[O-],1
Ic1cc(-c2ccc(-c3ccnc(I)c3)cc2)ccn1,1
O=C([O-])c1c(I)c(-c2ccc(I)c(I)c2I)c(C(=O)[O-])c(I)c1-c1ccc(I)c(I)c1I,1
CCCc1c(CCC)c(-c2ccc(C(=O)[O-])c(C#N)c2)c(CCC)c(CCC)c1-c1ccc(C(=O)[O-])c(C#N)c1,1
N#Cc1cccc(-c2cc(C(=O)[O-])c(-c3cccc(C#N)c3)cc2C(=O)[O-])c1,1
N#Cc1cc(-c2ccc(-c3ccnc(C#N)c3)cc2)ccn1,1
O=C([O-])c1cc(C(=O)[O-])c2c(O)cc3c4cc(O)c5c(C(=O)[O-])cc(C(=O)[O-])c6c(O)cc(c7cc(O)c1c2c73)c4c65,1
O=C([O-])c1c(Br)c(C(=O)[O-])c2cc3c(Br)c(Br)c4cc5c(C(=O)[O-])c(Br)c(C(=O)[O-])c6cc7c(Br)c(Br)c8cc1c2c1c8c7c(c65)c4c31,1
O=C([O-])c1cc(C(=O)[O-])c2cc(Br)c3c4ccc5c(C(=O)[O-])cc(C(=O)[O-])c6cc(Br)c(c7ccc1c2c73)c4c56,1
O=C([O-])c1cc(C(=O)[O-])c2c(Cl)c3c(Cl)c(Cl)c4c(Cl)c5c(C(=O)[O-])cc(C(=O)[O-])c6c(Cl)c7c(Cl)c(Cl)c8c(Cl)c1c2c1c8c7c(c65)c4c31,1
O=C([O-])c1c(Cl)c(C(=O)[O-])c2ccc3c4ccc5c(C(=O)[O-])c(Cl)c(C(=O)[O-])c6ccc(c7ccc1c2c73)c4c65,1
Cc1c(C(=O)[O-])c2cc3ccc4cc5c(C(=O)[O-])c(C)c(C(=O)[O-])c6cc7ccc8cc(c1C(=O)[O-])c2c1c3c4c(c56)c7c81,1
N#Cc1c2ccc3c(C#N)c4c(C(=O)[O-])cc(C(=O)[O-])c5c(C#N)c6ccc7c(C#N)c8c(C(=O)[O-])cc(C(=O)[O-])c1c8c1c2c3c(c45)c6c71,1
O=CC1c2c(C(=O)[O-])ccc(C(=O)[O-])c2C1O,1
O=CC1Cc2c(C(=O)[O-])ccc(C(=O)[O-])c21,1
O=C([O-])c1cc(I)c(C(=O)[O-])c2c1C(I)C2(I)I,1
O=C([O-])c1ccc(C(=O)[O-])c2c1CC2(I)I,1
COC(=CC(F)=C(OC)C(=O)[O-])C(=O)[O-],1
COC1c2c(C(=O)[O-])ccc(C(=O)[O-])c2C1(OC)OC,1
Cc1cnc2c(n1)C(C)C2,1
CNC1c2c(C(=O)[O-])cc(OC)c(C(=O)[O-])c2C1NC,1
CN[C]1[N][C]2[C]([N][C]1NC)C(NC)(OC)C2(NC)OC,1
CCOc1cc(C(=O)[O-])c2c(c1C(=O)[O-])C(OCC)C2I,1
COC1c2c(C(=O)[O-])c([N+](=O)[O-])cc(C(=O)[O-])c2C1([N+](=O)[O-])[N+](=O)[O-],1
COc1c(C(=O)[O-])c([N+](=O)[O-])c2c([N+](=O)[O-])cc(C(=O)[O-])cc2c1[N+](=O)[O-],1
O=[N+]([O-])c1nc2c(nc1[N+](=O)[O-])C([N+](=O)[O-])([N+](=O)[O-])C2,1
Nc1ccc2c(C(=O)[O-])c(N)cc(C(=O)[O-])c2c1,1
NC1c2c(C(=O)[O-])c(C(=O)O)cc(C(=O)[O-])c2C1(N)N,1
NC1c2c(C(=O)[O-])ccc(C(=O)[O-])c2C1(C(=O)O)C(=O)O,1
CCOC1(Br)c2c(C(=O)[O-])c(Br)cc(C(=O)[O-])c2C1Br,1
O=C([O-])c1cc(F)c(C(=O)[O-])c2c1C(F)(F)C2,1
O=C([O-])c1c(F)cc(C(=O)[O-])c2c(F)c(F)ccc12,1
O=C([O-])c1cc(F)c(C(=O)[O-])c2c1C(F)C2(F)I,1
CCCC1(F)c2c(C(=O)[O-])c(F)c(F)c(C(=O)[O-])c2C1F,1
CCCc1c(F)c(C(=O)[O-])c2c(c1C(=O)[O-])C(F)C2F,1
CCCc1c(CCC)c(C(=O)[O-])c2c(c1C(=O)[O-])CC2(F)F,1
CCCc1c(F)c(C(=O)[O-])c2c(c1C(=O)[O-])CC2(F)F,1
O=C([O-])c1cc(F)c(C(=O)[O-])c2c(F)cccc12,1
O=C([O-])c1cc(Cl)c(C(=O)[O-])c2c1CC2Cl,1
O=C([O-])c1cc(Cl)c(C(=O)[O-])c2c1CC2F,1
O=C([O-])c1ccc(C(=O)[O-])c2c(Cl)c(F)cc(F)c12,1
O=C([O-])c1ccc(C(=O)[O-])c2c(Cl)cc(O)cc12,1
O=C([O-])c1ccc(C(=O)[O-])c2c([N+](=O)[O-])c(Br)ccc12,1
[O]S([O])(O)C1Cc2c(C(=O)[O-])c(F)cc(C(=O)[O-])c21,1
[O]S([O])(O)c1cc(F)c2c(C(=O)[O-])c(F)c(S([O])([O])O)c(C(=O)[O-])c2c1,1
CCOc1cc(C(=O)[O-])c2c(c1C(=O)[O-])C(OCC)(OCC)C2S([O])([O])O,1
[O]S([O])(O)c1cccc2c(C(=O)[O-])ccc(C(=O)O)c12.[O]S([O])([O])c1cnc2c(n1)C(S([O])([O])O)(S([O])([O])O)C2,1
Nc1cnc2c(n1)C(N)C2N,1
Nc1cccc2c(C(=O)[O-])c(Cl)cc(C(=O)[O-])c12,1
COc1c(I)c(C(=O)[O-])c2c(c1C(=O)[O-])CC2(I)OC,1
COc1cc(OC)c2c(C(=O)[O-])c(OC)c(OC)c(C(=O)[O-])c2c1OC,1
Ic1cnc2c(n1)C(I)C2,1
O=C([O-])c1cc([N+](=O)[O-])c(C(=O)[O-])c2c1C(F)C2F,1
N#Cc1c(C#N)c(C(=O)[O-])c2c(c1C(=O)[O-])CC2C#N,1
N#Cc1cc2ccc3c(C(=O)[O-])cccc3c2cc1C(=O)[O-],1
CNc1cc(C(=O)[O-])c2c(c1C(=O)[O-])C(C=O)(C=O)C2,1
CNc1nc2c(nc1C=O)C(C=O)(C=O)C2C=O,1
O=Cc1cc2c(C=O)c(C(=O)[O-])c(C=O)c3cc(C=O)c4cc(C(=O)[O-])cc1c4c23,1
O=C([O-])c1ccc2cc(O)c3c4cc(C(=O)[O-])c(O)c(O)c4c(O)cc3c2c1,1
c1ccc(-c2cnc3c(n2)CC3)cc1,1
Cc1cc(C(=O)[O-])c2c(c1C(=O)[O-])CC2C,1
Cc1cc2c3c(C)c(C(=O)[O-])c(N)cc3cc(N)c2c2cc(C(=O)[O-])cc(N)c12,1
Cc1c(C)c(C(=O)[O-])c2c(c1C(=O)[O-])CC2C,1
CC1(C=O)c2nc(C=O)c(C=O)nc2C1C=O,1
N#Cc1cnc2c(n1)C(C#N)C2C#N,1
O=[N+]([O-])C1Cc2nccnc21,1
Nc1nc2c(nc1N)C(N)(N)C2N,1
CCCOC(C#CC(=O)[O-])=C(I)C#CC(=O)[O-],1
CCCOC1=N[C]2C(=N[CH]1)C(OCCC)(OCCC)C2I,1
CCCOC1Cc2c(C(=O)[O-])c(I)cc(C(=O)[O-])c21,1
OC1(Cl)Cc2ncc(Cl)nc21,1
O=C([O-])c1c(O)c(O)c(C(=O)[O-])c2c1C(O)C2Cl,1
CNc1cc(C(=O)[O-])c2c(c1C(=O)[O-])C(C#N)(NC)C2C#N,1
CCOC(C#CC(=O)[O-])=C(Cl)C#CC(=O)[O-],1
CCOc1nc2c(nc1OCC)C(OCC)C2,1
CCOc1c(OCC)c(C(=O)[O-])c2c(c1C(=O)[O-])C(OCC)C2(Cl)OCC,1
CC1c2ncc(N)nc2C1C,1
O=C([O-])c1c(Cl)c(Cl)c(C(=O)[O-])c2c1C(Cl)C2Cl,1
O=C(O)C1C(Cl)C2(C(=O)[O-])CCC1(C(=O)[O-])C(C(=O)O)(C(=O)O)C2C(=O)O,1
O=C(O)c1c(C(=O)O)c(C(=O)[O-])c2c(c1C(=O)[O-])C(Cl)C2(Cl)C(=O)O,1
O=C([O-])c1cc(Cl)c(C(=O)[O-])c2c1C(Cl)(C(=O)O)C2C(=O)O,1
O=C([O-])c1cc(Cl)c(C(=O)[O-])c2c1CC2C(=O)O,1
[O]S([O])(O)C1(S([O])([O])O)Cc2c(C(=O)O)ccc(C(=O)[O-])c21,1
[O]S([O])([O])c1cnc2c(n1)CC2,1
CNC1(C(=O)O)C(C(=O)O)C2(C(=O)[O-])C(NC)(C(=O)O)C(C(=O)O)C1(C(=O)[O-])C(C(=O)[O-])(C(=O)O)C2(C(=O)O)C(=O)O,1
CNc1c(NC)c(C(=O)[O-])c2c(c1C(=O)[O-])CC2C(=O)O,1
O=C(O)C1C(Br)C2(C(=O)[O-])C(Br)CC1(C(=O)[O-])CC2(Br)C(=O)O,1
O=C([O-])c1cc(Br)c(C(=O)[O-])c2c1C(C(=O)O)C2Br,1
O=C(O)c1cnc2c(n1)CC2(Br)C(=O)O,1
NC1(N)CC2(C(=O)[O-])CCC1(C(=O)[O-])C(C(=O)O)(C(=O)O)C2C(=O)O,1
IC1Cc2nccnc21,1
CC1CC2(C#CC(=O)[O-])CCC1(C#CC(=O)[O-])C(C)([N+](=O)[O-])C2,1
CCOC1CC2(C#CC(=O)[O-])CCC1(C#CC(=O)[O-])C(OCC)(OCC)C2OCC,1
ClC1c2nc(Br)cnc2C1Br,1
O=C([O-])C#CC12CC(Cl)(Br)C(C#CC(=O)[O-])(CC1Cl)C(Cl)(Br)C2(Br)Br,1
O=C([O-])c1c(Br)c(Br)c(C(=O)[O-])c2c1C(Cl)C2(Br)Br,1
N#Cc1nc2c(nc1C#N)C(C#N)C2,1
Nc1c(N)c(C(=O)[O-])c2c(c1C(=O)[O-])CC2N,1
Nc1cc(C(=O)[O-])c2c(c1C(=O)[O-])C(N)C2,1
NC12C3C4C5(N)C3(C(=O)[O-])C1C5(N)C42C(=O)[O-],1
Nc1cc(C(=O)[O-])c2c(c1C(=O)[O-])C(N)C2N,1
COC1(I)c2c(C(=O)[O-])c(I)c(I)c(C(=O)[O-])c2C1I,1
COC1c2c(C(=O)[O-])c(I)cc(C(=O)[O-])c2C1I,1
COc1c(I)c(C(=O)[O-])c2c(c1C(=O)[O-])C(I)C2I,1
COc1c(I)c(C(=O)[O-])c2c(c1C(=O)[O-])C(I)(OC)C2I,1
COc1c(I)c(C(=O)[O-])c2c(c1C(=O)[O-])C(I)(OC)C2OC,1
O=C([O-])C12C3C4(I)C1C1(I)C2(I)C3(I)C41C(=O)[O-],1
CC1c2c(C(=O)[O-])ccc(C(=O)[O-])c2C1Br,1
CC12C3C4C5C(C1C53C(=O)[O-])C42C(=O)[O-],1
Cc1cc(C(=O)[O-])c2c(c1C(=O)[O-])CC2(C)Br,1
Cc1cc(C(=O)[O-])c2c(c1C(=O)[O-])C(Br)(Br)C2,1
CC1(Br)c2c(C(=O)[O-])ccc(C(=O)[O-])c2C1Br,1
CC1Cc2nccnc21,1
Fc1nc2c(nc1Cl)C(F)(F)C2(F)Cl,1
O=C([O-])c1c(Cl)c(Cl)c(C(=O)[O-])c2c1C(F)(F)C2(F)F,1
O=C([O-])c1cc(Cl)c(C(Cl)=C(F)c2c(F)c(F)c(C(=O)[O-])c(Cl)c2F)c(F)c1Cl,1
O=C([O-])c1cc([N+](=O)[O-])c(C=Cc2ccc(C(=O)[O-])c([N+](=O)[O-])c2)c([N+](=O)[O-])c1,1
O=C([O-])c1ccc(C=Cc2cc(Br)c(C(=O)[O-])c([N+](=O)[O-])c2)cc1,1
O=C([O-])c1ccc(-c2nnc(-c3ccc(C(=O)[O-])c(F)c3F)nn2)cc1,1
O=C([O-])c1ccc(C(=O)[O-])c2c1CC2(F)F,1
CCc1cc(-c2nnc(-c3ccc(C(=O)[O-])c(O)c3O)nn2)ccc1C(=O)[O-],1
Ic1nc2c(nc1I)C(I)C2,1
O=C(O)c1cc(C(=O)[O-])c2c(c1C(=O)[O-])CC2I,1
CCC1Cc2c(C(=O)[O-])cc(Cl)c(C(=O)[O-])c21,1
CCc1cc(N2C(=O)c3ccc4c5c(cc(Cl)c(c35)C2=O)C(=O)N(c2ccc(C(=O)[O-])cc2CC)C4=O)ccc1C(=O)[O-],1
CCCOC1c2c(C(=O)[O-])ccc(C(=O)[O-])c2C1CC,1
CCCOC1=N[C]2[C](N=C1OCCC)C(OCCC)C2OCCC,1
CCCOc1c(OCCC)c2c3c(ccc4c3c1C(=O)N(c1ccc(C(=O)[O-])c(CC)c1CC)C4=O)C(=O)N(c1c(CC)cc(C(=O)[O-])c(CC)c1CC)C2=O,1
O=C([O-])c1ccc(N2C(=O)c3ccc4c5c(c(F)c(F)c(c35)C2=O)C(=O)N(c2ccc(C(=O)[O-])cc2F)C4=O)c(F)c1,1
O=C([O-])c1c(Cl)c(Cl)c(C(=O)[O-])c2c1C(F)C2Cl,1
Fc1nc2c(nc1F)C(F)(Cl)C2F,1
O=C([O-])c1cc(F)c(N2C(=O)c3c(F)cc4c5c(cc(Cl)c(c35)C2=O)C(=O)N(c2cc(Cl)c(C(=O)[O-])cc2F)C4=O)c(F)c1,1
O=C([O-])c1cc([N+](=O)[O-])c(C(=O)[O-])c2c1C(O)C2,1
O=C([O-])c1ccc(N2C(=O)c3ccc4c5c(c([N+](=O)[O-])cc(c35)C2=O)C(=O)N(c2cc(O)c(C(=O)[O-])c([N+](=O)[O-])c2[N+](=O)[O-])C4=O)cc1,1
O=C([O-])c1ccc(C(=O)[O-])c2c1C(Cl)C2(Cl)Cl,1
O=C([O-])c1ccc(N2C(=O)c3ccc4c5c(Cl)c(Cl)c6c7c(ccc(c8cc(Cl)c(c3c84)C2=O)c75)C(=O)N(c2ccc(C(=O)[O-])cc2)C6=O)cc1,1
COc1cc(C(=O)[O-])c2c(c1C(=O)[O-])C(OC)C2C(=O)O,1
COc1cc(N2C(=O)c3ccc4c5cc(C(=O)O)c6c7c(c(OC)cc(c8cc(OC)c(c3c84)C2=O)c75)C(=O)N(c2ccc(C(=O)[O-])cc2)C6=O)c(C(=O)O)cc1C(=O)[O-],1
COc1nc2c(nc1C(=O)O)CC2C(=O)O,1
CCCOc1nc2c(nc1F)C(OCCC)C2,1
CCCOC1c2c(C(=O)[O-])cc(F)c(C(=O)[O-])c2C1(F)OCCC,1
COc1cc(C(=O)[O-])c2c(c1C(=O)[O-])CC2(OC)OC,1
COc1nc2c(nc1OC)C(OC)(OC)C2,1
BrC1(Br)Cc2nccnc21,1
O=C([O-])c1cc(Br)c(C(=O)[O-])c2c1C(Br)(Br)C2,1
O=CC1c2c(C(=O)[O-])ccc(C(=O)[O-])c2C1(C=O)C=O,1
O=Cc1cnc2c(n1)C(C=O)C2,1
Brc1cnc2c(n1)C(Br)C2,1
CCOC1c2c(C(=O)[O-])ccc(C(=O)[O-])c2C1Br,1
N#Cc1cnc2c(n1)CC2,1
O=C([O-])c1ccc(C#Cc2cc(Br)c(C(=O)[O-])cc2O)c(O)c1,1
CCCOc1c(C#Cc2ccc(C(=O)[O-])cc2)ccc(C(=O)[O-])c1C(=O)O,1
CCCOC1([N+](=O)[O-])Cc2nccnc21,1
CCCOC1c2c(C(=O)[O-])cc([N+](=O)[O-])c(C(=O)[O-])c2C1OCCC,1
CCCOc1cc(C#Cc2cc([N+](=O)[O-])c(C(=O)[O-])c([N+](=O)[O-])c2)c(OCCC)c([N+](=O)[O-])c1C(=O)[O-],1
O=Cc1cc(C#Cc2ccc(C(=O)[O-])cc2)ccc1C(=O)[O-],1
Fc1nc2c(nc1Cl)C(F)(Cl)C2Cl,1
O=C([O-])c1c(F)c(Cl)c(C(=O)[O-])c2c1C(F)C2Cl,1
O=C([O-])c1c(Cl)cc(C#Cc2cc(Cl)c(C(=O)[O-])c(Cl)c2Cl)cc1Cl,1
CCCc1cc(C(=O)[O-])ccc1C#Cc1ccc(C(=O)[O-])c(CCC)c1,1
O=CC1c2ncc(Br)nc2C1C=O,1
O=CC1Cc2c(C(=O)[O-])c(Br)cc(C(=O)[O-])c21,1
O=Cc1c([N][N]c2cc(Br)c(C(=O)[O-])c(Br)c2)ccc(C(=O)[O-])c1C=O,1
CCc1cc(C(=O)[O-])ccc1[N][N]c1ccc(C(=O)[O-])c(Br)c1,1
O=C(O)c1ccc(C(=O)O)c(-c2cc(C(=O)[O-])c(-c3c(F)cccc3C(=O)O)c(C(=O)O)c2C(=O)[O-])c1F,1
O=C([O-])c1ccc(C(=O)[O-])c2c1C(F)C2(F)C(=O)O,1
N#Cc1cccc(-c2cc(C(=O)[O-])c(-c3ccccc3)cc2C(=O)[O-])c1,1
O=C([O-])c1cc(-c2cccc(Br)c2)c(C(=O)[O-])cc1-c1ccccc1,1
O=C([O-])c1cc(Br)c(C(=O)[O-])c2c1C(Br)(Br)C2Br,1
COC(=CC(=O)[O-])C=C(C(=O)[O-])[N+](=O)[O-],1
O=C([O-])c1c(C(=O)O)c2ccc3c(C(=O)O)c(C(=O)[O-])c(C(=O)O)c4ccc(c1C(=O)O)c2c34,1
O=C([O-])C12CCC(C(=O)[O-])(C(F)(I)C1I)C(F)(I)C2I,1
O=C([O-])C12CC(F)(F)C(C(=O)[O-])(C(F)(F)C1F)C(F)(F)C2F,1
CCOC1(Cl)C(Cl)(OCC)C2(C(=O)[O-])C(Cl)(OCC)C(Cl)(OCC)C1(C(=O)[O-])C(OCC)(OCC)C2(OCC)OCC,1
O=CC1C(C=O)C2(C(=O)[O-])C(C=O)C(C=O)C1(C(=O)[O-])C(C=O)(C=O)C2(C=O)C=O,1
O=C([O-])C#CC12CCC(C#CC(=O)[O-])(C(Cl)C1Cl)C(Cl)C2Cl,1
O=C([O-])C#CC12C(F)(F)C(F)(F)C(C#CC(=O)[O-])(C(F)(F)C1(F)F)C(F)(F)C2(F)F,1
CC12C3(C)C4(C=O)C5(C)C(C)(C1(C=O)C35C(=O)[O-])C24C(=O)[O-],1
CC12C3(C)C4(C)C5(I)C(C)(C1(I)C35C#CC(=O)[O-])C24C#CC(=O)[O-],1
CNc1c(C=Cc2c(Br)c(Br)c(C(=O)[O-])c(NC)c2NC)c(Br)c(Br)c(C(=O)[O-])c1NC,1
O=C[C]([C](C=O)c1ccc(C(=O)[O-])c(C(=O)O)c1)c1ccc(C(=O)[O-])c(C(=O)O)c1,1
O=C([O-])c1c(Br)c(Br)c(-c2nnc(-c3c(Br)c(Br)c(C(=O)[O-])c(Br)c3Br)nn2)c(Br)c1Br,1
O=C([O-])c1c(I)c(I)c(N2C(=O)c3ccc4c5c(ccc(c35)C2=O)C(=O)N(c2c(I)c(I)c(C(=O)[O-])c(I)c2I)C4=O)c(I)c1I,1
CCCOc1c(C)c(C#Cc2c(C)c(OCCC)c(C(=O)[O-])c(OCCC)c2C)c(C)c(OCCC)c1C(=O)[O-],1
CCc1c(F)c(C#CC(=O)[O-])c(CC)c(F)c1C#CC(=O)[O-],1
N#Cc1cc(Cl)c(C#N)c(Cl)c1,1
CCCOC(=C(C)C(=O)[O-])C(OCCC)=C(C)C(=O)[O-],1
N#Cc1c(F)c(Cl)c(C#N)c(F)c1Cl,1
O=C([O-])C#Cc1c(F)c(Cl)c(C#CC(=O)[O-])c(F)c1Cl,1
O=Cc1cc2c(C(=O)[O-])ccc(C(=O)[O-])c2cc1C=O,1
Cc1c(C)c(C#CC(=O)[O-])c(C)c(C)c1C#CC(=O)[O-],1
Cc1cc2c(C(=O)[O-])c3cc(C)c(C)cc3c(C(=O)[O-])c2cc1C,1
O=C([O-])C#Cc1c(-c2ccccc2)c(-c2ccccc2)c(C#CC(=O)[O-])c(-c2ccccc2)c1-c1ccccc1,1
O=C([O-])c1c2cc([N+](=O)[O-])c([N+](=O)[O-])cc2c(C(=O)[O-])c2cc([N+](=O)[O-])c([N+](=O)[O-])cc12,1
CCOc1cc2c(I)c(I)c3c(C(=O)[O-])c(I)ccc3c2c(I)c1C(=O)[O-],1
N#Cc1c(I)c(I)c(C#N)c(I)c1I,1
O=Cc1c(C#CC(=O)[O-])c(C=O)c(C=O)c(C#CC(=O)[O-])c1C=O,1
O=Cc1c(C(=O)[O-])cc2c(I)c(I)c3c(C=O)c(C(=O)[O-])cc4c(I)c(I)c1c2c43,1
CCc1c(C(=O)[O-])c(C(=O)O)c(C(=O)O)c2ccc3c(ccc4c(C(=O)O)c(C(=O)O)c(C(=O)[O-])c(CC)c43)c12,1
N#Cc1cc(C(=O)O)c(C#N)cc1C(=O)O,1
Cc1cc2ccc3c4cc(C(=O)[O-])c(C)cc4ccc3c2cc1C(=O)[O-],1
O=C([O-])c1ccc2cc(Br)c3c4cc(C(=O)[O-])ccc4cc(Br)c3c2c1,1
CCCc1cc(C#N)c(CCC)cc1C#N,1
O=C([O-])C#Cc1c(Br)c(Br)c(C#CC(=O)[O-])c(Br)c1Br,1
CCOc1c(C#N)c(CC)c(OCC)c(C#N)c1CC,1
N#Cc1ccc(C#N)c(O)c1O,1
CC1C(C)(C)C2(C#CC(=O)[O-])CC(O)(O)C1(C#CC(=O)[O-])C(C)C2(C)C,1
[O]S([O])(O)c1cc(C#CC(=O)[O-])cc(S([O])([O])O)c1C#CC(=O)[O-],1
N#Cc1cc(I)c(C#N)cc1I,1
N#Cc1c(Br)c(C=O)c(C#N)c(Br)c1C=O,1
O=C([O-])c1c(Br)cc(C=Cc2cc(Br)c(C(=O)[O-])c(Br)c2Br)c(Br)c1Br,1
N#Cc1c(Cl)c(Cl)c(C#N)c(Cl)c1Cl,1
O=C([O-])c1c(Cl)cc(C2=N[N]C(c3cc(Cl)c(C(=O)[O-])c(Cl)c3)=N[N]2)cc1Cl,1
O=C([O-])C#Cc1c([N+](=O)[O-])c([N+](=O)[O-])c(C#CC(=O)[O-])c([N+](=O)[O-])c1[N+](=O)[O-],1
O=C([O-])c1ccc(N2C(=O)c3ccc4c5c(-c6ccccc6)cc6c7c(ccc(c8c(-c9ccccc9)cc(c3c48)C2=O)c75)C(=O)N(c2ccc(C(=O)[O-])cc2[N+](=O)[O-])C6=O)c([N+](=O)[O-])c1,1
O=C([O-])C#Cc1c(Cl)c(Cl)c(C#CC(=O)[O-])c(Cl)c1Cl,1
CCCc1c(C#N)c(CCC)c(CCC)c(C#N)c1CCC,1
N#Cc1cc([N+](=O)[O-])c(C#N)cc1[N+](=O)[O-],1
CCCc1cc(C#CC(=O)[O-])c(CCC)cc1C#CC(=O)[O-],1
COc1c(C(=O)[O-])c(-c2ccccc2)c(OC)c(C(=O)[O-])c1-c1ccccc1,1
N#Cc1cc(O)c(C#N)cc1O,1
CNc1c(O)c(O)c(O)c(-c2c(O)c(C(=O)[O-])c(-c3c(O)c(O)c(O)c(NC)c3NC)c(O)c2C(=O)[O-])c1NC,1
CNc1cc(C#N)c(NC)cc1C#N,1
N#Cc1cc(F)c(C#N)cc1F,1
O=C(O)c1ccc(-c2cc(C(=O)[O-])c(-c3ccc(C(=O)O)cc3F)cc2C(=O)[O-])c(F)c1,1
O=C([O-])c1cc(-c2c(Br)ccc(Cl)c2Cl)c(C(=O)[O-])cc1-c1c(Br)ccc(Cl)c1Cl,1
CCc1cc(C#N)c(CC)cc1C#N,1
Cc1cc(C#CC(=O)[O-])c(C)cc1C#CC(=O)[O-],1
Cc1ccc(C)c(-c2cc(C(=O)[O-])c(-c3cc(C)ccc3C)cc2C(=O)[O-])c1,1
CCOc1cc(C#Cc2ccnc(OCC)c2)ccn1,1
CCCc1c(F)c(C(=O)[O-])c(CCC)c(F)c1C#Cc1c(F)c(CCC)c(C(=O)[O-])c(F)c1CCC,1
CCCc1nc(CCC)c(CCC)c(C#Cc2c(F)c(CCC)nc(CCC)c2CCC)c1F,1
CNc1c(C#Cc2c(NC)c(NC)c(C(=O)[O-])c(OC)c2NC)c(NC)c(OC)c(C(=O)[O-])c1NC,1
CNc1nc(NC)c(NC)c(C#Cc2c(OC)c(NC)nc(NC)c2OC)c1NC,1
CO[C]([C](OC)C(OC)=C(OC)C(=O)[O-])C(=O)[O-],1
Fc1cncc(F)c1C#Cc1c(F)c(F)nc(F)c1F,1
O=C([O-])c1ccc(C#Cc2ccc(C(=O)[O-])c(F)c2F)c(F)c1F,1
CCCOc1cc(C#Cc2cc(OCCC)c(C(=O)[O-])cc2O)c(O)cc1C(=O)[O-],1
COc1c(OC)c(C(=O)[O-])c2cc([N+](=O)[O-])c([N+](=O)[O-])cc2c1C(=O)[O-],1
Brc1cc(C#Cc2cc(Br)nc(Br)c2)cc(Br)n1,1
CNc1c(NC)c(NC)c2c(C(=O)[O-])c3c(NC)c(NC)c(NC)c(NC)c3c(C(=O)[O-])c2c1NC,1
CNc1cncc(NC)c1C#Cc1c(NC)cncc1NC,1
[O]S([O])(O)c1cc(C#Cc2ccc(C(=O)[O-])cc2)ccc1C(=O)[O-],1
[O]S([O])(O)c1cc(C#Cc2ccncc2)ccn1,1
O=C([O-])c1ccc(C#Cc2c(F)c(F)c(C(=O)[O-])c(F)c2F)cc1,1
COc1cc2ccc3c(ccc4cc(OC)c(C(=O)[O-])c(C(=O)O)c43)c2c(C(=O)O)c1C(=O)[O-],1
CCc1nccc(C#Cc2ccnc(CC)c2CC)c1CC,1
CNc1cc(C(=O)[O-])cc2c1ccc1c3cc(C(=O)[O-])cc(NC)c3ccc21,1
O=CC(C#CC(=O)[O-])=C(C#CC(=O)[O-])C=O,1
O=Cc1nc(O)cc(C#Cc2cc(O)nc(C=O)c2C=O)c1C=O,1
O=Cc1cc(C(=O)[O-])c(O)cc1C#Cc1cc(O)c(C(=O)[O-])cc1C=O,1
COC1(OC)CC2(C(=O)[O-])CCC1(C(=O)[O-])CC2,1
Nc1nc(S([O])([O])[O])cc(C#Cc2cc(S([O])([O])O)nc(N)c2N)c1N,1
COC1(OC)CC2(C(=O)[O-])CC(OC)(OC)C1(C(=O)[O-])CC2(C)C,1
COc1cc(C(=O)[O-])cc(OC)c1C#Cc1c(C)cc(C(=O)[O-])cc1C,1
O=C([O-])c1cc(I)c(C#Cc2cc(I)c(C(=O)[O-])c(I)c2)c(I)c1,1
Ic1cc(C#Cc2cc(I)ncc2I)c(I)cn1,1
COC1(OC)CC2(C#CC(=O)[O-])C(I)CC1(C#CC(=O)[O-])CC2I,1
Ic1cc(C#Cc2cc(I)nc(I)c2)cc(I)n1,1
O=C([O-])c1ccc(C#Cc2c(I)cc(C(=O)[O-])cc2I)cc1,1
O=CC1(C=O)CC2(C#CC(=O)[O-])C(F)C(C=O)(C=O)C1(C#CC(=O)[O-])C(C=O)(C=O)C2F,1
O=Cc1cc(C#Cc2cc(C=O)c(C(=O)[O-])c(C=O)c2)cc(C=O)c1C(=O)[O-],1
O=Cc1cnccc1C#Cc1ccncc1C=O,1
O=C([O-])C12C3C4C1(Cl)C1C2C3(Cl)C41C(=O)[O-],1
O=[N+]([O-])c1cc(C#Cc2cc([N+](=O)[O-])nc(-c3ccccc3)c2[N+](=O)[O-])c([N+](=O)[O-])c(-c2ccccc2)n1,1
COC12C3C4(C#CC(=O)[O-])C5(OC)C(C1(C#CC(=O)[O-])C35c1ccccc1)C42c1ccccc1,1
O=C([O-])c1ccc(C=Cc2ccc(C(=O)[O-])c(C(=O)O)c2)cc1C(=O)O,1
O=C([O-])c1ccc(C=Cc2ccc(C(=O)[O-])cc2Br)c(Br)c1,1
O=C[C]([C](C=O)c1ccc(C(=O)[O-])c(C=O)c1O)c1ccc(C(=O)[O-])c(C=O)c1O,1
O=Cc1nccc(C#Cc2ccnc(C=O)c2O)c1O,1
CCCC(=C(CCC)c1cc(N)c(C(=O)[O-])c(N)c1)c1cc(N)c(C(=O)[O-])c(N)c1,1
CCCc1nc(N)c(CCC)c(C#Cc2c(N)c(CCC)nc(N)c2CCC)c1N,1
Nc1cc(C(=O)[O-])c(N)c(N)c1C#Cc1c(N)cc(C(=O)[O-])c(N)c1N,1
C(#Cc1ccnc(-c2ccccc2)c1)c1ccnc(-c2ccccc2)c1,1
O=C(O)c1cc(C#Cc2cc(C(=O)O)nc(C(=O)O)c2)cc(C(=O)O)n1,1
O=C([O-])c1cc(O)c(C2=N[N]C(c3c(O)cc(C(=O)[O-])cc3O)=N[N]2)c(O)c1,1
COc1cc(N2C(=O)c3c(Cl)c(Cl)c4c5c(c(Cl)c(Cl)c(c35)C2=O)C(=O)N(c2cc(OC)c(C(=O)[O-])c(Cl)c2Cl)C4=O)c(Cl)c(Cl)c1C(=O)[O-],1
COc1cc(C(=O)[O-])cc(OC)c1C#Cc1c(OC)cc(C(=O)[O-])cc1OC,1
CNc1nc(NC)c(NC)c(C#Cc2c(NC)c(NC)nc(NC)c2NC)c1NC,1
CNc1cc(C#Cc2cc(NC)c(C(=O)[O-])c(NC)c2)cc(NC)c1C(=O)[O-],1
CCc1cc2c3c(ccc4c5c(CC)cc6c7c(ccc(c1c34)c75)C(=O)N(c1ccc(C(=O)[O-])cc1C(=O)O)C6=O)C(=O)N(c1ccc(C(=O)[O-])cc1C(=O)O)C2=O,1
O=C(O)c1nc(C(=O)O)c(C(=O)O)c(C#Cc2c(C(=O)O)c(C(=O)O)nc(C(=O)O)c2C(=O)O)c1C(=O)O,1
Cc1c(C(=O)[O-])ccc(N2C(=O)c3ccc4c5ccc6c7c(ccc(c8ccc(c3c48)C2=O)c75)C(=O)N(c2ccc(C(=O)[O-])c(C)c2C)C6=O)c1C,1
Oc1c(Cl)nc(Cl)c(O)c1C#Cc1c(O)c(Cl)nc(Cl)c1O,1
Nc1cnc([N+](=O)[O-])cc1C#Cc1cc([N+](=O)[O-])ncc1N,1
Nc1c(N=Nc2ccc(C(=O)[O-])c(N)c2N)ccc(C(=O)[O-])c1N,1
O=Cc1c(C#Cc2c(C=O)c(C=O)c(C(=O)[O-])c(C=O)c2C=O)c(C=O)c(C=O)c(C(=O)[O-])c1C=O,1
Cc1nc(C)c(C=O)c(C#Cc2c(C=O)c(C)nc(C)c2C=O)c1C=O,1
Cc1c(C=O)cc(C=O)c(-c2cc(C(=O)[O-])c(-c3c(C=O)cc(C=O)c(C)c3C=O)cc2C(=O)[O-])c1C=O,1
CCc1ccc(S([O])([O])O)c(-c2cc(C(=O)[O-])c(-c3c(S([O])([O])O)ccc(CC)c3S([O])([O])O)cc2C(=O)[O-])c1S([O])([O])O,1
CCc1cc(C#Cc2cc(CC)ncc2CC)c(CC)cn1,1
[O]S([O])(O)c1cc(C#Cc2cc(S([O])([O])O)c(C(=O)[O-])c(S([O])([O])O)c2S([O])([O])O)c(S([O])([O])O)c(S([O])([O])O)c1C(=O)[O-],1
CCCc1c(C#N)cccc1-c1c(C#N)c(C(=O)[O-])c(-c2cccc(C#N)c2CCC)c(C#N)c1C(=O)[O-],1
CCCc1cncc(C#N)c1C#Cc1c(C#N)cncc1CCC,1
N#Cc1cc(C(=O)[O-])ccc1C#Cc1ccc(C(=O)[O-])cc1C#N,1
CNc1cnccc1N=Nc1ccncc1NC,1
O=C([O-])c1ccc([N][N]c2ccc(C(=O)[O-])cc2Cl)c(Cl)c1,1
CCc1c(C(=O)[O-])ccc([N][N]c2ccc(C(=O)[O-])c(CC)c2Br)c1Br,1
CCc1cc([N][N]c2cc(Br)nc(CC)c2)cc(Br)n1,1
CCO[C]([C](O)C=C(O)C(=O)[O-])C(=O)[O-],1
CCOc1c(N=Nc2c(O)cc(C(=O)[O-])c(OCC)c2O)ccc(C(=O)[O-])c1O,1
CCOc1cc(N=Nc2c(O)cnc(O)c2O)c(O)cn1,1
Cc1cc(C(=O)[O-])c(C)cc1[N][N]c1ccc(C(=O)[O-])c(C)c1,1
Cc1cc([N][N]c2ccncc2C)ccn1,1
O=CC(=CC(Br)=CC(=O)[O-])C(=O)[O-],1
O=Cc1cc([N][N]c2cc(Br)c(C(=O)[O-])c(Br)c2Br)ccc1C(=O)[O-],1
O=Cc1cc([N][N]c2cc(Br)ncc2Br)ccn1,1
CCCOC(C(=O)[O-])=C(OCCC)C(=CC(=O)[O-])c1ccccc1,1
CCCOc1cc([N][N]c2ccncc2)cc(-c2ccccc2)n1,1
O=C([O-])c1ccc([N][N]c2ccc(C(=O)[O-])c(-c3ccccc3)c2)c(-c2ccccc2)c1,1
CCc1c(C(=O)[O-])ccc([N][N]c2ccc(C(=O)[O-])cc2)c1F,1
CCc1nccc([N][N]c2c(F)cnc(F)c2F)c1F,1
O=C([O-])C(F)=C(F)C(F)=C(F)C(=O)[O-],1
Fc1cnc(F)c(F)c1[N][N]c1c(F)cnc(F)c1F,1
O=C([O-])c1c(F)c(F)c([N][N]c2c(F)c(F)c(C(=O)[O-])c(F)c2F)c(F)c1F,1
O=C([O-])c1cc2c(O)c(O)c(C(=O)[O-])cc2c(O)c1O,1
CCc1c([N][N]c2ccncc2)ccnc1F,1
CCc1ccc2c(C(=O)[O-])ccc(C(=O)[O-])c2c1,1
O=C([O-])c1ccc([N][N]c2ccc(C(=O)[O-])c(F)c2)cc1,1
O=C([O-])c1ccc([N][N]c2ccc(C(=O)[O-])c(C(=O)O)c2)cc1,1
O=C(O)c1cncc(C(=O)O)c1[N][N]c1ccnc(C(=O)O)c1Br,1
O=C([O-])c1cc(Br)c(C(=O)[O-])c2c(C(=O)O)cccc12,1
O=C([O-])c1c2ccc(-c3ccccc3)cc2c(C(=O)[O-])c2ccc(-c3ccccc3)cc12,1
O=C([O-])c1ccc([N][N]c2ccc(C(=O)[O-])cc2-c2ccccc2)c(-c2ccccc2)c1,1
Ic1cc([N][N]c2ccncc2)ccn1,1
O=C([O-])c1ccc([N][N]c2ccc(C(=O)[O-])c(Cl)c2)cc1,1
Nc1c([N][N]c2ccc(C(=O)[O-])cc2)ccc(C(=O)[O-])c1N,1
Nc1cc([N][N]c2ccncc2)c(N)cn1,1
Nc1c(C(=O)[O-])ccc2ccc3c(C(=O)[O-])c(Br)ccc3c12,1
Clc1cnccc1[N][N]c1ccncc1Cl,1
O=C([O-])c1c(Cl)c2ccc3c(Cl)c(C(=O)[O-])c(Cl)c4ccc(c1Cl)c2c34,1
O=C([O-])c1cc(Cl)c([N][N]c2cc(Cl)c(C(=O)[O-])cc2Cl)cc1Cl,1
CCCc1c(C(=O)[O-])c(CCC)c2c(C=O)cc3c(CCC)c(C(=O)[O-])c(CCC)c4c(C=O)cc1c2c34,1
CCCc1nc(C=O)c(CCC)c([N][N]c2c(C=O)c(CCC)nc(C=O)c2CCC)c1C=O,1
CCCc1cc(C(=O)[O-])c(C=O)cc1[N][N]c1cc(C=O)c(C(=O)[O-])cc1CCC,1
Brc1nccc([N][N]c2ccnc(Br)c2Br)c1Br,1
CCCc1cc([N][N]c2cc(CCC)c(C(=O)[O-])c(CCC)c2)cc(CCC)c1C(=O)[O-],1
O=C([O-])c1ccc2c(Br)cc3c4cc(C(=O)[O-])ccc4c(Br)cc3c2c1,1
CCCOc1cc([N][N]c2ccc(C(=O)[O-])c(OCCC)c2)ccc1C(=O)[O-],1
CCCOc1cc([N][N]c2ccnc(OCCC)c2)ccn1,1
Cc1cnccc1N=Nc1ccncc1C,1
Cc1cc([N][N]c2cc(C)c(C(=O)[O-])cc2I)c(I)cc1C(=O)[O-],1
CCCOc1cc(C(=O)[O-])ccc1[N][N]c1ccc(C(=O)[O-])cc1OCCC,1
CCc1cc(C(=O)[O-])ccc1[N][N]c1ccc(C(=O)[O-])cc1CC,1
CCc1cc([N][N]c2ccnc(CC)c2)ccn1,1
COc1cc(C(=O)[O-])ccc1[N][N]c1ccc(C(=O)[O-])c(OC)c1,1
COC1CC2(C(=O)[O-])C(N)CC1(C(=O)[O-])C(N)C2N,1
COc1cc(C(=O)[O-])ccc1[N][N]c1ccc(C(=O)[O-])cc1,1
COc1cnc(N)cc1N=Nc1ccncc1N,1
O=[N+]([O-])c1cnc([N+](=O)[O-])c(-c2ccccc2)c1N=Nc1ccnc(-c2ccccc2)c1[N+](=O)[O-],1
CCCc1cc(C(=O)[O-])ccc1[N][N]c1ccc(C(=O)[O-])cc1,1
CCCc1cc([N][N]c2ccnc(OCC)c2)ccn1,1
O=C([O-])c1ccc([N][N]c2ccc(C(=O)[O-])cc2I)c(I)c1,1
O=C([O-])c1c(Cl)c(Cl)c(N=Nc2c(Cl)c(Cl)c(C(=O)[O-])c(I)c2Cl)c(Cl)c1I,1
Clc1cnc(Cl)c(Cl)c1N=Nc1c(Cl)cnc(Cl)c1Cl,1
O=C([O-])C12C3C4C1(I)C1C2C3(I)C41C(=O)[O-],1
O=Cc1cnccc1[N][N]c1ccncc1C=O,1
CCCOc1cc([C](F)[C](F)c2cc(OCCC)c(C(=O)[O-])c(F)c2F)c(F)c(F)c1C(=O)[O-],1
CCCOc1nc(F)c(F)c([N][N]c2c(F)c(F)nc(OCCC)c2F)c1F,1
O=C([O-])c1c(F)cc([N][N]c2cc(F)c(C(=O)[O-])c(F)c2F)c(F)c1F,1
Cc1cnccc1[N][N]c1ccncc1C,1
CCOc1cc([N][N]c2ccc(C(=O)[O-])c(OCC)c2)ccc1C(=O)[O-],1
CCOc1cc(C2=N[N]C(c3ccc(C(=O)[O-])c(OCC)c3)=N[N]2)ccc1C(=O)[O-],1
COc1cc([N][N]c2cc(OC)c(C(=O)[O-])c(OC)c2)cc(OC)c1C(=O)[O-],1
O=Cc1cc(C2=N[N]C(c3ccc(C(=O)[O-])c(C=O)c3)=N[N]2)ccc1C(=O)[O-],1
CNc1nc([N+](=O)[O-])c(NC)c([N][N]c2c(NC)c([N+](=O)[O-])nc(NC)c2[N+](=O)[O-])c1[N+](=O)[O-],1
CNc1cc(C2=N[N]C(c3cc(NC)c(C(=O)[O-])cc3[N+](=O)[O-])=N[N]2)c([N+](=O)[O-])cc1C(=O)[O-],1
O=C([O-])c1cc(Cl)c(N=Nc2c(Cl)cc(C(=O)[O-])c(O)c2O)c(O)c1O,1
Oc1cc([N][N]c2cc(O)nc(Cl)c2Cl)c(Cl)c(Cl)n1,1
O=C([O-])c1c(O)c(O)c(N2C(=O)c3c(Cl)cc4c5c(O)c(Cl)c6c7c(c(Cl)cc(c8c(O)c(Cl)c(c3c48)C2=O)c75)C(=O)N(c2c(O)c(O)c(C(=O)[O-])c(O)c2Cl)C6=O)c(Cl)c1O,1
O=C([O-])c1ccc(N2C(=O)c3ccc4c5ccc6c7c(ccc(c8ccc(c3c48)C2=O)c75)C(=O)N(c2ccc(C(=O)[O-])c(-c3ccccc3)c2)C6=O)cc1-c1ccccc1,1
c1ccc(-c2cnccc2[N][N]c2ccncc2-c2ccccc2)cc1,1
COc1cc(N2C(=O)c3ccc4c5c(OC)cc6c7c(ccc(c8c(OC)cc(c3c48)C2=O)c75)C(=O)N(c2ccc(C(=O)[O-])c(OC)c2)C6=O)ccc1C(=O)[O-],1
O=C([O-])c1c(F)cc([N][N]c2cc(F)c(C(=O)[O-])c([N+](=O)[O-])c2[N+](=O)[O-])c([N+](=O)[O-])c1[N+](=O)[O-],1
O=[N+]([O-])c1cnc([N+](=O)[O-])c([N+](=O)[O-])c1N=Nc1c([N+](=O)[O-])cnc([N+](=O)[O-])c1[N+](=O)[O-],1
CNc1cc([N][N]c2cc(NC)nc([N+](=O)[O-])c2)cc([N+](=O)[O-])n1,1
Nc1cnccc1N=Nc1ccncc1N,1
Brc1cc([N][N]c2cc(Br)ncc2Br)c(Br)cn1,1
O=C([O-])c1cc(O)c2cc(C(=O)[O-])ccc2c1,1
COC(C#CC(=O)[O-])=C(F)C#CC(=O)[O-],1
COc1c(C(=O)[O-])c(F)c2ccc(C(=O)[O-])cc2c1OC,1
COc1c(C(=O)[O-])cc2ccc(C(=O)[O-])c(F)c2c1F,1
O=C([O-])c1cc(F)c2cc(C(=O)[O-])ccc2c1,1
O=C([O-])c1cc2ccc3cc(C(=O)[O-])c(F)c4ccc(c1F)c2c34,1
O=C([O-])c1cc2c3c(c1)c(Br)c(Br)c1cc(C(=O)[O-])cc(c13)[C](Cl)[C]2Cl,1
O=C([O-])c1cc2c(Cl)c(Cl)c3cc(C(=O)[O-])cc4c(Br)c(Br)c(c1)c2c34,1
CNc1c(NC)c2cc(C(=O)[O-])cc3ccc4cc(C(=O)[O-])cc1c4c32,1
O=C([O-])C#CC12CC(Br)C(C#CC(=O)[O-])(C(I)C1)C(I)C2I,1
O=C([O-])c1cc2c(Br)cc3c(Br)c(C(=O)[O-])c(I)c4cc(Br)c(c1)c2c34,1
CCCOC1CC2(C#CC(=O)[O-])CCC1(C#CC(=O)[O-])CC2O,1
O=Cc1c(C(=O)[O-])cc2ccc3cc(C(=O)[O-])cc4ccc1c2c34,1
CCC1CC2(C#CC(=O)[O-])CCC1(C#CC(=O)[O-])CC2Br,1
O=C([O-])c1cc2ccc3cc(C(=O)[O-])cc4c(Br)cc(c1)c2c34,1
CNc1c(C(=O)[O-])cc2ccc3cc(C(=O)[O-])cc4c(Br)cc1c2c34,1
[O]S([O])(O)c1c(C(=O)[O-])cc2ccc3cc(C(=O)[O-])cc4cc(Cl)c1c2c34,1
CCCOC1(Br)CC2(C#CC(=O)[O-])CCC1(C#CC(=O)[O-])CC2,1
O=C([O-])c1cc2ccc3cc(C(=O)[O-])c(Br)c4ccc(c1)c2c34,1
CNC1CC2(C#CC(=O)[O-])CCC1(C#CC(=O)[O-])CC2F,1
COc1c(OC)c2cc(C(=O)[O-])cc3ccc4cc(C(=O)[O-])cc1c4c32,1
Nc1c(C(=O)[O-])cc2ccc3c(N)c(C(=O)[O-])cc4ccc1c2c43,1
O=C([O-])C#CC12C3C4(I)C1C1(I)C2(I)C3(Br)C41C#CC(=O)[O-],1
O=C([O-])C#CC12C3C4(I)C1(Br)C1(Br)C2(Br)C3(I)C41C#CC(=O)[O-],1
O=C([O-])C#CC12C3C4C1C1(I)C4(C#CC(=O)[O-])C3C21Br,1
O=C([O-])c1cc2c(Br)c(Br)c3c(Br)c(C(=O)[O-])c(Br)c4cc(I)c(c1Br)c2c43,1
O=C([O-])c1cc2c(Br)c(Br)c3cc(C(=O)[O-])c(I)c4c(I)cc(c1Br)c2c34,1
O=C([O-])c1cc2c(Br)cc3c(I)c(C(=O)[O-])c(Br)c4cc(Br)c(c1Br)c2c43,1
CCCOc1cc2cc(C(=O)[O-])cc3ccc4cc(C(=O)[O-])cc1c4c32,1
O=C([O-])c1cc2ccc3c(C(=O)O)c(C(=O)[O-])cc4c(C(=O)O)cc(c1)c2c43,1
NC12C3C4C5(N)C3(C#CC(=O)[O-])C1C5(N)C42C#CC(=O)[O-],1
Nc1c(N)c2c(N)c(C(=O)[O-])cc3ccc4cc(C(=O)[O-])cc1c4c32,1
Nc1cc2c(N)c(C(=O)[O-])cc3ccc4cc(C(=O)[O-])cc1c4c32,1
CCCC12C3C4C5C(C41C#CC(=O)[O-])C2(S([O])([O])O)C53C#CC(=O)[O-],1
CCCC12C3C4C1(C#CC(=O)[O-])C1(S([O])([O])O)C2C3(C#CC(=O)[O-])C41S([O])([O])O,1
CCCc1c(C(=O)[O-])cc2ccc3cc(C(=O)[O-])cc4ccc1c2c34,1
[O]S([O])(O)c1cc2c(S([O])([O])O)c(C(=O)[O-])cc3c(S([O])([O])O)cc4cc(C(=O)[O-])cc1c4c32,1
[O]S([O])(O)c1cc2cc(C(=O)[O-])cc3ccc4cc(C(=O)[O-])cc1c4c32,1
O=C([O-])C#CC12C3C4C1C1(O)C4(C#CC(=O)[O-])C3C21O,1
Nc1cc2c(O)c(C(=O)[O-])cc3ccc4cc(C(=O)[O-])cc1c4c32,1
O=C([O-])c1cc2ccc3cc(C(=O)[O-])cc4c(O)c(O)c(c1)c2c34,1
O=C([O-])c1cc2ccc3cc(C(=O)[O-])cc4c([N+](=O)[O-])cc(c1)c2c34,1
O=C([O-])c1cc2ccc3cc(C(=O)[O-])c([N+](=O)[O-])c4ccc(c1)c2c34,1
COC12C3C4C5C3(C#CC(=O)[O-])C1(c1ccccc1)C5(OC)C42C#CC(=O)[O-],1
Cc1cc2cc(C(=O)[O-])cc3ccc4cc(C(=O)[O-])c(O)c1c4c32,1
Cc1cc2cc(C(=O)[O-])cc3ccc4cc(C(=O)[O-])cc1c4c32,1
O=C([O-])c1cc2ccc3cc(C(=O)[O-])c(O)c4ccc(c1)c2c34,1
NC12C3C4C5C(C41C#CC(=O)[O-])C2(C(=O)O)C53C#CC(=O)[O-],1
Nc1cc2cc(C(=O)[O-])cc3cc(C(=O)O)c4c(C(=O)O)c(C(=O)[O-])cc1c4c23,1
Nc1c(C(=O)[O-])c(N)c2c(N)cc3cc(C(=O)[O-])cc4ccc1c2c43,1
Nc1c(C(=O)[O-])c(N)c2ccc3cc(C(=O)[O-])cc4ccc1c2c43,1
COC12C3(C#CC(=O)[O-])C4C5C3C1(Cl)C5(C#CC(=O)[O-])C42Cl,1
CNC1CC2(C#CC(=O)[O-])CCC1(C#CC(=O)[O-])C(O)C2,1
CCC1(CC)CC2(C#CC(=O)[O-])CCC1(C#CC(=O)[O-])C(O)C2(O)CC,1
CCC1C(CC)C2(C#CC(=O)[O-])C(O)C(O)C1(C#CC(=O)[O-])C(O)C2(CC)CC,1
CCC1CC2(C#CC(=O)[O-])CCC1(C#CC(=O)[O-])C(CC)(CC)C2,1
CCOC1CC2(C#CC(=O)[O-])CCC1(C#CC(=O)[O-])C(Cl)C2Cl,1
CC1C2(C#CC(=O)[O-])CC(C)(C)C(C#CC(=O)[O-])(C(C)C2Cl)C1(C)C,1
CC1C(Cl)C2(C#CC(=O)[O-])CC(Cl)(Cl)C1(C#CC(=O)[O-])CC2Cl,1
CC1CC2(C#CC(=O)[O-])CCC1(C#CC(=O)[O-])C(Cl)C2,1
COC12C3C4(C#CC(=O)[O-])C5C3(C=O)C1(C#CC(=O)[O-])C5(C=O)C42OC,1
COC12C3C4(C#CC(=O)[O-])C5C(C1(C#CC(=O)[O-])C53C=O)C42C=O,1
CCOC12C3C4(N)C1(C#CC(=O)[O-])C1(N)C4(OCC)C3(C#CC(=O)[O-])C21OCC,1
CCOC12C3C4C5C3(C#CC(=O)[O-])C1(N)C5(OCC)C42C#CC(=O)[O-],1
CCOC12C3C4C1(C#CC(=O)[O-])C1(N)C2C3(C#CC(=O)[O-])C41OCC,1
CC12C3C4(C#CC(=O)[O-])C5C3(c3ccccc3)C1(C#CC(=O)[O-])C5(C)C42c1ccccc1,1
CC12C3C4C1(C#CC(=O)[O-])C1(C)C4(c4ccccc4)C3(C#CC(=O)[O-])C21C,1
O=C([O-])C#CC12C3C4C5(C#CC(=O)[O-])C3(C(=O)O)C1C5(I)C42C(=O)O,1
O=C([O-])C#CC12C3C4C1(I)C1(C(=O)O)C4(C#CC(=O)[O-])C3(I)C21C(=O)O,1
O=C([O-])C#CC12C3C4C1C1(C(=O)O)C2C3(C(=O)O)C41C#CC(=O)[O-],1
CC12C3C4C5C(C41C#CC(=O)[O-])C2(C)C53C#CC(=O)[O-],1
CCC12C3C4(C#CC(=O)[O-])C5C3(C=O)C1(C#CC(=O)[O-])C5(CC)C42CC,1
O=CC12C3C4(C#CC(=O)[O-])C1C1(C=O)C4C3(C=O)C21C#CC(=O)[O-],1
O=C([O-])C#CC12C3C4C1C1(F)C4(C#CC(=O)[O-])C3C21F,1
COC12C3C4C5C3(C#CC(=O)[O-])C1C5(C#N)C42C#CC(=O)[O-],1
O=C([O-])C#CC12C3C4C1C1(c5ccccc5)C2C3C41C#CC(=O)[O-],1
O=C([O-])C#CC12CCC(C#CC(=O)[O-])(CC1(Cl)Cl)C(Cl)(Cl)C2,1
COC1CC2(C#CC(=O)[O-])C(OC)CC1(C#CC(=O)[O-])C(Cl)C2Cl,1
CNC1CC2(C#CC(=O)[O-])C(NC)CC1(C#CC(=O)[O-])C(F)C2F,1
O=C([O-])C#CC12CC(Br)C(C#CC(=O)[O-])(C(Br)C1Br)C(F)(Br)C2Br,1
O=C([O-])C#CC12CC(F)(Br)C(C#CC(=O)[O-])(C(Br)C1F)C(Br)C2Br,1
O=C([O-])C#CC12CC(F)C(C#CC(=O)[O-])(C(Br)C1F)C(F)(Br)C2(F)F,1
O=C([O-])C#CC12CCC(C#CC(=O)[O-])(C(F)C1)C(F)C2F,1
O=C([O-])C#CC12CCC(C#CC(=O)[O-])(C(F)C1)C(F)C2Br,1
O=C([O-])C#CC12CC(Br)C(C#CC(=O)[O-])(CC1Cl)C(Cl)(Cl)C2,1
O=C([O-])C#CC12CC(Br)C(C#CC(=O)[O-])(C(Cl)(Cl)C1Br)C(Br)(Br)C2Cl,1
O=C([O-])C#CC12CC(Cl)(Br)C(C#CC(=O)[O-])(CC1Cl)CC2Br,1
O=C([O-])C#CC12CCC(C#CC(=O)[O-])(CC1Cl)C(Br)C2,1
O=C([O-])C#CC12CCC(C#CC(=O)[O-])(CC1Cl)C(Cl)(Cl)C2Cl,1
O=C([O-])C#CC12C3C4C1C1(Cl)C4(C#CC(=O)[O-])C3C21Cl,1
O=C([O-])C#CC12CC(Cl)(Cl)C(C#CC(=O)[O-])(CC1Cl)C(Cl)(Cl)C2Cl,1
O=C([O-])C#CC12CC(Cl)C(C#CC(=O)[O-])(C(Cl)C1)C(Cl)C2,1
O=C([O-])C#CC12CC(Cl)C(C#CC(=O)[O-])(C(Cl)C1Cl)C(Cl)(Cl)C2Cl,1
[O]S([O])(O)C1CC2(C#CC(=O)[O-])CCC1(C#CC(=O)[O-])CC2,1
O=C([O-])C#CC12CCC(C#CC(=O)[O-])(C(O)C1)C(O)C2,1
CCCC1C(I)C2(C#CC(=O)[O-])CCC1(C#CC(=O)[O-])CC2I,1
NC1C(O)C2(C#CC(=O)[O-])CC(O)C1(C#CC(=O)[O-])C(N)(O)C2(N)O,1
NC1C2(C#CC(=O)[O-])CC(N)(O)C(C#CC(=O)[O-])(C1(N)O)C(O)(O)C2N,1
NC1C(N)C2(C#CC(=O)[O-])C(N)CC1(C#CC(=O)[O-])CC2(N)O,1
NC1C(O)C2(C#CC(=O)[O-])C(O)CC1(C#CC(=O)[O-])C(N)C2O,1
NC1C(O)C2(C#CC(=O)[O-])CCC1(C#CC(=O)[O-])C(O)C2(N)O,1
CCCOC1CC2(C#CC(=O)[O-])CCC1([C][C]C(=O)[O-])C(OC)(OCCC)C2,1
COC1(OC)CC2(C#CC(=O)[O-])CCC1(C#CC(=O)[O-])CC2,1
COC1CC2(C#CC(=O)[O-])CCC1(C#CC(=O)[O-])C(OC)C2(O)O,1
CC12C3(I)C4(I)C5(I)C(I)(C1(I)C35C#CC(=O)[O-])C24C#CC(=O)[O-],1
O=C([O-])C#CC12C3C4(F)C1(F)C1(F)C2(F)C3(F)C41C#CC(=O)[O-],1
O=C([O-])C#CC12C3C4C1C1(O)C2C3(O)C41C#CC(=O)[O-],1
O=C([O-])C#CC12C3C4C1C1(I)C2C3(I)C41C#CC(=O)[O-],1
O=C([O-])c1ccc(-c2nnc(-c3ccc(C(=O)[O-])c(Cl)c3)nn2)cc1,1
CNc1cc(-c2nnc(-c3ccc(C(=O)[O-])cc3)nn2)ccc1C(=O)[O-],1
O=C([O-])C#CC12CCC(C#CC(=O)[O-])(CC1)C(O)(O)C2O,1
[O]S([O])(O)C1CC2(C#CC(=O)[O-])C(S([O])([O])O)CC1(C#CC(=O)[O-])C(S([O])([O])O)C2S([O])([O])O,1
O=C([O-])c1ccc(-c2c(F)c(Cl)c(C(=O)[O-])c(Cl)c2Cl)cc1,1
O=C([O-])C#CC12CC(Cl)C(C#CC(=O)[O-])(C(F)C1Cl)C(F)(F)C2(Cl)Cl,1
O=C([O-])c1ccc(-c2cc(Br)c(C(=O)[O-])c(Cl)c2Cl)cc1,1
O=C([O-])C#CC12CCC(C#CC(=O)[O-])(C(Br)C1)C(Cl)(Br)C2Cl,1
Cc1cc(-c2ccc(C(=O)[O-])cc2)ccc1C(=O)[O-],1
Cc1c(N)c(-c2ccc(C(=O)[O-])cc2)cc(N)c1C(=O)[O-],1
Cc1c(C(=O)[O-])cc(N)c(-c2ccc(C(=O)[O-])cc2)c1N,1
CC12C3C4C5(N)C3(C#CC(=O)[O-])C1C5(C)C42C#CC(=O)[O-],1
CC12C3C4C5C3(C#CC(=O)[O-])C1C5(N)C42C#CC(=O)[O-],1
Nc1cc(C(=O)[O-])ccc1-c1ccc(C(=O)[O-])cc1,1
CNC12C3C4C5C(C41C#CC(=O)[O-])C2(NC)C53C#CC(=O)[O-],1
CNc1cc(C(=O)[O-])cc(Cl)c1-c1ccc(C(=O)[O-])cc1,1
CNc1cc(-c2ccc(C(=O)[O-])cc2)ccc1C(=O)[O-],1
CNc1cc(C(=O)[O-])ccc1-c1ccc(C(=O)[O-])cc1Cl,1
CNC12C3C4(C#CC(=O)[O-])C5C3(OC)C1(C#CC(=O)[O-])C5(NC)C42NC,1
CNc1cc(C(=O)[O-])c(OC)cc1-c1ccc(C(=O)[O-])c(OC)c1,1
CNc1cc(C(=O)[O-])ccc1-c1ccc(C(=O)[O-])c(OC)c1,1
CCOC12C3C4C5C(C41C#CC(=O)[O-])C2(c1ccccc1)C53C#CC(=O)[O-],1
CCOc1cc(C(=O)[O-])ccc1-c1ccc(C(=O)[O-])cc1,1
[O]S([O])(O)C12C3C4C1(C#CC(=O)[O-])C1C4(C=O)C3(C#CC(=O)[O-])C12C=O,1
O=Cc1cc(-c2ccc(C(=O)[O-])c(C=O)c2)ccc1C(=O)[O-],1
[O]S([O])([O])c1cc(-c2ccc(C(=O)[O-])cc2)cc(S([O])([O])O)c1C(=O)[O-],1
Nc1cc(C(=O)[O-])ccc1-c1c(F)c(N)c(C(=O)[O-])c(F)c1F,1
NC12C3C4(C#CC(=O)[O-])C1C1(F)C4(F)C3(N)C21C#CC(=O)[O-],1
NC12C3C4C5(N)C3(C#CC(=O)[O-])C1C5(F)C42C#CC(=O)[O-],1
Nc1c(C(=O)[O-])ccc(-c2cc(F)c(C(=O)[O-])cc2F)c1F,1
Nc1cc(C(=O)[O-])c(F)cc1-c1c(N)cc(C(=O)[O-])c(F)c1F,1
CCc1cc(-c2ccc(C(=O)[O-])cc2)ccc1C(=O)[O-],1
CCC12C3C4C1(C#CC(=O)[O-])C1C4(NC)C3(C#CC(=O)[O-])C12NC,1
CCc1cc(-c2ccc(C(=O)[O-])cc2)c(NC)cc1C(=O)[O-],1
Nc1c(C(=O)[O-])ccc(-c2ccc(C(=O)[O-])cc2Cl)c1N,1
Nc1cc(C(=O)[O-])c(Cl)c(Cl)c1-c1cc(Cl)c(C(=O)[O-])c(Cl)c1,1
NC12C3(C#CC(=O)[O-])C4C5C3C1(Cl)C5(C#CC(=O)[O-])C42Cl,1
O=C([O-])c1ccc(-c2ccc(C(=O)[O-])c(Cl)c2)cc1,1
CCCOC12C3C4C5C(C1C53C#CC(=O)[O-])C42C#CC(=O)[O-],1
CCCOc1cc(C(=O)[O-])cc(OCCC)c1-c1ccc(C(=O)[O-])cc1,1
CC12C3C4C5(C)C3(C#CC(=O)[O-])C1C5(C)C42C#CC(=O)[O-],1
CNC12C3C4C5C3(C#CC(=O)[O-])C1C5(NC)C42C#CC(=O)[O-],1
N#Cc1cc(C#CC(=O)[O-])ccc1C#CC(=O)[O-],1
N#Cc1cc(-c2ccc(C(=O)[O-])cc2)cc(C#N)c1C(=O)[O-],1
N#Cc1cc(C(=O)[O-])ccc1-c1ccc(C(=O)[O-])cc1,1
[O]S([O])(O)c1cc(C#CC(=O)[O-])ccc1C#CC(=O)[O-],1
[O]S([O])(O)c1cc(C(=O)[O-])ccc1-c1ccc(C(=O)[O-])cc1,1
CCOc1cc(C#CC(=O)[O-])cc(-c2ccccc2)c1C#CC(=O)[O-],1
O=C([O-])C#Cc1ccc(C#CC(=O)[O-])c(-c2ccccc2)c1,1
COc1cc(-c2ccc(C(=O)[O-])cc2)ccc1C(=O)[O-],1
O=C([O-])C#Cc1ccc(C#CC(=O)[O-])c(Cl)c1Cl,1
O=C([O-])c1ccc(-c2ccc(C(=O)[O-])cc2Cl)cc1,1
O=C([O-])c1ccc(-c2cc(F)c(C(=O)[O-])cc2F)cc1,1
O=C([O-])c1ccc(-c2ccc(C(=O)[O-])c(O)c2O)c(F)c1,1
COc1c(C#CC(=O)[O-])ccc(C#CC(=O)[O-])c1C,1
COc1c(C)c(C#CC(=O)[O-])c(OC)c(C)c1C#CC(=O)[O-],1
COc1c(C)c(C#CC(=O)[O-])cc(C)c1C#CC(=O)[O-],1
COc1c(C)c(-c2ccc(C(=O)[O-])cc2)c(C)c(C)c1C(=O)[O-],1
COc1cc(C(=O)[O-])c(C)cc1-c1cc(C)c(C(=O)[O-])c(OC)c1OC,1
Cc1cc(C(=O)[O-])ccc1-c1cc(C)c(C(=O)[O-])c(C)c1,1
CCCc1c(C(=O)[O-])ccc(-c2ccc(C(=O)[O-])cc2F)c1F,1
CCCc1cc(C#CC(=O)[O-])cc(F)c1C#CC(=O)[O-],1
CCCc1cc(C(=O)[O-])ccc1-c1ccc(C(=O)[O-])cc1,1
CCc1c(C#CC(=O)[O-])ccc(C#CC(=O)[O-])c1CC,1
CCc1cc(-c2c(CC)cc(C(=O)[O-])c(CC)c2CC)ccc1C(=O)[O-],1
CCc1cc(C(=O)[O-])c(CC)c(CC)c1-c1ccc(C(=O)[O-])cc1,1
CCc1cc(C(=O)[O-])cc(CC)c1-c1ccc(C(=O)[O-])cc1,1
COc1c(C(=O)[O-])c(Cl)c2ccc3cc(C(=O)[O-])c(OC)c4c(OC)cc1c2c34,1
COc1cc(C#CC(=O)[O-])c(Cl)c(OC)c1C#CC(=O)[O-],1
O=C([O-])c1cc2cc(Cl)c3c(Cl)c(C(=O)[O-])cc4c(Cl)c(Cl)c(c1)c2c43,1
O=C([O-])c1cc2ccc3cc(C(=O)[O-])c(Cl)c4ccc(c1)c2c34,1
O=C([O-])C#Cc1cc(I)c(C#CC(=O)[O-])cc1I,1
O=C([O-])c1cc2cc(I)c3c(I)c(C(=O)[O-])cc4cc(I)c(c1I)c2c43,1
O=C([O-])c1cc2ccc3cc(C(=O)[O-])c(I)c4c(I)cc(c1I)c2c34,1
CCc1cc(C#CC(=O)[O-])cc(CC)c1C#CC(=O)[O-],1
CCc1cc(C#CC(=O)[O-])cc(NC)c1C#CC(=O)[O-],1
CNc1cc2cc(C(=O)[O-])cc3ccc4cc(C(=O)[O-])cc1c4c32,1
O=C([O-])C#Cc1cc(C(=O)O)c(C#CC(=O)[O-])c(C(=O)O)c1,1
Nc1c(C#CC(=O)[O-])ccc(C#CC(=O)[O-])c1N,1
COc1cc(C#CC(=O)[O-])c(OC)c(OC)c1C#CC(=O)[O-],1
Cc1cc(C#CC(=O)[O-])ccc1C#CC(=O)[O-],1
CCc1c(F)c(C#CC(=O)[O-])c(CC)c(CC)c1C#CC(=O)[O-],1
CCc1c(F)c(C#CC(=O)[O-])c(F)c(F)c1C#CC(=O)[O-],1
CCC12C3C4C5C(C41C#CC(=O)[O-])C2(CC)C53C#CC(=O)[O-],1
CCC12C3C4C5C3(C#CC(=O)[O-])C1C5(c1ccccc1)C42C#CC(=O)[O-],1
CNc1c(C#CC(=O)[O-])ccc(C#CC(=O)[O-])c1Cl,1
COC12C3C4(C#CC(=O)[O-])C1(Br)C1C2(C#CC(=O)[O-])C3(OC)C14OC,1
COc1c(Br)c(C#CC(=O)[O-])c(OC)c(Br)c1C#CC(=O)[O-],1
COc1c(Br)c(C#CC(=O)[O-])cc(Br)c1C#CC(=O)[O-],1
N#CC12C3C4(I)C5(I)C3(C#CC(=O)[O-])C1(C#N)C5(I)C42C#CC(=O)[O-],1
N#Cc1c(I)c(C#CC(=O)[O-])c(C#N)c(C#N)c1C#CC(=O)[O-],1
N#Cc1c(C#CC(=O)[O-])cc(I)c(C#CC(=O)[O-])c1C#N,1
N#Cc1cc(C#CC(=O)[O-])c(C#N)c(C#N)c1C#CC(=O)[O-],1
O=C([O-])C#Cc1cc(I)c(C#CC(=O)[O-])c(I)c1I,1
O=Cc1cc(C#CC(=O)[O-])ccc1C#CC(=O)[O-],1
O=C([O-])C#Cc1ccc(C#CC(=O)[O-])c(F)c1F,1
CNc1c(C#CC(=O)[O-])c(I)c(I)c(C#CC(=O)[O-])c1NC,1
O=C([O-])C#Cc1c(Br)c(Br)c(C#CC(=O)[O-])c(C(=O)O)c1C(=O)O,1
Nc1cc(C#Cc2ccc(C(=O)[O-])c(Cl)c2)c(Cl)c(N)c1C(=O)[O-],1
Nc1c(N)c(C(=O)[O-])c(N)c(N)c1C#Cc1c(N)c(N)c(C(=O)[O-])c(N)c1Cl,1
Nc1c(N)c(C#CC(=O)[O-])c(Cl)c(Cl)c1C#CC(=O)[O-],1
Nc1cc(C#CC(=O)[O-])c(N)c(Cl)c1C#CC(=O)[O-],1
Nc1cc(C#Cc2cc(Cl)c(C(=O)[O-])c(N)c2Cl)cc(Cl)c1C(=O)[O-],1
CNc1cc(C#Cc2ccc(C(=O)[O-])cc2)ccc1C(=O)[O-],1
O=C([O-])c1ccc(C#Cc2ccc(C(=O)[O-])c(C(=O)O)c2)cc1,1
O=C([O-])c1ccc(C#Cc2ccc(C(=O)[O-])c(Cl)c2Cl)cc1,1
O=C([O-])c1ccc(C#Cc2c(Cl)cc(C(=O)[O-])c(Cl)c2Cl)cc1,1
O=C([O-])C#CC12CC(Cl)C(C#CC(=O)[O-])(CC1Cl)C(Cl)(Cl)C2,1
CNC1(F)CC2(C#CC(=O)[O-])CCC1(C#CC(=O)[O-])CC2,1
CNC1C(F)C2(C#CC(=O)[O-])CC(F)C1(C#CC(=O)[O-])CC2F,1
CNc1c(C(=O)[O-])ccc(C#Cc2ccc(C(=O)[O-])cc2)c1F,1
O=C([O-])c1ccc(C#Cc2ccc(C(=O)[O-])c(F)c2F)c(F)c1,1
O=C([O-])c1ccc(C#Cc2ccc(C(=O)[O-])c(F)c2)cc1,1
O=C([O-])C#CC12C3C4C1C1(I)C2C3C41C#CC(=O)[O-],1
O=C([O-])c1ccc(C#Cc2ccc(C(=O)[O-])c(I)c2)cc1,1
CNc1cc(C#Cc2ccc(C(=O)[O-])cc2)c(C=O)cc1C(=O)[O-],1
O=Cc1cc(C(=O)[O-])ccc1C#Cc1ccc(C(=O)[O-])cc1,1
O=Cc1cc(C(=O)[O-])ccc1-c1nnc(-c2ccc(C(=O)[O-])cc2)nn1,1
COc1cc(C(=O)[O-])ccc1C#Cc1cc(OC)c(C(=O)[O-])cc1-c1ccccc1,1
COc1cc(C(=O)[O-])ccc1C#Cc1ccc(C(=O)[O-])cc1,1
COc1cc(C(=O)[O-])ccc1-c1nnc(-c2ccc(C(=O)[O-])cc2)nn1,1
O=C([O-])c1ccc(C#Cc2ccc(C(=O)[O-])cc2-c2ccccc2)cc1,1
Nc1cc(C(=O)[O-])c(N)c(N)c1-c1nnc(-c2ccc(C(=O)[O-])cc2)nn1,1
Nc1cc(C(=O)[O-])c(N)cc1C#Cc1ccc(C(=O)[O-])c(N)c1N,1
Nc1cc(C(=O)[O-])ccc1C1=N[N]C(c2c(N)cc(C(=O)[O-])cc2N)=N[N]1,1
Nc1cc(-c2nnc(-c3ccc(C(=O)[O-])cc3N)nn2)c(N)cc1C(=O)[O-],1
Nc1cc(C(=O)[O-])cc(N)c1C#Cc1ccc(C(=O)[O-])cc1,1
CCc1cc2c3c(ccc4c5c(CC)cc6c7c(ccc(c1c34)c75)C(=O)N(c1ccc(C(=O)[O-])cc1OC)C6=O)C(=O)N(c1ccc(C(=O)[O-])cc1OC)C2=O,1
O=C([O-])C=C(C=C(C(=O)[O-])[N+](=O)[O-])[N+](=O)[O-],1
Nc1c(C(=O)[O-])c(F)c2ccc(C(=O)[O-])cc2c1N,1
CCc1cc(C(=O)[O-])cc2ccc(C(=O)[O-])cc12,1
O=C([O-])c1cc2ccc3cc(C(=O)[O-])cc4c(O)cc(c1)c2c34,1
O=C([O-])c1cc2ccc3c(I)c(C(=O)[O-])c(C(=O)O)c4ccc(c1)c2c34,1
CC(=CC(O)=C(O)C(=O)[O-])C(=O)[O-],1
Cc1cc2cc(C(=O)[O-])c(O)c3cc(O)c4c(C)c(C(=O)[O-])cc1c4c23,1
O=C([O-])C=C(Br)C(O)=C(O)C(=O)[O-],1
O=CC(C=CC(=O)[O-])=C(Br)C(=O)[O-],1
O=C([O-])C=C(Cl)C=C(C(=O)[O-])[N+](=O)[O-],1
[O]S([O])(O)C1C(S([O])([O])O)C2(C(=O)[O-])CCC1(C(=O)[O-])CC2,1
O=C([O-])C12C3C4C1C1(I)C2C3C41C(=O)[O-],1
O=C([O-])C12C3C4C1C1(F)C4(C(=O)[O-])C3C21F,1
O=C([O-])C(Cl)=C(O)C(O)=C(Cl)C(=O)[O-],1
Cc1cc(C(=O)[O-])cc2c1ccc1c2ccc2ccc(C(=O)[O-])c(C)c21,1
N#CC(C#CC(=O)[O-])=C(C#N)C#CC(=O)[O-],1
N#CC(C(C#N)=C(C(=O)[O-])[N+](=O)[O-])=C(C(=O)[O-])[N+](=O)[O-],1
O=C([O-])C(=C(C(=C(C(=O)[O-])[N+](=O)[O-])[N+](=O)[O-])[N+](=O)[O-])[N+](=O)[O-],1
Cc1cc2cc(C(=O)[O-])c(C)cc2cc1C(=O)[O-],1
O=Cc1c(C(=O)[O-])cc2c(C=O)c(C=O)c(C(=O)[O-])cc2c1C=O,1
CCc1c(C(=O)[O-])cc2c(CC)c(CC)c(C(=O)[O-])cc2c1CC,1
COc1c(C(=O)[O-])c(F)c2c(OC)c(OC)c(C(=O)[O-])c(F)c2c1OC,1
O=C([O-])c1cc([N+](=O)[O-])c2c(Br)c(C(=O)[O-])cc([N+](=O)[O-])c2c1Br,1
COc1cc(C(=O)[O-])cc2c(OC)cc(C(=O)[O-])cc12,1
O=C([O-])C12C(Cl)C(F)(Cl)C(C(=O)[O-])(C(F)(F)C1(F)Cl)C(Cl)(Cl)C2(Cl)Cl,1
O=C([O-])c1c(Cl)c(Cl)c2c(F)c(C(=O)[O-])c(F)cc2c1Cl,1
CNc1cc2cc(C(=O)[O-])ccc2cc1C(=O)[O-],1
N#Cc1c(C(=O)[O-])ccc2cc(C(=O)[O-])ccc12,1
O=C([O-])c1cc2c(Cl)cc(C(=O)[O-])c(Cl)c2c([N+](=O)[O-])c1[N+](=O)[O-],1
O=C([O-])C12C3C4C1C1(Br)C4(C(=O)[O-])C3C21F,1
O=C([O-])c1ccc2c(F)c(C(=O)[O-])ccc2c1,1
O=C(O)c1cc2c(C(=O)O)c(C(=O)[O-])c(C(=O)O)cc2c(C(=O)O)c1C(=O)[O-],1
O=C([O-])C#CC12C3C4(C(=O)O)C5(C#CC(=O)[O-])C(C1(C(=O)O)C35[N+](=O)[O-])C24[N+](=O)[O-],1
N#Cc1cc(C(=O)[O-])cc2c(C#N)cc(C(=O)[O-])cc12,1
N#Cc1c(C(=O)[O-])c(I)c2c(C#N)c(C#N)c(C(=O)[O-])c(I)c2c1C#N,1
CC12C3C4(I)C5(C)C(C1(I)C35C#CC(=O)[O-])C24C#CC(=O)[O-],1
Cc1c(C(=O)[O-])cc2c(C)c(C)c(C(=O)[O-])cc2c1C,1
COc1c(Br)c(C(=O)[O-])c(Br)c2cc(Br)c(C(=O)[O-])c(OC)c12,1
COc1c(C(=O)[O-])c(Br)c2c(Br)cc(C(=O)[O-])cc2c1OC,1
COc1cc(-c2nnc(-c3c(Br)c(Br)c(C(=O)[O-])c(OC)c3OC)nn2)c(OC)c(Br)c1C(=O)[O-],1
COc1c(-c2nnc(-c3ccc(C(=O)[O-])c(Br)c3Br)nn2)cc(Br)c(C(=O)[O-])c1OC,1
CNc1cc2c(NC)c(C(=O)[O-])c(NC)cc2c(NC)c1C(=O)[O-],1
CNc1cc(-c2nnc(-c3ccc(C(=O)[O-])cc3)nn2)cc(NC)c1C(=O)[O-],1
CNc1cc(C(=O)[O-])ccc1-c1nnc(-c2c(NC)cc(C(=O)[O-])c(NC)c2NC)nn1,1
CNc1cc2c(NC)c(C(=O)[O-])cc(NC)c2cc1C(=O)[O-],1
O=C([O-])c1ccc(-c2nnc(-c3ccc(C(=O)[O-])c(F)c3)nn2)cc1,1
O=C([O-])c1cc2ccc3cc(C(=O)[O-])c(F)c4ccc(c1)c2c34,1
O=C([O-])c1ccc2cc(C(=O)O)c3c(C(=O)[O-])cccc3c2c1,1
O=C([O-])c1cc2c(ccc3c(C(=O)[O-])c(O)ccc32)c(O)c1O,1
CCOC1CC2(C#CC(=O)[O-])CCC1(C#CC(=O)[O-])C([N+](=O)[O-])C2,1
O=C([O-])c1ccc(C=C(Br)c2ccc(C(=O)[O-])cc2)cc1,1
O=C([O-])c1cc2c(cc1I)cc(Br)c1c(C(=O)[O-])ccc(I)c12,1
O=Cc1cc(C(=O)[O-])ccc1C=Cc1ccc(C(=O)[O-])cc1,1
O=Cc1ccc2c(ccc3ccc(C(=O)[O-])c(Cl)c32)c1C(=O)[O-],1
O=C([O-])c1ccc2ccc3c(C(=O)[O-])cc([N+](=O)[O-])cc3c2c1[N+](=O)[O-],1
COc1cc2ccc(C(=O)[O-])cc2c2cccc(C(=O)[O-])c12,1
N#Cc1cc(C(=O)[O-])c2cc(O)c3ccc(C(=O)[O-])cc3c2c1,1
O=C([O-])c1ccc(-c2nnc(-c3ccc(C(=O)[O-])cc3O)nn2)c(O)c1,1
O=C([O-])c1cc2ccc3c(-c4ccccc4)c(C(=O)[O-])cc4ccc(c1-c1ccccc1)c2c43,1
O=C([O-])c1c(-c2ccccc2)c2cc(-c3ccccc3)c3c(F)c(C(=O)[O-])c(-c4ccccc4)c4cc(-c5ccccc5)c(c1F)c2c43,1
CCCC1CC2(C#CC(=O)[O-])CCC1(C#CC(=O)[O-])C(CCC)C2(CCC)CCC,1
CCCc1cc2cc(C(=O)[O-])cc3ccc4cc(C(=O)[O-])c(OCC)c1c4c32,1
CNC1(F)C2(C#CC(=O)[O-])CC(F)C(C#CC(=O)[O-])(C1(F)NC)C(NC)(NC)C2(F)F,1
CNc1c(F)c2cc(C(=O)[O-])c(NC)c3cc(F)c4cc(C(=O)[O-])cc1c4c23,1
NC12C3C4C5(Br)C3(C(=O)[O-])C1C5(N)C42C(=O)[O-],1
COc1c(N)c2c(N)c(C(=O)[O-])c(N)c3c(OC)c(N)c4c(N)c(C(=O)[O-])c(N)c1c4c23,1
NC12C3(N)C4(N)C5(N)C(N)(C1(N)C35C#CC(=O)[O-])C24C#CC(=O)[O-],1
CCOc1c(C(=O)[O-])ccc2ccc3c(ccc4ccc(C(=O)[O-])c(OCC)c43)c12,1
O=C([O-])C#CC12C(O)C(F)(F)C(C#CC(=O)[O-])(C(O)(O)C1(O)O)C(F)(F)C2(O)F,1
O=C([O-])C#CC12C(O)C(O)(F)C(C#CC(=O)[O-])(C(O)C1(O)O)C(F)(F)C2F,1
O=C([O-])c1cc2c(cc(O)c3c4c(O)c(C(=O)[O-])c(O)c(O)c4c(O)c(O)c23)c(F)c1F,1
O=C([O-])c1ccc2cc(F)c3c4c(O)c(C(=O)[O-])c(F)c(O)c4c(F)c(F)c3c2c1O,1
CCC1CC2(C#CC(=O)[O-])CCC1(C#CC(=O)[O-])CC2,1
CCc1cc2ccc3c4cc(C(=O)[O-])ccc4c(CC)c(CC)c3c2cc1C(=O)[O-],1
CCc1cc2ccc3c(ccc4c(CC)cc(C(=O)[O-])c(CC)c43)c2cc1C(=O)[O-],1
CCC12C3C4C5C3(C#CC(=O)[O-])C1(CC)C5(CC)C42C#CC(=O)[O-],1
CCC12C3C4C5C3(C#CC(=O)[O-])C1C5([N+](=O)[O-])C42C#CC(=O)[O-],1
CCc1c([N+](=O)[O-])c2c3cc(C(=O)[O-])c([N+](=O)[O-])cc3c([N+](=O)[O-])cc2c2c([N+](=O)[O-])c(C(=O)[O-])ccc12,1
CCc1cc2c(CC)cc3c(ccc4cc(CC)c(C(=O)[O-])c(CC)c43)c2cc1C(=O)[O-],1
O=C([O-])C#CC12C3C4(I)C1C1(I)C2(I)C3(O)C41C#CC(=O)[O-],1
O=C([O-])C#CC12C3C4C1C1(I)C4(C#CC(=O)[O-])C3C21O,1
O=C([O-])c1ccc2cc(O)c3c(ccc4cc(I)c(C(=O)[O-])c(O)c43)c2c1,1
[O]S([O])(O)C12C3C4(O)C5C3(C#CC(=O)[O-])C1(O)C5(S([O])([O])O)C42C#CC(=O)[O-],1
[O]S([O])(O)C12C3C4C5(O)C3(C#CC(=O)[O-])C1C5(S([O])([O])O)C42C#CC(=O)[O-],1
[O]S([O])(O)c1cc(C(=O)[O-])cc2c1ccc1c3c(O)c(C(=O)[O-])c(O)c(O)c3c(O)c(S([O])([O])O)c21,1
O=C([O-])c1ccc2ccc3c(ccc4c(O)cc(C(=O)[O-])c(O)c43)c2c1,1
O=Cc1cc(C(=O)[O-])cc2c1ccc1c3cc(C(=O)[O-])cc(C=O)c3ccc21,1
O=C([O-])c1ccc(N2C(=O)c3cc(Br)c4c5c(cc(Br)c(c35)C2=O)C(=O)N(c2ccc(C(=O)[O-])cc2)C4=O)cc1,1
CC1CC2(C(=O)[O-])C(C)CC1(C(=O)[O-])CC2C=O,1
CCC1C(Cl)C2(C#CC(=O)[O-])CC(Cl)C1(C#CC(=O)[O-])CC2Cl,1
CCCOC1CC2(C#CC(=O)[O-])CCC1(C#CC(=O)[O-])C(C#N)C2,1
O=C([O-])C#CC12CCC(C#CC(=O)[O-])(C(c3ccccc3)C1)C(c1ccccc1)C2,1
O=C([O-])C#CC12C(Br)C(Br)(Br)C(C#CC(=O)[O-])(C(Br)C1(Br)C(=O)O)C(Br)(C(=O)O)C2C(=O)O,1
O=CC1C(C=O)C2(C#CC(=O)[O-])C(C=O)(C=O)CC1(C#CC(=O)[O-])C(C=O)C2(C=O)C=O,1
CCC12C3C4C5C(C41C#CC(=O)[O-])C2(I)C53C#CC(=O)[O-],1
CCC12C3C4C5C3(C#CC(=O)[O-])C1C5(CC)C42C#CC(=O)[O-],1
CCCC12C3C4(O)C5C3(C#CC(=O)[O-])C1(O)C5(O)C42C#CC(=O)[O-],1
CCCC12C3C4(O)C5C(C1(O)C53C#CC(=O)[O-])C42C#CC(=O)[O-],1
CC12C3(C)C4(C)C1(C#CC(=O)[O-])C1(C)C2(C)C3(C#CC(=O)[O-])C41C#N,1
O=C([O-])c1ccc(C(=O)[O-])c(C(=O)O)c1F,1
CCOc1cc(C(=O)[O-])ccc1C(=O)[O-],1
CCCc1cc(C(=O)[O-])ccc1C(=O)[O-],1
N#Cc1c(C(=O)[O-])cc2c(C#N)cc(C(=O)[O-])cc2c1C#N,1
O=C([O-])c1cc2ccc3cc(C(=O)[O-])cc4c(-c5ccccc5)c(Br)c(c1)c2c34,1
O=C([O-])c1cc2ccc3cc(C(=O)[O-])cc4c(-c5ccccc5)cc(c1)c2c34,1
O=C([O-])c1c(O)c(O)c(C(=O)[O-])c([N+](=O)[O-])c1O,1
O=C([O-])c1ccc(C(=O)[O-])c(O)c1O,1
COc1c(OC)c(C(=O)[O-])c2c(c1C(=O)[O-])CC2,1
COc1cc(C(=O)[O-])cc(OC)c1C(=O)[O-],1
O=C(O)C1CC2(C(=O)[O-])CCC1(C(=O)[O-])CC2,1
O=C([O-])C12CC(I)([N+](=O)[O-])C(C(=O)[O-])(CC1[N+](=O)[O-])C(I)([N+](=O)[O-])C2I,1
O=C([O-])C12CC([N+](=O)[O-])C(C(=O)[O-])(CC1F)C([N+](=O)[O-])([N+](=O)[O-])C2F,1
O=C([O-])C12CCC(C(=O)[O-])(C(F)C1)C([N+](=O)[O-])C2,1
CCCOC1CC2(C#CC(=O)[O-])CC(Br)C1(C#CC(=O)[O-])CC2Br,1
CNC12C3C4C5C(C41C(=O)[O-])C2(NC)C53C(=O)[O-],1
CNC12C3C4(OC)C5C3(C(=O)[O-])C1(OC)C5(OC)C42C(=O)[O-],1
[O]S([O])(O)C12C3(O)C4(O)C1(C(=O)[O-])C1(O)C2(O)C3(C(=O)[O-])C41S([O])([O])O,1
[O]S([O])(O)C12C3C4(O)C5C3(C(=O)[O-])C1(O)C5(O)C42C(=O)[O-],1
O=C([O-])C12C3C4C1C1([N+](=O)[O-])C4(C(=O)[O-])C3(Cl)C21[N+](=O)[O-],1
N#CC12C3C4C5C(C41C(=O)[O-])C2(O)C53C(=O)[O-],1
NC12C3C4(O)C5(N)C(C1(O)C35C#CC(=O)[O-])C24C#CC(=O)[O-],1
[O]S([O])(O)C12C3(Cl)C4(Cl)C1(C#CC(=O)[O-])C1(Cl)C2(Cl)C3(C#CC(=O)[O-])C41S([O])([O])O,1
[O]S([O])(O)C12C3(C#CC(=O)[O-])C4(C(=O)O)C1(S([O])([O])O)C1(C#CC(=O)[O-])C2(C(=O)O)C3(S([O])([O])O)C14S([O])([O])O,1
NC12C3C4(N)C5(N)C(C1(N)C35C#CC(=O)[O-])C24C#CC(=O)[O-],1
CCOc1c(-c2nnc(-c3c(N)c(N)c(C(=O)[O-])c(OCC)c3N)nn2)cc(N)c(C(=O)[O-])c1N,1
CCOc1cc(-c2nnc(-c3ccc(C(=O)[O-])c(OCC)c3N)nn2)c(OCC)c(N)c1C(=O)[O-],1
O=C([O-])C#CC(I)=C(I)C#CC(=O)[O-],1
O=C([O-])c1ccc(C=Cc2ccc(C(=O)[O-])cc2I)c(I)c1,1
CNc1c(C(=O)[O-])c(NC)c([N+](=O)[O-])c(C=Cc2c([N+](=O)[O-])c(NC)c(C(=O)[O-])c(NC)c2[N+](=O)[O-])c1[N+](=O)[O-],1
O=C([O-])C#CC(F)=C(F)C#CC(=O)[O-],1
O=C([O-])c1c(F)cc(C(F)=C(F)c2cc(F)c(C(=O)[O-])c(F)c2)cc1F,1
CC1C([N+](=O)[O-])C2(C#CC(=O)[O-])C([N+](=O)[O-])C([N+](=O)[O-])C1(C#CC(=O)[O-])C([N+](=O)[O-])C2(C)[N+](=O)[O-],1
O=C([O-])C#CC12CC([N+](=O)[O-])C(C#CC(=O)[O-])(CC1([N+](=O)[O-])[N+](=O)[O-])C([N+](=O)[O-])([N+](=O)[O-])C2[N+](=O)[O-],1
CCC1CC2(C#CC(=O)[O-])CCC1(C#CC(=O)[O-])CC2O,1
O=C([O-])c1ccc(-c2nnc(-c3ccc(C(=O)[O-])cc3O)nn2)cc1,1
NC1CC2(C#CC(=O)[O-])CCC1(C#CC(=O)[O-])C(N)(N)C2,1
Nc1cc(C2=N[N]C(c3c(N)cc(C(=O)[O-])c(N)c3N)=N[N]2)ccc1C(=O)[O-],1
CNC1CC2(C#CC(=O)[O-])CC(NC)C1(C#CC(=O)[O-])CC2(I)NC,1
CNc1cc(C(=O)[O-])ccc1-c1nnc(-c2ccc(C(=O)[O-])cc2)nn1,1
CNC1CC2(C#CC(=O)[O-])CC(Br)C1(C#CC(=O)[O-])CC2Br,1
CNc1cc(C(=O)[O-])c(NC)c(NC)c1-c1nnc(-c2ccc(C(=O)[O-])c(Br)c2)nn1,1
NC12C3(N)C4(C#CC(=O)[O-])C5(N)C(N)(C1(C#CC(=O)[O-])C35C=O)C24C=O,1
CCCc1cc(C(=O)[O-])ccc1C1=N[N]C(c2ccc(C(=O)[O-])cc2CCC)=N[N]1,1
CCCOC12C3(F)C4(F)C1(C#CC(=O)[O-])C1(F)C2(F)C3(C#CC(=O)[O-])C41OCCC,1
CCCOc1c(F)c(C(=O)[O-])c(F)c(F)c1C1=N[N]C(c2c(F)c(F)c(C(=O)[O-])c(F)c2OCCC)=N[N]1,1
CCCc1cc(C(=O)[O-])c(C)cc1C1=N[N]C(c2cc(C)c(C(=O)[O-])cc2CCC)=N[N]1,1
O=C([O-])c1ccc(C(F)=C(F)c2ccc(C(=O)[O-])c(F)c2F)c(F)c1F,1
O=C([O-])c1ccc(C2=N[N]C(c3ccc(C(=O)[O-])cc3Cl)=N[N]2)c(Cl)c1,1
O=C([O-])c1cc(O)c(C2=N[N]C(c3c(O)cc(C(=O)[O-])c(O)c3I)=N[N]2)c(I)c1O,1
O=C([O-])c1cc(I)c(C2=N[N]C(c3cc(I)c(C(=O)[O-])cc3I)=N[N]2)cc1I,1
CCc1cc(N2C(=O)c3ccc4c5c(c(CC)cc(c35)C2=O)C(=O)N(c2cc(CC)c(C(=O)[O-])cc2CC)C4=O)ccc1C(=O)[O-],1
CCc1cc(-c2nnc(-c3ccc(C(=O)[O-])cc3)nn2)ccc1C(=O)[O-],1
O=Cc1c(Cl)c(N2C(=O)c3c(Cl)cc4c5c(c(Cl)c(C=O)c(c35)C2=O)C(=O)N(c2c(Cl)cc(C(=O)[O-])c(Cl)c2Cl)C4=O)c(C=O)c(Cl)c1C(=O)[O-],1
O=Cc1c(C(=O)[O-])cc(Cl)c(-c2nnc(-c3c(Cl)c(Cl)c(C(=O)[O-])c(C=O)c3C=O)nn2)c1Cl,1
O=Cc1cc2c3c(c(C=O)c(C=O)c4c3c1C(=O)N(c1ccc(C(=O)[O-])c(Cl)c1)C4=O)C(=O)N(c1c(Cl)cc(C(=O)[O-])c(C=O)c1Cl)C2=O,1
O=Cc1cc(-c2nnc(-c3c(Cl)c(Cl)c(C(=O)[O-])c(C=O)c3Cl)nn2)c(Cl)cc1C(=O)[O-],1
CCCOc1cc(-c2nnc(-c3cc(OCCC)c(C(=O)[O-])cc3OCCC)nn2)ccc1C(=O)[O-],1
CCCOc1cc2c3c(c(Cl)cc4c3c1C(=O)N(c1ccc(C(=O)[O-])cc1)C4=O)C(=O)N(c1ccc(C(=O)[O-])cc1Cl)C2=O,1
O=C([O-])c1ccc(N2C(=O)c3ccc4c5c(ccc(c35)C2=O)C(=O)N(c2ccc(C(=O)[O-])c(Cl)c2)C4=O)cc1,1
O=C([O-])c1ccc(-c2nnc(-c3ccc(C(=O)[O-])cc3Cl)nn2)cc1,1
O=C([O-])c1ccc(-c2nnc(-c3cc(Cl)c(C(=O)[O-])c(Br)c3)nn2)c(Cl)c1,1
O=C([O-])c1cc(Cl)c(N2C(=O)c3cc(Cl)c4c5c(cc(Cl)c(c35)C2=O)C(=O)N(c2ccc(C(=O)[O-])c(Cl)c2Br)C4=O)c(Br)c1,1
O=C([O-])c1ccc(N2C(=O)c3ccc4c5c(c(Cl)c(Br)c(c35)C2=O)C(=O)N(c2ccc(C(=O)[O-])cc2Cl)C4=O)cc1,1
O=C([O-])c1ccc(-c2nnc(-c3c(Cl)cc(C(=O)[O-])cc3Br)nn2)cc1,1
O=C([O-])c1ccc(N2C(=O)c3ccc4c5c(c([N+](=O)[O-])cc(c35)C2=O)C(=O)N(c2ccc(C(=O)[O-])cc2)C4=O)cc1,1
O=C([O-])c1ccc(-c2ccc(C(=O)[O-])c(Br)c2)c(Br)c1,1
CNc1c(C(=O)O)c(C(=O)[O-])c(C(=O)O)c2c(NC)c(C(=O)O)c(C(=O)[O-])c(C(=O)O)c12,1
CNc1cc(-c2cc(NC)c(C(=O)[O-])cc2NC)c(NC)cc1C(=O)[O-],1
COc1c(-c2ccc(C(=O)[O-])c(C=O)c2OC)ccc(C(=O)[O-])c1C=O,1
COc1cc2c(C=O)c(C(=O)[O-])c(OC)cc2c(C=O)c1C(=O)[O-],1
O=Cc1c(C(=O)[O-])ccc2c(C=O)c(C(=O)[O-])ccc12,1
CCCOc1c(C(=O)[O-])ccc2c(OCCC)c(C(=O)[O-])ccc12,1
O=C([O-])c1c2ccccc2c(C(=O)[O-])c2c(F)cc(F)cc12,1
O=C([O-])c1ccc(-c2cc([N+](=O)[O-])c(C(=O)[O-])cc2Cl)cc1Cl,1
O=C([O-])c1c2cc([N+](=O)[O-])ccc2c(C(=O)[O-])c2c(Cl)c([N+](=O)[O-])ccc12,1
O=C([O-])c1ccc(-c2ccc(C(=O)[O-])c([N+](=O)[O-])c2)cc1Cl,1
O=C([O-])c1c(Cl)cc(-c2cc([N+](=O)[O-])c(-c3cc(Cl)c(C(=O)[O-])c(Cl)c3Cl)cc2[N+](=O)[O-])c(Cl)c1Cl,1
O=C([O-])c1cc(O)c(C(=O)[O-])c2c1C(Cl)C2Cl,1
O=C([O-])c1cc(O)c(-c2c(Cl)cc(C(=O)[O-])c(Cl)c2Cl)cc1Cl,1
N#Cc1cc(C#CC(=O)[O-])c(C#N)cc1C#CC(=O)[O-],1
O=C([O-])c1ccc(-c2ccc(-c3ccc(C(=O)[O-])c([N+](=O)[O-])c3)c([N+](=O)[O-])c2)cc1,1
O=C([O-])c1ccc2c(F)c(C(=O)[O-])c([N+](=O)[O-])cc2c1[N+](=O)[O-],1
O=C([O-])c1cc(F)c2c(F)c(C(=O)[O-])ccc2c1,1
O=C([O-])c1ccc(-c2ccc(-c3ccc(C(=O)[O-])cc3F)cc2)cc1,1
O=C([O-])c1cc(O)c(-c2c(O)cc(-c3ccc(C(=O)[O-])c(Br)c3O)c(Br)c2O)cc1O,1
O=C([O-])c1ccc(-c2ccc(-c3cc(O)c(C(=O)[O-])c(O)c3O)cc2Br)c(O)c1,1
O=C([O-])c1cc2c(Br)cc(C(=O)[O-])c(O)c2c(Br)c1Br,1
O=C([O-])c1cc2c(Br)c(O)c(C(=O)[O-])cc2cc1Br,1
O=Cc1cc(-c2ccc(C(=O)[O-])cc2)ccc1-c1ccc(C(=O)[O-])cc1,1
Nc1cc(C(=O)[O-])cc2ccc(C(=O)[O-])cc12,1
Nc1cc(C(=O)[O-])ccc1-c1ccc(-c2ccc(C(=O)[O-])cc2)cc1,1
COc1c(Cl)c(C(=O)[O-])cc2c1c(OC)c(Cl)c1c3cc(C(=O)[O-])c(Cl)c(OC)c3c(OC)c(Cl)c21,1
COc1cc(C(=O)[O-])ccc1-c1ccc(-c2ccc(C(=O)[O-])cc2OC)cc1,1
Cc1c(C(=O)[O-])c(C)c2c(c(C)cc3c2cc(C)c2c(C)c(C)c(C(=O)[O-])c(C)c23)c1C,1
Cc1cc(-c2ccc(-c3ccc(C(=O)[O-])c(C)c3)cc2)ccc1C(=O)[O-],1
Nc1c(C(=O)[O-])ccc2ccc3c(ccc4ccc(C(=O)[O-])c(N)c43)c12,1
CCOc1cc(C(=O)[O-])c(Br)cc1-c1ccc(-c2cc(Br)c(C(=O)[O-])cc2OCC)cc1,1
O=C([O-])c1ccc2ccc3c(ccc4ccc(C(=O)[O-])c(Br)c43)c2c1Br,1
CCCOc1cc(-c2ccc(-c3ccc(C(=O)[O-])cc3)cc2)ccc1C(=O)[O-],1
O=Cc1cc(-c2ccc(-c3ccc(C(=O)[O-])cc3)cc2)ccc1C(=O)[O-],1
CCc1cc(-c2ccc(C(=O)[O-])cc2)ccc1-c1ccc(C(=O)[O-])cc1,1
CCc1cc(-c2ccc(C(=O)[O-])cc2F)ccc1-c1ccc(C(=O)[O-])cc1,1
O=C([O-])C#CC12CCC(C#CC(=O)[O-])(C(F)C1F)C(F)C2F,1
O=C([O-])c1cc(F)c(-c2ccc(-c3cc(F)c(C(=O)[O-])cc3F)cc2)cc1F,1
CCCOc1cc(-c2ccc(-c3ccc(C(=O)[O-])c(OCCC)c3)c(OCCC)c2)ccc1C(=O)[O-],1
CNc1cc(-c2ccc(-c3ccc(C(=O)[O-])cc3)c(F)c2)c(NC)cc1C(=O)[O-],1
O=C([O-])c1ccc(-c2ccc(-c3ccc(C(=O)[O-])cc3O)cc2)c(O)c1,1
O=C([O-])c1cc(C(=O)O)c(-c2ccc(-c3cc(C(=O)O)c(C(=O)[O-])cc3C(=O)O)cc2)cc1C(=O)O,1
O=C([O-])C#CC12C3C4(Br)C1(Br)C1C2(Br)C3(Br)C14C#CC(=O)[O-],1
O=C([O-])c1ccc(-c2cc(Br)c(-c3ccc(C(=O)[O-])cc3)cc2Br)cc1,1
O=C([O-])c1ccc(-c2cc(Br)c(-c3ccc(C(=O)[O-])c(O)c3)cc2Br)cc1O,1
O=C([O-])C#CC12C3C4(O)C1(Br)C1C2(O)C3(Br)C14C#CC(=O)[O-],1
CCCOc1c(OCCC)c(-c2cc(Cl)c(C(=O)[O-])c(Cl)c2)c(OCCC)c(OCCC)c1-c1cc(Cl)c(C(=O)[O-])c(Cl)c1,1
CCCOc1cc(-c2ccc(-c3cc(Cl)c(C(=O)[O-])c(OCCC)c3)cc2)cc(Cl)c1C(=O)[O-],1
CCCOc1cc(C2=N[N]C(c3ccc(C(=O)[O-])c(OCCC)c3)=N[N]2)ccc1C(=O)[O-],1
O=C([O-])c1ccc(-c2ccc(-c3ccc(C(=O)[O-])cc3I)cc2)c(I)c1,1
O=C([O-])c1ccc(-c2cc(F)c(-c3ccc(C(=O)[O-])c(F)c3)cc2F)cc1F,1
Nc1cc(-c2c(F)c(F)c(-c3cc(N)c(C(=O)[O-])cc3F)c(F)c2F)c(F)cc1C(=O)[O-],1
Nc1c(C(=O)[O-])ccc(-c2cc(F)c(-c3ccc(C(=O)[O-])c(N)c3F)cc2F)c1F,1
O=C([O-])c1ccc(C2=N[N]C(c3ccc(C(=O)[O-])c(F)c3)=N[N]2)cc1F,1
CCc1cc(-c2cc(CC)c(-c3ccc(C(=O)[O-])c(CC)c3)cc2CC)ccc1C(=O)[O-],1
O=C([O-])c1ccc(-c2ccc(-c3ccc(C(=O)[O-])c(I)c3I)cc2)c(I)c1I,1
O=C([O-])c1ccc(-c2ccc(-c3ccc(C(=O)[O-])c(I)c3)cc2)cc1I,1
O=C([O-])c1c(O)c(Cl)c(C2=N[N]C(c3c(Cl)c(O)c(C(=O)[O-])c(Cl)c3Cl)=N[N]2)c(Cl)c1Cl,1
O=C([O-])c1c(O)c(O)c(-c2c(Cl)c(Cl)c(-c3c(O)c(O)c(C(=O)[O-])c(O)c3Cl)c(Cl)c2Cl)c(Cl)c1O,1
O=C([O-])c1c(Cl)c(O)c(-c2c(O)c(Cl)c(-c3c(O)c(Cl)c(C(=O)[O-])c(Cl)c3Cl)c(O)c2Cl)c(Cl)c1Cl,1
O=C([O-])c1c(O)c(O)c(-c2c(Cl)c(Cl)c(-c3c(O)c(O)c(C(=O)[O-])c(O)c3O)c(Cl)c2Cl)c(O)c1O,1
Nc1c(O)c(C2=N[N]C(c3c(N)c(O)c(C(=O)[O-])c(N)c3O)=N[N]2)c(N)c(O)c1C(=O)[O-],1
Nc1cc(-c2cc(O)c(C(=O)[O-])c(N)c2O)c(N)cc1-c1cc(O)c(C(=O)[O-])c(N)c1O,1
Nc1c(O)c(C(=O)[O-])cc(O)c1-c1c(O)c(O)c(-c2c(O)cc(C(=O)[O-])c(O)c2N)c(O)c1O,1
Nc1c(-c2c(O)c(O)c(-c3cc(O)c(C(=O)[O-])c(N)c3N)c(O)c2O)cc(O)c(C(=O)[O-])c1N,1
Cc1cc(-c2cc(I)c(-c3ccc(C(=O)[O-])c(C)c3)cc2I)ccc1C(=O)[O-],1
CCCOc1cc(-c2ccc(C(=O)[O-])cc2)c(OCCC)cc1-c1ccc(C(=O)[O-])cc1,1
O=C([O-])c1c(Cl)cc(-c2ccc(-c3cc(Cl)c(C(=O)[O-])c(Cl)c3)cc2)cc1Cl,1
O=C([O-])c1ccc(-c2cc(Br)c(-c3ccc(C(=O)[O-])c(Br)c3)cc2Br)cc1Br,1
O=C([O-])c1cc(O)c(-c2cc(Cl)c(-c3cc(O)c(C(=O)[O-])cc3O)cc2Cl)cc1O,1
CCCOc1cc(-c2ccc(C(=O)[O-])cc2[N+](=O)[O-])c(OCCC)cc1-c1ccc(C(=O)[O-])cc1[N+](=O)[O-],1
O=C([O-])c1c(F)c(F)c(-c2cc(F)c(-c3c(F)c(F)c(C(=O)[O-])c(C(=O)O)c3F)cc2F)c(F)c1C(=O)O,1
CCOc1c(C(=O)[O-])ccc(-c2c(F)c(F)c(-c3ccc(C(=O)[O-])c(OCC)c3OCC)c(F)c2F)c1OCC,1
O=C([O-])c1c(O)c([N+](=O)[O-])c(-c2c(O)c(O)c(-c3c(O)c([N+](=O)[O-])c(C(=O)[O-])c(O)c3[N+](=O)[O-])c(O)c2O)c(O)c1[N+](=O)[O-],1
O=Cc1cc(-c2ccc(C(=O)[O-])cc2)c(C=O)cc1-c1ccc(C(=O)[O-])cc1,1
COc1cc(-c2ccc(C(=O)[O-])cc2)c(OC)cc1-c1ccc(C(=O)[O-])cc1,1
O=C([O-])c1ccc(-c2cc(F)c(-c3ccc(C(=O)[O-])c(F)c3F)cc2F)c(F)c1F,1
O=C([O-])c1c(Cl)cc(-c2cc(Cl)c(-c3cc(Cl)c(C(=O)[O-])c(Cl)c3)cc2Cl)cc1Cl,1
O=C([O-])c1ccc(C#Cc2ccc(C(=O)[O-])c(C(=O)O)c2)cc1C(=O)O,1
O=C([O-])c1ccc(-c2ccc(-c3ccc(C(=O)[O-])c(Br)c3)cc2)cc1Br,1
CCOc1cc(C(=O)[O-])ccc1-c1ccc(-c2ccc(C(=O)[O-])cc2OCC)cc1,1
CCCc1cc(-c2ccc(-c3ccc(C(=O)[O-])c(CCC)c3)cc2)ccc1C(=O)[O-],1
O=C([O-])C(O)=C(O)C(O)=C(F)C(=O)[O-],1
O=C([O-])c1cc(F)c(C(=O)[O-])c2c1C(O)(F)C2(O)F,1
O=C([O-])c1ccc(C(=O)[O-])c2c1C(F)C2(F)F,1
O=C([O-])c1cc(Br)c2c(F)c(C(=O)[O-])ccc2c1Br,1
CC1c2c(C(=O)[O-])ccc(C(=O)[O-])c2C1C,1
CNc1c(C(=O)[O-])cc2ccc3cc(C(=O)[O-])cc4ccc1c2c34,1
O=C([O-])c1cc(Cl)c(C(=O)[O-])c2c1C(Cl)C2,1
O=C([O-])c1c(F)c(F)c(C(=O)[O-])c2c1C(Cl)C2Cl,1
O=C([O-])c1cc(F)c(C(=O)[O-])c2c1C(F)C2(F)F,1
O=C([O-])c1ccc(C(=O)[O-])c2c1CC2c1ccccc1,1
CCOC1Cc2c(C(=O)[O-])c(C=O)cc(C(=O)[O-])c21,1
CCOC1c2c(C(=O)[O-])ccc(C(=O)[O-])c2C1(OCC)OCC,1
O=C([O-])c1ccc(N2C(=O)c3ccc4c5ccc6c7c(ccc(c8ccc(c3c48)C2=O)c75)C(=O)N(c2ccc(C(=O)[O-])cc2F)C6=O)c(F)c1,1
O=C([O-])C#Cc1cc(Cl)c(C#CC(=O)[O-])cc1Cl,1
O=C([O-])c1c(Cl)c(Cl)c2c(Cl)c(C(=O)[O-])c(Cl)c(Cl)c2c1Cl,1
O=C([O-])c1c([N+](=O)[O-])cc2c([N+](=O)[O-])c(F)c3c(C(=O)[O-])c([N+](=O)[O-])ccc3c2c1[N+](=O)[O-],1
O=C(O)c1cc2c(cc(F)c3ccc(C(=O)[O-])c(F)c32)c(C(=O)[O-])c1F,1
O=C([O-])C#Cc1cc(F)c(C#CC(=O)[O-])c(C(=O)O)c1,1
O=C([O-])c1cc2c(F)cc3c(F)c(C(=O)[O-])cc4c(F)cc(c1F)c2c43,1
COc1cc(C#CC(=O)[O-])c(OC)cc1C#CC(=O)[O-],1
Cc1c([N+](=O)[O-])c2cc(C(=O)[O-])cc3c(C)c([N+](=O)[O-])c4cc(C(=O)[O-])cc1c4c32,1
CCOc1c(C(=O)[O-])ccc2cc(OCC)c3c(ccc4ccc(C(=O)[O-])c(OCC)c43)c12,1
CCOc1cc2c(OCC)cc3c(ccc4c(OCC)c(OCC)c(C(=O)[O-])c(OCC)c43)c2cc1C(=O)[O-],1
CCOc1c(C#CC(=O)[O-])ccc(C#CC(=O)[O-])c1OCC,1
CCOc1cc(C(=O)[O-])cc2c1ccc1c3cc(C(=O)[O-])c(C=O)cc3ccc21,1
CCOc1cc2ccc3c4cc(C(=O)[O-])cc(OCC)c4ccc3c2cc1C(=O)[O-],1
CCCOc1cc2c(ccc3c(OCCC)cc(C(=O)[O-])c(OCCC)c32)c2cc(C(=O)[O-])ccc12,1
CCCOc1cc2c3cc(C(=O)[O-])cc(Br)c3cc(OCCC)c2c2cc(C(=O)[O-])cc(Br)c12,1
COc1c(C#CC(=O)[O-])ccc(C#CC(=O)[O-])c1OC,1
Nc1c(C#CC(=O)[O-])cc(Br)c(C#CC(=O)[O-])c1N,1
Nc1c(C#CC(=O)[O-])ccc(C#CC(=O)[O-])c1Br,1
O=C([O-])C#Cc1cc([N+](=O)[O-])c(C#CC(=O)[O-])c([N+](=O)[O-])c1[N+](=O)[O-],1
O=C([O-])C#Cc1cc(F)c(C#CC(=O)[O-])c(F)c1,1
O=Cc1cc(C#CC(=O)[O-])c(C=O)c(Cl)c1C#CC(=O)[O-],1
O=C([O-])C#Cc1cc(Cl)c(C#CC(=O)[O-])c(Cl)c1,1
[O]S([O])(O)c1c(C#CC(=O)[O-])c(C(=O)O)cc(C#CC(=O)[O-])c1C(=O)O,1
[O]S([O])(O)c1c(C#CC(=O)[O-])ccc(C#CC(=O)[O-])c1C(=O)O,1
Cc1c(C)c(C#CC(=O)[O-])c(O)c(O)c1C#CC(=O)[O-],1
Cc1cc(C#CC(=O)[O-])c(O)c(O)c1C#CC(=O)[O-],1
CCCOC1C(C)C2(C#CC(=O)[O-])CCC1(C#CC(=O)[O-])C(C)C2C,1
CCCOc1cc(C#CC(=O)[O-])c(C)cc1C#CC(=O)[O-],1
NC1C2(C#CC(=O)[O-])CC(N)C(C#CC(=O)[O-])(C(N)(F)C2)C1(N)F,1
Nc1c(F)c(C#CC(=O)[O-])cc(F)c1C#CC(=O)[O-],1
Nc1cc(C#CC(=O)[O-])ccc1C#CC(=O)[O-],1
O=CC12C3C4C1(C#CC(=O)[O-])C1C2C3(C#CC(=O)[O-])C41C=O,1
O=C([O-])c1ccc(C2=N[N]C(c3ccc(C(=O)[O-])cc3Br)=N[N]2)c(Br)c1,1
Cc1cc(C2=N[N]C(c3ccc(C(=O)[O-])c(C)c3)=N[N]2)ccc1C(=O)[O-],1
[O]S([O])(O)c1c(C(=O)[O-])ccc(C2=N[N]C(c3ccc(C(=O)[O-])c(S([O])([O])O)c3S([O])([O])O)=N[N]2)c1S([O])([O])O,1
[O]S([O])(O)c1c(C(=O)[O-])ccc(-c2nnc(-c3ccc(C(=O)[O-])c(S([O])([O])O)c3S([O])([O])O)nn2)c1S([O])([O])O,1
CCOc1c(C2=N[N]C(c3cc(F)c(C(=O)[O-])c(F)c3OCC)=N[N]2)cc(F)c(C(=O)[O-])c1F,1
CCOc1cc(C#CC(=O)[O-])c(OCC)cc1C#CC(=O)[O-],1
O=C([O-])c1cc(Cl)c(C#Cc2c(Cl)cc(C(=O)[O-])c(Cl)c2Cl)c(Cl)c1Cl,1
O=Cc1cc(C(=O)[O-])ccc1C#Cc1ccc(C(=O)[O-])cc1C=O,1
COc1cc2cc(C(=O)[O-])ccc2cc1C(=O)[O-],1
[O]S([O])(O)c1cc(C(=O)[O-])ccc1C#Cc1ccc(C(=O)[O-])cc1,1
[O]S([O])(O)c1c(C(=O)[O-])ccc2cc(C(=O)[O-])ccc12,1
Cc1cc(C#Cc2c(C)cc(C(=O)[O-])cc2C(=O)O)ccc1C(=O)[O-],1
O=C([O-])c1ccc2cc(C(=O)[O-])c(C(=O)O)cc2c1,1
O=C([O-])c1ccc(C#Cc2ccc(C(=O)[O-])cc2C(=O)O)cc1,1
O=C([O-])c1c(Cl)c2cc([N+](=O)[O-])c3c(Cl)c(C(=O)[O-])c(Cl)c4cc([N+](=O)[O-])c(c1Cl)c2c43,1
Cc1cc(C(=O)[O-])cc2c1ccc1c3cc(C(=O)[O-])cc(C)c3ccc21,1
O=Cc1cc(C#Cc2ccc(C(=O)[O-])c(C=O)c2)ccc1C(=O)[O-],1
O=C([O-])c1ccc2cc(O)c3c4cc(C(=O)[O-])ccc4cc(O)c3c2c1,1
Cc1cc(C(=O)[O-])c(C)cc1C#Cc1cc(C)c(C(=O)[O-])cc1C,1
Cc1cc(C(=O)[O-])c(F)c2c1c(F)cc1c2cc(F)c2c(C)cc(C(=O)[O-])c(F)c21,1
O=C([O-])c1c([N+](=O)[O-])c([N+](=O)[O-])c2cc([N+](=O)[O-])c3c4c(O)c(C(=O)[O-])c([N+](=O)[O-])c([N+](=O)[O-])c4cc([N+](=O)[O-])c3c2c1O,1
O=C([O-])c1ccc(C#Cc2ccc(C(=O)[O-])c(O)c2[N+](=O)[O-])c([N+](=O)[O-])c1O,1
CCCOc1cc(C(=O)[O-])c(C(=O)O)cc1C#Cc1cc(C(=O)O)c(C(=O)[O-])cc1OCCC,1
O=C([O-])c1c(F)c(F)c(C#Cc2c(F)c(F)c(C(=O)[O-])c(F)c2I)c(I)c1F,1
CCOc1c(NC)c(C#Cc2cc(NC)c(C(=O)[O-])c(OCC)c2NC)cc(NC)c1C(=O)[O-],1
N#CC1CC2(C#CC(=O)[O-])CC(C#N)(C#N)C1(C#CC(=O)[O-])CC2(C#N)C#N,1
O=C([O-])c1ccc(C#Cc2ccc(C(=O)[O-])c(C(=O)O)c2)c(C(=O)O)c1,1
O=C([O-])C#CC12CC(C(=O)O)C(C#CC(=O)[O-])(CC1(C(=O)O)C(=O)O)C(C(=O)O)(C(=O)O)C2C(=O)O,1
O=C([O-])c1c(F)cc(C#Cc2cc(F)c(C(=O)[O-])c(F)c2F)c(F)c1F,1
COc1c(C#Cc2ccc(C(=O)[O-])c(OC)c2OC)ccc(C(=O)[O-])c1OC,1
O=C([O-])c1cc(C(=O)O)c2cc(C(=O)O)c3c(C(=O)[O-])cccc3c2c1,1
O=C([O-])c1ccc([N][N]c2ccc(C(=O)[O-])cc2C(=O)O)cc1,1
CCCOc1c(C(=O)[O-])ccc2ccc3c(C(=O)[O-])ccc(C=O)c3c12,1
O=Cc1c([N][N]c2ccc(C(=O)[O-])cc2)ccc(C(=O)[O-])c1C=O,1
[O]S([O])(O)c1cc(C(=O)[O-])c(O)cc1[N][N]c1cc(S([O])([O])O)c(C(=O)[O-])c(S([O])([O])O)c1O,1
O=C([O-])c1ccc([N][N]c2ccc(C(=O)[O-])cc2[N+](=O)[O-])cc1,1
O=C([O-])c1ccc2ccc3c(C(=O)[O-])cccc3c2c1O,1
O=C([O-])c1ccc2ccc3c(C(=O)[O-])c(Cl)cc(Cl)c3c2c1,1
CCCOc1cc([N][N]c2ccc(C(=O)[O-])cc2I)c(OCCC)c(I)c1C(=O)[O-],1
CCCOc1ccc(C(=O)[O-])c2ccc3ccc(C(=O)[O-])c(I)c3c12,1
CNc1c(C(=O)[O-])ccc2ccc3c(C(=O)[O-])cccc3c12,1
O=C([O-])c1ccc([N][N]c2cc(Cl)c(C(=O)[O-])cc2Cl)cc1,1
CCCC(C#CC(=O)[O-])=C(I)C#CC(=O)[O-],1
O=C([O-])c1ccc(N=Nc2ccc(C(=O)[O-])c(I)c2I)c(I)c1,1
O=C([O-])c1ccc([N][N]c2ccc(C(=O)[O-])c(I)c2)cc1,1
O=C([O-])c1c(O)c(O)c(C(O)=C(O)c2c(O)c(O)c(C(=O)[O-])c(O)c2O)c(O)c1O,1
O=C([O-])c1c(O)cc([N][N]c2cc(O)c(C(=O)[O-])c(O)c2)cc1O,1
O=C([O-])c1cc(O)c(C=Cc2c(O)cc(C(=O)[O-])c(Cl)c2O)c(O)c1Cl,1
COc1c(F)c(C(=O)[O-])c(F)c(F)c1C(F)=C(F)c1c(F)c(F)c(C(=O)[O-])c(F)c1OC,1
COc1c(N=Nc2c(OC)c(OC)c(C(=O)[O-])c(OC)c2OC)c(OC)c(OC)c(C(=O)[O-])c1OC,1
COc1cc([N][N]c2cc(OC)c(C(=O)[O-])c(F)c2F)c(F)c(F)c1C(=O)[O-],1
O=C([O-])c1ccc([N][N]c2ccc(C(=O)[O-])cc2F)c(F)c1,1
O=Cc1cc(C=Cc2ccc(C(=O)[O-])c(C=O)c2)ccc1C(=O)[O-],1
COc1c([N][N]c2ccc(C(=O)[O-])c(OC)c2OC)ccc(C(=O)[O-])c1OC,1
COc1c(N=Nc2ccc(C(=O)[O-])c(OC)c2OC)ccc(C(=O)[O-])c1OC,1
FC1=C(C23C(F)CC(C4=C[N]N=C4)(C(F)C2F)C(F)C3F)[CH]N=N1,1
FC(=C[C]1C(F)=NN=C1F)C1=C(F)[N]N=C1F,1
F[C]([CH]C1=C(F)[N]N=C1F)[C]1C(F)=NN=C1F,1
OC1=NN=C[C]1C12CCC(C3=C[N]N=C3)(C(O)C1)C(O)(O)C2,1
OC1=NN=C[C]1C12CCC([C]3C=NN=C3)(C(O)C1)C(O)(O)C2,1
ClC(=CC1=CN=N[CH]1)[C]1C=NN=C1,1
FC1CC2(C3=CN=N[CH]3)CCC1([C]1C=NN=C1)CC2,1
NC1=NN=C[C]1[CH][CH]C1=C(N)N=N[CH]1,1
NC1=NN=C[C]1C=CC1=C[N]N=C1N,1
NC1=NN=C[C]1[CH][CH]C1=C[N]N=C1N,1
NC1=N[N]C=C1C=CC1=C(N)N=N[CH]1,1
C1=N[N]C=C1C12C3C4C1C1C2C3C41C1=C[N]N=C1,1
[CH]1N=NC=C1C12C3C4C1C1C2C3C41C1=C[N]N=C1,1
NC1=NN=C[C]1C=C[CH][CH]C1=C(N)[N]N=C1,1
NC1=NN=C[C]1C=CC=CC1=C[N]N=C1N,1
NC1=NN=C[C]1[CH][CH]C=CC1=C(N)[N]N=C1,1
NC1=NN=C[C]1C=C[CH][CH]C1=C[N]N=C1N,1
N[C]1N=NC=C1C=CC=CC1=C[N]N=C1N,1
[CH](C=C[CH]C1=C[N]N=C1)[C]1C=NN=C1,1
[CH]([CH][CH]C1=C[N]N=C1)[CH][C]1C=NN=C1,1
FC(=CC=C(F)C1=C(F)[N]N=C1F)[C]1C(F)=NN=C1F,1
F[C]([CH]C=C(F)[C]1C(F)=NN=C1F)C1=C(F)[N]N=C1F,1
F[C]([CH]C=C(F)C1=C(F)[N]N=C1F)[C]1C(F)=NN=C1F,1
CCCC1=C([C](F)[CH][CH][C](F)C2=CN=N[CH]2)C=N[N]1,1
CCCC1=NN=C[C]1[C](F)[CH][CH][C](F)C1=C[N]N=C1,1
COC1=NN=C[C]1C=CC=CC1=C[N]N=C1,1
COC1=NN=C[C]1[CH]C=CC=C1C=NN=C1,1
O=[N+]([O-])C1=NN=CC1=C(C=CC=C1C=NN=C1)[N+](=O)[O-],1
O=[N+]([O-])[C](C=C[CH]C1=C[N]N=C1)C1=C[N]N=C1[N+](=O)[O-],1
COC1=NN=C[C]1C(I)=C[CH][CH]C1=C(I)N=N[CH]1,1
COC1=NN=C[C]1C(I)=C[CH][CH]C1=CN=N[C]1I,1
I[C]([CH]C1=C(I)[N]N=C1)C=CC1=CN=N[CH]1,1
I[C]([CH][C]1C=NN=C1I)C=CC1=CN=N[CH]1,1
O=[N+]([O-])C(C=CC1=C[N]N=C1)=C[C]1C=NN=C1,1
O=[N+]([O-])C1=NN=CC1=CC=CC=C1C=NN=C1,1
O=[N+]([O-])C1=NN=C[C]1C12CCC(C3=C[N]N=C3)(CC1[N+](=O)[O-])C(Br)C2,1
O=[N+]([O-])[C]([CH][CH][CH]C1=C[N]N=C1)C1=C[N]N=C1,1
N#CC(=CC=CC1=C[N]N=C1)C1=CN=N[CH]1,1
N#CC1=NN=CC1=CC=CC=C1C=NN=C1,1
O=[N+]([O-])C([CH][CH]C1=C[N]N=C1)=CC1=C[N]N=C1,1
CCCOC1=NN=C[C]1[CH][CH]C=C[C]1C=NN=C1,1
CNC(C=CC1=C[N]N=C1)=CC1=CN=N[CH]1,1
CNC1=NN=C[C]1C12CCC(C3=CN=N[CH]3)(CC1)C(NC)C2,1
O=[N+]([O-])C1CC2(C3=CN=N[CH]3)CCC1(C1=C[N]N=C1)CC2,1
ClC1=N[N]C=C1C=CC(Br)=CC1=CN=N[CH]1,1
ClC1CC2(C3=C[N]N=C3Br)CCC1([C]1C=NN=C1)CC2,1
ClC1=N[N]C=C1C=CC=CC1=C(Cl)[N]N=C1,1
FC1=NN=CC1=C[CH]C=C[C]1C=NN=C1,1
F[C](C=CC=C1C=NN=C1)C1=C[N]N=C1,1
FC1CC2([C]3C=NN=C3I)CCC1(C1=C(I)[N]N=C1)CC2(I)I,1
FC(=CC=CC1=C[N]N=C1I)[C]1C(F)=NN=C1I,1
O=CC([CH][C]1C=NN=C1)=C[CH]C1=C[N]N=C1,1
O=CC(=C[CH][CH]C1=C(C=O)N=N[CH]1)C1=C[N]N=C1,1
O=CC1=N[N]C=C1[CH][CH]C=CC1=CN=N[CH]1,1
O=CC1CC2(C3=C[N]N=C3)CC(Br)C1([C]1C=NN=C1)CC2Br,1
[CH]([CH]C1=C[N]N=C1)C=CC1=CN=N[CH]1,1
CC(=C[CH]C=C1C=NN=C1)C1=C(C)[N]N=C1,1
CC(C=CC1=C[N]N=C1)=C[C]1C=NN=C1,1
CC1CC2(C3=C[N]N=C3)CCC1(C1=C[N]N=C1)CC2,1
O=[N+]([O-])C(=C[CH][CH]C1=C[N]N=C1)[C]1C=NN=C1,1
N#CC1CC2([C]3C=NN=C3)CCC1(C1=CN=N[CH]1)C(Cl)C2,1
[CH]([CH]C1=C[N]N=C1)C=CC1=C[N]N=C1,1
CC(=C[C]1C=NN=C1)C(C)=CC1=C[N]N=C1,1
C[C]([CH]C1=C[N]N=C1)C(C)=CC1=C[N]N=C1,1
C[C](C=C[C]1C=NN=C1C)[C](C1=CN=N[CH]1)[N+](=O)[O-],1
CC1=NN=C[C]1[CH][CH]C(C)=C(C1=C[N]N=C1)[N+](=O)[O-],1
C[C]1N=NC=C1C=CC(C)=C(C1=C[N]N=C1)[N+](=O)[O-],1
C[C](C=CC1=CN=N[C]1C)[C](C1=C[N]N=C1)[N+](=O)[O-],1
F[C]([C](F)C1=C(F)[N]N=C1)C(F)=C[C]1C(F)=NN=C1F,1
FC1=C(C23C4C5C2(F)C2(F)C5(C5=C(F)N=N[CH]5)C4(F)C32F)[CH]N=N1,1
F[C]1N=NC=C1C12C3C4C1(F)C1(F)C4([C]4C=NN=C4F)C3(F)C21F,1
F[C](C=C1C(F)=NN=C1F)C(F)=C(F)C1=C(F)[N]N=C1,1
F[C]([CH][C]1C(F)=NN=C1F)C(F)=C(F)C1=C(F)[N]N=C1,1
F[C]([CH]C1=CN=N[CH]1)C(F)=CC1=C[N]N=C1,1
F[C]([CH]C1=CN=N[CH]1)[C](F)[CH]C1=CN=N[CH]1,1
FC1=C(C23CCC(C4=CN=N[CH]4)(C(F)C2Br)C(F)(F)C3(F)F)[C](Br)N=N1,1
FC1=NN=CC1=C(F)C=CC=C1C=NN=C1,1
FC(=CC=C[C]1C=NN=C1)C1=C(F)[N]N=C1,1
FC1=N[N]C(Br)=C1C12CCC(C3=CN=N[CH]3)(C(F)C1Br)C(F)(F)C2(F)F,1
F[C](C=CC=C1C=NN=C1)[C]1C=NN=C1F,1
COC(C=CC1=C[N]N=C1)=CC1=C[N]N=C1,1
COC(C=CC1=C[N]N=C1)=C[C]1C=NN=C1,1
[CH]1N=NC=C1C12CCC(C3=CN=N[CH]3)(CC1)CC2,1
O=[N+]([O-])C1=NN=CC1=C(F)C=CC(F)=C1C=NN=C1[N+](=O)[O-],1
FC1=NN=C[C]1C12C3C4C1C1C2C3C41C1=C(F)N=N[CH]1,1
FC1=NN=C[C]1C12C3C4C1C1C2C3C41C1=C[N]N=C1F,1
O=[N+]([O-])C1=C([C](F)C=C[C](F)C2=C([N+](=O)[O-])[N]N=C2)C=N[N]1,1
C[C]([CH][C]1C=NN=C1I)C(C)=CC1=C[N]N=C1I,1
C[C]([CH]C1=C(I)[N]N=C1)C(C)=C[C]1C=NN=C1I,1
C[C]([CH]C1=C[N]N=C1I)C(C)=C[C]1C=NN=C1I,1
CC(=C[C]1C=NN=C1I)C(C)=CC1=C(I)[N]N=C1,1
Br[C]([CH][C]1C=NN=C1)C(Br)=CC1=C[N]N=C1,1
Br[C]([CH][C]1C=NN=C1)C(Br)=C[C]1C=NN=C1,1
COC1=NN=C[C]1C12C3C4C1C1C2C3C41[C]1C=NN=C1OC,1
Fc1c(C2=C(Cl)N=N[C]2Cl)cc2ccc3cc([C]4C=NN=C4)cc4ccc1c2c34,1
Fc1c(C2=CN=N[CH]2)cc2c(Cl)cc3cc([C]4C=NN=C4)cc4ccc1c2c43,1
FC1=N[N]C=C1c1ccc2c(c1Cl)C(C1=C[N]N=C1)[CH][C][CH]2,1
FC1=C(c2cc3ccc([C]4C=NN=C4)cc3cc2F)[C](Cl)N=N1,1
CCCOC1=NN=C(OCCC)[C]1c1cc(F)c2c(c1)C(OCCC)(C1=CN=N[CH]1)[CH][C][C]2F,1
CCCOC1=NN=C(F)[C]1c1cc2ccc(C3=C(F)[N]N=C3)c(OCCC)c2c(F)c1OCCC,1
CCCOC1=NN=C[C]1c1cc2c(F)cc3c(F)c([C]4C=NN=C4F)cc4cc(OCCC)c(c1)c2c43,1
CCCOc1cc2cc(C3=CN=N[C]3F)cc3c(F)cc4cc([C]5C=NN=C5)cc1c4c23,1
ClC12C3C4C5(Cl)C(C1C35C1=C[N]N=C1)C42[C]1C=NN=C1,1
Clc1c(C2=CN=N[CH]2)ccc2c(Cl)c(C3=C[N]N=C3)ccc12,1
Clc1c([C]2C=NN=C2)ccc2c(Cl)c(C3=C[N]N=C3)ccc12,1
CC1=C(c2cc3c(C)cc4cc(C5=C[N]N=C5)cc5cc(C)c(c2)c3c45)C=N[N]1,1
Cc1cc([C]2C=NN=C2)cc(C)c1C=Cc1ccc(C2=CN=N[CH]2)cc1,1
Cc1cc(C2=C[N]N=C2)ccc1C=Cc1ccc([C]2C=NN=C2)cc1,1
Brc1cc([CH][CH]c2ccc([C]3C=NN=C3)cc2)ccc1C1=CN=N[CH]1,1
Ic1c(C2=C[N]N=C2)cc2ccc3cc([C]4C=NN=C4)cc4ccc1c2c34,1
O=C(O)[C]([CH]c1ccc(C2=C[N]N=C2)c(C(=O)O)c1)c1ccc(C2=C(I)N=N[CH]2)cc1,1
O=C(O)c1cc(C=Cc2ccc([C]3C=NN=C3)cc2)ccc1C1=C[N]N=C1,1
O=C(O)c1cc2cc(C3=CN=N[CH]3)c(C(=O)O)c3c(I)cc4cc(C5=C[N]N=C5)cc1c4c23,1
CC1=C(c2cc3ccc4cc(C5=C[N]N=C5)c(C)c5c([N+](=O)[O-])cc(c2)c3c45)C=N[N]1,1
Cc1cc([C]2C=NN=C2)ccc1C=Cc1c(C)cc(C2=C[N]N=C2)c([N+](=O)[O-])c1[N+](=O)[O-],1
Cc1cc(C=Cc2ccc(C3=C[N]N=C3[N+](=O)[O-])cc2)cc([N+](=O)[O-])c1[C]1C=NN=C1[N+](=O)[O-],1
O=[N+]([O-])c1c([N+](=O)[O-])c2cc([C]3C=NN=C3)cc3c([N+](=O)[O-])cc4cc([C]5C=NN=C5)cc1c4c32,1
COC1=NN=C[C]1c1cc(OC)c([C]([CH]c2ccc(C3=C([N+](=O)[O-])[N]N=C3)cc2)[N+](=O)[O-])c(OC)c1,1
COC1=NN=C[C]1c1cc2ccc3c([N+](=O)[O-])c(C4=C[N]N=C4)cc4c([N+](=O)[O-])c([N+](=O)[O-])c(c1)c2c34,1
COc1c([N+](=O)[O-])c2c([N+](=O)[O-])c([C]3C=NN=C3[N+](=O)[O-])cc3c([N+](=O)[O-])cc4c([N+](=O)[O-])c([C]5C=NN=C5)cc1c4c32,1
CO[C]([CH]c1ccc([C]2C=NN=C2[N+](=O)[O-])cc1OC)c1ccc([C]2C(OC)=NN=C2OC)c(OC)c1OC,1
O=[N+]([O-])C1=NN=C[C]1c1ccc([CH][CH]c2cc([N+](=O)[O-])c(C3=C[N]N=C3)cc2[N+](=O)[O-])cc1,1
O=[N+]([O-])C1=NN=C[C]1c1ccc([CH][CH]c2ccc(C3=C[N]N=C3)c([N+](=O)[O-])c2[N+](=O)[O-])cc1,1
CCOC1=NN=C[C]1c1ccc(C=Cc2ccc([C]3C=NN=C3)cc2CC)cc1,1
CCOc1c(C=Cc2ccc([C]3C=NN=C3)cc2)ccc(C2=CN=N[CH]2)c1OCC,1
CCc1cc2cc([C]3C=NN=C3)cc3ccc4cc([C]5C=NN=C5)cc1c4c32,1
O=CC1=C(c2cc3cc(C=O)c4c(C=O)c(C5=C[N]N=C5I)c(I)c5c(I)cc(c2I)c3c54)C(I)=N[N]1,1
O=CC1=NN=C(C=O)[C]1c1c(I)cc(C=C(I)c2ccc(C3=C[N]N=C3)c(C=O)c2)c(C=O)c1C=O,1
O=CC1=NN=C[C]1c1c(I)c2c(I)cc3c(I)c([C]4C=NN=C4)c(C=O)c4c(C=O)c(I)c(c1C=O)c2c34,1
O=C[C]1N=NC=C1c1ccc(C=C(C=O)c2cc(I)c([C]3C=NN=C3)c(C=O)c2)cc1,1
Cc1c([C]2C=NN=C2)cc2ccc3cc([C]4C=NN=C4)cc4ccc1c2c34,1
Cc1cc(C=Cc2ccc(C3=CN=N[CH]3)cc2)ccc1C1=C[N]N=C1,1
Clc1cc(C=Cc2ccc(C3=CN=N[CH]3)cc2)ccc1C1=C[N]N=C1,1
CC1=NN=C[C]1c1cc2ccc3cc([C]4C=NN=C4C)cc4c(C)cc(c1)c2c34,1
CC1=N[N]C=C1c1cc2ccc3cc(C4=C[N]N=C4)cc4ccc(c1)c2c34,1
CCOc1cc(C=Cc2ccc([C]3C=NN=C3)cc2)ccc1C1=C[N]N=C1,1
CCOc1cc([C]2C=NN=C2)ccc1[CH][CH]c1ccc(C2=C(C)N=N[CH]2)cc1,1
COC1=NN=C[C]1c1ccc([CH][CH]c2ccc(C3=CN=N[CH]3)cc2OC)cc1,1
COc1c([C]2C=NN=C2)cc2cc(C#N)c3cc(C4=C[N]N=C4C#N)cc4ccc1c2c43,1
N#Cc1c([C]2C=NN=C2)cc2ccc3cc([C]4C=NN=C4)cc4ccc1c2c34,1
[CH]1N=NC=C1c1ccc(C=Cc2ccc(C3=C[N]N=C3)cc2)cc1,1
NC1=NN=C[C]1c1cc2ccc3cc([C]4C=NN=C4)c(S([O])([O])O)c4ccc(c1)c2c34,1
Nc1c(C2=C[N]N=C2)cc2ccc3cc(C4=C[N]N=C4)cc4c(S([O])([O])O)cc1c2c34,1
Nc1cc(C=Cc2ccc([C]3C=NN=C3)cc2)ccc1C1=CN=N[CH]1,1
Nc1cc([C]2C=NN=C2)c(N)cc1C=Cc1ccc(C2=C[N]N=C2S([O])([O])O)cc1,1
CCOC(C#CC1=CN=N[CH]1)=CC#C[C]1C=NN=C1Cl,1
CCOC1=NN=C[C]1C#CC#CC1=C[N]N=C1Cl,1
C(C#C[C]1C=NN=C1)#C[C]1C=NN=C1,1
[O]S([O])(O)[C]1N=NC=C1C#CC=C(C#CC1=C(C(=O)O)[N]N=C1)C(=O)O,1
O=C(O)C1=N[N]C(C(=O)O)=C1C#CC=CC#C[C]1C=NN=C1,1
CCCC1=C(C#CC=CC#C[C]2C=NN=C2Cl)C(Cl)=N[N]1,1
CCCC1=C(C#CC#CC2=C(CCC)[N]N=C2)C=N[N]1,1
ClC(C#C[C]1C=NN=C1)=C(Cl)C#CC1=C[N]N=C1,1
ClC1=C(C#CC#C[C]2C=NN=C2)C=N[N]1,1
O=C(O)[C]1N=NC=C1C#CC=C(C#C[C]1C=NN=C1C(=O)O)C(=O)O,1
O=C(O)C1=N[N]C=C1C#CC=CC#C[C]1C=NN=C1,1
CC1=NN=C[C]1C#CC#CC1=CN=N[CH]1,1
C[C]1N=NC=C1C#CC#CC1=C[N]N=C1,1
C[C]1N=NC=C1C#CC=CC#C[C]1C=NN=C1,1
O=C(O)C1=NN=C[C]1C#CC=CC#CC1=C[N]N=C1,1
[O]S([O])(O)C(C#CC1=CN=N[CH]1)=C(C#CC1=C(F)N=N[CH]1)S([O])([O])O,1
F[C](C#C[C]1C=NN=C1F)[CH]C#CC1=C(F)[N]N=C1F,1
[O]S([O])(O)C1=NN=C[C]1C#CC#CC1=CN=N[CH]1,1
[O]S([O])(O)[C]1N=NC=C1C#CC#CC1=C(S([O])([O])O)[N]N=C1,1
IC1=NN=C[C]1C#CC#C[C]1C=NN=C1,1
O=CC(C#C[C]1C=NN=C1)=CC#CC1=CN=N[C]1I,1
O=CC1=NN=C[C]1C#CC=CC#CC1=C(C=O)[N]N=C1,1
O=CC1=N[N]C=C1C#CC#CC1=CN=N[C]1I,1
F[C](C=C1C=NN=C1)C1=C[N]N=C1,1
IC1=C(c2ccc([C]3C=NN=C3)cc2)C=N[N]1,1
Ic1cc(C2=C[N]N=C2)ccc1[C]1C=NN=C1,1
[CH]1N=NC=C1[CH][C](C(=CC1=CN=N[CH]1)c1ccccc1)c1ccccc1,1
CC1=C(C=CC=CC2=C(C)N=N[CH]2)[CH]N=N1,1
C[C]1N=NC=C1[CH][CH]C=CC1=CN=N[C]1C,1
Cc1cc(C2=CN=N[CH]2)ccc1C1=C[N]N=C1,1
C[C]([CH]C1=CN=N[CH]1)C(C)=CC1=CN=N[CH]1,1
Cc1c(C2=CN=N[CH]2)ccc(C2=CN=N[CH]2)c1C,1
CO[C]([CH]C=C(OC)C1=C(F)N=N[CH]1)C1=C(F)N=N[CH]1,1
F[C]1N=NC=C1c1ccc(C2=CN=N[C]2F)cc1,1
Fc1cc(C2=CN=N[CH]2)c(F)cc1[C]1C=NN=C1,1
[CH]1N=NC=C1C=CC=CC1=CN=N[CH]1,1
CCc1cc(C2=C[N]N=C2)ccc1C1=CN=N[CH]1,1
[CH](C=C[CH][C]1C=NN=C1)[C]1C=NN=C1,1
O=[N+]([O-])[C](C=CC(=C1C(O)=NN=C1O)[N+](=O)[O-])[C]1C(O)=NN=C1O,1
O=[N+]([O-])[C](C=C[C]([C]1C(O)=NN=C1O)[N+](=O)[O-])[C]1C(O)=NN=C1O,1
OC1=NN=C[C]1c1ccc([C]2C=NN=C2O)cc1,1
O=C1[N]N=C(Cl)[C]1c1c(O)c(O)c([C]2C(O)=NN=C2Cl)c(O)c1O,1
O[C]([C](Cl)[C]1C(O)=NN=C1Cl)C(O)=C(Cl)[C]1C(O)=NN=C1Cl,1
OC1=NN=C(Cl)[C]1c1c(O)c(O)c([C]2C(O)=NN=C2Cl)c(O)c1O,1
O[C]([C](O)[C](Cl)[C]1C(O)=NN=C1Cl)[C](Cl)[C]1C(O)=NN=C1Cl,1
O=[N+]([O-])C1=C(c2ccc([C]3C=NN=C3)cc2[N+](=O)[O-])C=N[N]1,1
O=[N+]([O-])C1=NN=C[C]1c1ccc(C2=C[N]N=C2)cc1[N+](=O)[O-],1
C1=N[N]C=C1C12CCC(C3=C[N]N=C3)(CC1)CC2,1
CCC1(CC)CC2(C3=C[N]N=C3)CCC1(C1=CN=N[CH]1)CC2,1
CCC1(CC)CC2(C3=C[N]N=C3)CCC1([C]1C=NN=C1)CC2,1
O=CC1=C(c2ccc(C3=CN=N[CH]3)cc2)C=N[N]1,1
O=CC1=C(c2ccc([C]3C=NN=C3)cc2)C=N[N]1,1
O=CC1=NN=C[C]1c1ccc(C2=C[N]N=C2)cc1,1
[CH]1N=NC=C1C12CCC(C3=C[N]N=C3)(CC1)CC2,1
Oc1c(C2=C(F)N=N[CH]2)ccc(C2=C(F)N=N[CH]2)c1O,1
Oc1c(C2=CN=N[C]2F)ccc(C2=CN=N[C]2F)c1O,1
OC1=NN=C[C]1c1ccc(C2=CN=N[CH]2)cc1O,1
O=C(O)[C]1N=NC=C1c1ccc(C2=C[N]N=C2)cc1,1
OC1=NN=C(O)[C]1c1ccc([C]2C(O)=NN=C2O)c2c1C(O)(O)C2(O)O,1
OC1=NN=C[C]1c1ccc(C2=C[N]N=C2)cc1,1
O=C(O)C1=NN=C[C]1c1ccc(C2=CN=N[CH]2)cc1,1
[O]S([O])(O)c1cc(C2=C[N]N=C2)ccc1C1=CN=N[CH]1,1
[O]S([O])(O)c1cc(C2=C[N]N=C2)ccc1[C]1C=NN=C1,1
CCCc1cc(C2=CN=N[CH]2)c(CCC)cc1C1=CN=N[CH]1,1
CCCc1cccc(-c2cc(C3=CN=N[CH]3)c(-c3cccc(CCC)c3)cc2C2=CN=N[CH]2)c1,1
I[C]1N=NC=C1c1ccc([C]2C=NN=C2I)cc1,1
O=CC1=NN=C[C]1c1ccc(C2=C(C=O)[N]N=C2)cc1,1
FC1=NN=C(F)[C]1C#CC#CC#CC1=C(F)[N]N=C1F,1
FC1=N[N]C(F)=C1C#CC#CC#CC1=C(F)[N]N=C1F,1
Br[C](C#C[C]1C=NN=C1Br)[C](Br)C#CC1=C[N]N=C1Br,1
COC1=NN=C(F)[C]1C#CC#CC#C[C]1C(F)=NN=C1OC,1
COC1=NN=C(F)[C]1C#CC(F)=C(F)C#C[C]1C(F)=NN=C1OC,1
BrC1=N[N]C(Br)=C1C#CC12CCC(C#CC3=CN=N[CH]3)(CC1)CC2,1
ClC1=N[N]C(Br)=C1C#CC#CC#C[C]1C=NN=C1Br,1
ClC1=NN=C(Br)[C]1C#CC#CC#C[C]1C=NN=C1Br,1
BrC1(Br)C2(C#CC3=CN=N[CH]3)CCC(C#CC3=C[N]N=C3)(CC2)C1(Br)Br,1
ClC1=C(C#CC#CC#C[C]2C=NN=C2)C=N[N]1,1
ClC1=NN=C(Cl)[C]1C#CC#CC#CC1=CN=N[CH]1,1
C(#CC12CCC(C#CC3=CN=N[CH]3)(CC1)CC2)[C]1C=NN=C1,1
ClC1CC2(C#CC3=CN=N[CH]3)CCC1(C#C[C]1C=NN=C1)C(Cl)C2,1
ClC1=NN=C(Cl)[C]1C#CC#CC#CC1=C[N]N=C1,1
O=[N+]([O-])C1CC2(C#C[C]3C=NN=C3)CC([N+](=O)[O-])C1(C#CC1=C[N]N=C1)CC2(Cl)Cl,1
COC12C3C4C1(C#C[C]1C=NN=C1S([O])([O])O)C1C2C3(C#CC2=C(S([O])([O])O)[N]N=C2)C41OC,1
[O]S([O])(O)C1=NN=C[C]1C#CC#CC#CC1=C(S([O])([O])O)[N]N=C1,1
NC1=N[N]C=C1C#CC#CC#CC1=C(N)[N]N=C1,1
O=CC1=NN=C[C]1C#CC12C3C4(C=O)C5(C#CC6=C[N]N=C6C=O)C(C14C=O)C2(C=O)C35C=O,1
CCCOC1=NN=C(O)[C]1C#CC12C3(O)C4(O)C5(C#C[C]6C(O)=NN=C6OCCC)C(O)(C1(O)C35OCCC)C42OCCC,1
CCCOC1=NN=C(O)[C]1C#CC#CC#C[C]1C(O)=NN=C1OCCC,1
CCCC1=NN=C[C]1C#CC#CC#CC1=C[N]N=C1CCC,1
N#CC1=NN=C[C]1C#CC12C3C4C1C1C2C3C41C#CC1=C[N]N=C1C#N,1
BrC1=NN=C(Br)[C]1C#CC#CC#C[C]1C(Br)=NN=C1Br,1
CCCOC1=NN=C(Br)[C]1C#CC12C3(Br)C4(OCCC)C5(C#C[C]6C(Br)=NN=C6OCCC)C(Br)(C14OCCC)C2(OCCC)C35OCCC,1
CCCOC1=NN=C(OCCC)[C]1C#CC#CC#C[C]1C(OCCC)=NN=C1OCCC,1
CNC12C3C4(O)C1(C#C[C]1C=NN=C1)C1C2(O)C3(C#CC2=C[N]N=C2)C14NC,1
C(#CC#CC1=CN=N[CH]1)C#CC1=CN=N[CH]1,1
CCC12C3C4C1(C#CC1=C(Cl)N=N[CH]1)C1C2C3(C#CC2=C(Cl)[N]N=C2)C41CC,1
O=[N+]([O-])C1=NN=C[C]1C#CC#CC#C[C]1C=NN=C1[N+](=O)[O-],1
O=[N+]([O-])C1=NN=C[C]1C#CC12C3C4C5(C#CC6=C[N]N=C6[N+](=O)[O-])C(C1C35[N+](=O)[O-])C42[N+](=O)[O-],1
O=[N+]([O-])C1=NN=C(Br)[C]1C#CC#CC#C[C]1C(Br)=NN=C1[N+](=O)[O-],1
BrC1=NN=C[C]1C#CC12C3C4C1C1C2C3C41C#CC1=C[N]N=C1Br,1
FC12C3C4(F)C5(F)C(C1(F)C35C#CC1=C[N]N=C1)C24C#C[C]1C=NN=C1,1
O=C(O)C1=N[N]C=C1C#CC#CC#CC1=C[N]N=C1C(=O)O,1
O=C(O)C1=N[N]C=C1C#CC12C(F)C(F)(F)C(C#CC3=C(F)[N]N=C3)(C(F)C1(C(=O)O)C(=O)O)C(C(=O)O)(C(=O)O)C2F,1
O=C(O)[C]1N=NC(F)=C1C#CC12CC(F)(C(=O)O)C(C#C[C]3C=NN=C3F)(C(F)C1(F)C(=O)O)C(C(=O)O)(C(=O)O)C2,1
O=C(O)[C]1N=NC(F)=C1C#CC12C3C4C5(C#CC6=C(C(=O)O)[N]N=C6)C3C1(C(=O)O)C5C42F,1
O=C(O)C1=NN=C[C]1C#CC12C(C(=O)O)C(F)(C(=O)O)C(C#CC3=C(F)N=N[C]3F)(C(F)C1(C(=O)O)C(=O)O)C(F)(C(=O)O)C2C(=O)O,1
BrC1=NN=C(Br)[C]1C#CC12CCC(C#C[C]3C=NN=C3)(C(Br)C1)C(Br)C2,1
BrC1=N[N]C=C1C#CC12CC(Br)C(C#CC3=CN=N[CH]3)(CC1Br)C(Br)C2,1
C(#CC12CCC(C#CC3=C[N]N=C3)(CC1)CC2)[C]1C=NN=C1,1
COC12C3C4(C#CC5=CN=N[CH]5)C5(OC)C(C1(C#CC1=CN=N[CH]1)C35C(=O)O)C42C(=O)O,1
COC12C3C4C1(C#CC1=CN=N[CH]1)C1C2C3(C#CC2=CN=N[CH]2)C41OC,1
O=C(O)C1=NN=C[C]1C#CC12C3C4C5(C#CC6=C(C(=O)O)[N]N=C6)C(C1C35C(=O)O)C42C(=O)O,1
FC12C3C4C5(F)C(C1C35C#CC1=C[N]N=C1)C42C#C[C]1C=NN=C1,1
FC1=NN=C(Cl)[C]1C#CC12C3C4C1(F)C1C2C3(F)C41C#CC1=C(Cl)[N]N=C1F,1
FC1=NN=C[C]1C#CC12C3C4C1(F)C1C2C3(F)C41C#CC1=C[N]N=C1F,1
F[C]1N=NC=C1C#CC12C3C4C1(F)C1C2C3(F)C41C#CC1=C(F)[N]N=C1,1
O=[N+]([O-])C12C3C4(O)C1(C#CC1=C[N]N=C1)C1C2(O)C3(C#CC2=C[N]N=C2)C14[N+](=O)[O-],1
O=[N+]([O-])C12C3C4(C#CC5=C[N]N=C5)C1([N+](=O)[O-])C1C2(C#C[C]2C=NN=C2)C3([N+](=O)[O-])C14[N+](=O)[O-],1
O=[N+]([O-])C12C3C4C1(C#C[C]1C=NN=C1)C1C2C3(C#CC2=C[N]N=C2)C41[N+](=O)[O-],1
O=CC12C3C4(C#C[C]5C=NN=C5)C5(C=O)C(C1(C#CC1=C[N]N=C1)C35[N+](=O)[O-])C42[N+](=O)[O-],1
O=CC1=NN=C(C=O)[C]1C#CC12C3C4(C=O)C5(C#CC6=C(C=O)[N]N=C6C=O)C(C1(C=O)C35[N+](=O)[O-])C24[N+](=O)[O-],1
O=CC1=NN=C[C]1C#CC12C3C4C5(C#CC6=C(C=O)[N]N=C6)C(C1C35[N+](=O)[O-])C42[N+](=O)[O-],1
O=[N+]([O-])C12C3C4C1(C#CC1=C[N]N=C1)C1C2C3(C#CC2=C[N]N=C2)C41[N+](=O)[O-],1
BrC12C3C4C5(Br)C(C1C35C#CC1=C[N]N=C1)C42C#C[C]1C=NN=C1,1
ClC12C3C4C5(Cl)C(C1C35C#CC1=C[N]N=C1)C42C#C[C]1C=NN=C1,1
CNC12C3C4C5C(C1C53C#C[C]1C=NN=C1)C42C#CC1=C[N]N=C1,1
CNC12C3C4C5C(C1C53C#C[C]1C=NN=C1)C42C#C[C]1C=NN=C1,1
N[C]([CH]c1ccc([C]2C=NN=C2)cc1)c1ccc(C2=CN=N[CH]2)cc1,1
CCCC12C3C4C5C3(C#CC3=CN=N[CH]3)C1(c1ccccc1)C5(c1ccccc1)C42C#C[C]1C=NN=C1,1
CCCC1=N[N]C(c2ccccc2)=C1c1ccc(C=C(c2ccccc2)c2ccc([C]3C=NN=C3)cc2)cc1,1
[CH]1N=NC=C1c1ccc(C(=Cc2ccc([C]3C=NN=C3)cc2)c2ccccc2)cc1,1
CCCC1=NN=C[C]1C#CC12C3C4C1C1C2C3C41C#C[C]1C=NN=C1,1
CCC[C]([CH]c1ccc(C2=C[N]N=C2)cc1)c1ccc([C]2C=NN=C2)cc1,1
O=[N+]([O-])C12C3C4C5C(C1C53C#C[C]1C=NN=C1)C42C#C[C]1C=NN=C1,1
O=[N+]([O-])c1cc(C2=C[N]N=C2)ccc1[CH][CH]c1ccc([C]2C=NN=C2)cc1,1
CC12C3C4C5C(C1C53C#CC1=C[N]N=C1)C42C#CC1=C[N]N=C1,1
CC1=NN=C[C]1C#CC12C3C4C1C1(F)C2C3C41C#CC1=C(C)[N]N=C1,1
FC1=C(c2ccc([CH][CH]c3ccc(C4=C[N]N=C4)cc3)cc2)[CH]N=N1,1
BrC1=NN=C[C]1C#CC12C3C4C1C1(I)C4(C#C[C]4C=NN=C4)C3(Br)C21Br,1
BrC12C3C4C5(I)C3(C#CC3=C[N]N=C3)C1C5(Br)C42C#CC1=C[N]N=C1I,1
Br[C]1N=NC=C1c1cc(I)c(C(Br)=Cc2cc(I)c([C]3C=NN=C3)cc2I)c(Br)c1Br,1
Brc1cc(C=Cc2c(I)cc(C3=C[N]N=C3I)cc2I)cc(I)c1[C]1C=NN=C1,1
CCCc1cc(-c2ccc(C3=C[N]N=C3)cc2)ccc1[C]1C=NN=C1,1
C1=N[N]C=C1c1ccc2cc(C3=C[N]N=C3)ccc2c1,1
COc1cc2cc(C3=C[N]N=C3)ccc2cc1C1=C[N]N=C1,1
[CH]1N=NC=C1c1ccc(-c2ccc(C3=CN=N[CH]3)cc2)cc1,1
CNc1c(C2=CN=N[CH]2)ccc2cc(C3=C[N]N=C3)ccc12,1
ClC1=C(c2ccc(-c3ccc([C]4C=NN=C4)c(Cl)c3Cl)cc2)[CH]N=N1,1
Clc1cc([C]2C=NN=C2)ccc1C1=CC(c2ccc3cc([C]4C=NN=C4)ccc3c2)[C](C2=CN=N[CH]2)C=C1,1
[C]1C=NN=C1,1
O=[N+]([O-])C1=C(c2cc3c(c(F)c2[N+](=O)[O-])[CH][C][CH]C3C2=C[N]N=C2)C=N[N]1,1
O=[N+]([O-])c1c(C2=C[N]N=C2)ccc2cc([C]3C=NN=C3)ccc12,1
[CH]1N=NC=C1c1ccc(-c2ccc(C3=C[N]N=C3)cc2)cc1,1
Ic1c([C]2C=NN=C2)ccc2cc(C3=C[N]N=C3)ccc12,1
CCCOC1=NN=C[C]1c1ccc(-c2ccc([C]3C=NN=C3OCCC)cc2OCCC)cc1,1
CCCOC1=NN=C[C]1c1ccc([N][N]c2ccc([C]3C=NN=C3OC)cc2OC)c(OC)c1OCCC,1
CCCc1cc(C2=C[N]N=C2)ccc1[N][N]c1ccc([C]2C=NN=C2)cc1,1
O=C(O)C1=NN=C(C(=O)O)[C]1c1ccc(-c2ccc([C]3C=NN=C3Cl)cc2C(=O)O)c(C(=O)O)c1,1
O=C(O)c1cc([N][N]c2c(Cl)cc([C]3C=NN=C3)c(Cl)c2C(=O)O)ccc1C1=C[N]N=C1,1
O=C(O)c1c([C]2C=NN=C2)ccc([N][N]c2ccc(C3=C[N]N=C3)cc2Cl)c1Cl,1
O=C(O)C1=N[N]C=C1c1ccc(-c2ccc(C3=C[N]N=C3)cc2)cc1,1
COC1=NN=C([N+](=O)[O-])[C]1c1cc([N+](=O)[O-])c([N][N]c2ccc([C]3C=NN=C3)cc2)cc1[N+](=O)[O-],1
COC1=NN=C[C]1c1ccc(-c2ccc(C3=C[N]N=C3)cc2OC)c(OC)c1,1
COc1c([C]2C=NN=C2)cc([N+](=O)[O-])c(-c2ccc(C3=C([N+](=O)[O-])[N]N=C3)cc2)c1[N+](=O)[O-],1
COc1cc([C]2C=NN=C2[N+](=O)[O-])c(OC)cc1[N][N]c1ccc(C2=C[N]N=C2[N+](=O)[O-])cc1,1
BrC1=NN=C[C]1c1ccc([N][N]c2ccc(C3=C[N]N=C3Br)cc2)cc1,1
Brc1cc(-c2ccc(C3=C[N]N=C3)cc2)ccc1C1=C[N]N=C1,1
BrC1=NN=C[C]1c1ccc(-c2ccc(C3=C[N]N=C3Br)cc2Br)cc1,1
BrC1=N[N]C(Br)=C1c1ccc([N][N]c2ccc([C]3C=NN=C3)cc2)cc1,1
NC1=N[N]C=C1c1ccc(-c2ccc(C3=C(N)[N]N=C3N)cc2)cc1,1
NC1=NN=C[C]1c1ccc([N][N]c2ccc(C3=C[N]N=C3)c(N)c2)c(N)c1,1
Nc1cc([C]2C=NN=C2)ccc1-c1cc(Br)c(C2=CN=N[CH]2)cc1Br,1
O=[N+]([O-])C1=C(c2ccc(C3=CN=N[CH]3)c3c2C([N+](=O)[O-])C3(O)O)C=N[N]1,1
O=[N+]([O-])C1=C(c2ccc([C]3C=NN=C3)c3c2C([N+](=O)[O-])C3(O)O)C=N[N]1,1
OC1=NN=C(O)[C]1[CH]C=C1C=NN=C1O,1
OC1=NN=C[C]1[CH][CH][C]1C(O)=NN=C1O,1
FC1=C(C(F)=C(F)C2=C(F)N=N[CH]2)C=N[N]1,1
F[C]1N=NC=C1C(F)=C(F)[C]1C=NN=C1F,1
FC1=N[N]C=C1c1c(F)cc(C2=CN=N[CH]2)c2c1C(F)C2F,1
FC1=NN=C[C]1c1c(F)cc(C2=CN=N[CH]2)c2c1C(F)C2F,1
COC1Cc2c(C3=CN=N[CH]3)ccc(C3=C[N]N=C3)c21,1
COC1Cc2c(C3=CN=N[CH]3)ccc([C]3C=NN=C3)c21,1
COC1=NN=C[C]1c1ccc(C2=CN=N[CH]2)c2c1C(OC)C2,1
COC1=NN=C[C]1c1ccc(C2=CN=N[CH]2)c2c1CC2,1
FC1=C(c2c(F)cc([C]3C=NN=C3)c3c2C(F)C3)[CH]N=N1,1
F[C]1N=NC(F)=C1c1ccc(C2=C(F)N=N[C]2F)c2c1C(F)C2F,1
F[C]1N=NC=C1C=CC=CC1=CN=N[C]1F,1
F[C]1N=NC=C1c1c(F)cc([C]2C=NN=C2)c2c1C(F)C2,1
ClC1Cc2c(C3=CN=N[CH]3)ccc(C3=C[N]N=C3)c21,1
F[C]1N=NC=C1C1[CH][C]=C2[C](CC2F)[C]1C1=CN=N[CH]1,1
Fc1c(C2=C[N]N=C2)ccc2cc([C]3C=NN=C3)ccc12,1
Fc1cc(C2=C[N]N=C2)c2c(c1C1=C[N]N=C1)CC2,1
Clc1c([C]2C=NN=C2)ccc2cc(C3=C[N]N=C3)ccc12,1
OC1C[C]2[C]1[C][CH]C(C1=C[N]N=C1)[C]2[C]1C=NN=C1,1
OC1c2c(C3=C[N]N=C3)ccc(C3=C[N]N=C3)c2C1(Cl)Cl,1
OC1=NN=C[C]1c1ccc2cc([C]3C=NN=C3)c(O)cc2c1,1
CNc1c([C]2C=NN=C2)ccc2cc(C3=C[N]N=C3)c(OC)cc12,1
CNC1=NN=C[C]1c1cc(NC)c(C2=C[N]N=C2NC)c2c1C(OC)C2,1
COC1=NN=C[C]1C1=C[CH][C][C]2CCC21C1=C[N]N=C1,1
CCc1cc(C2=C[N]N=C2)c(Cl)c2ccc(C3=CN=N[C]3Cl)cc12,1
CCC1=NN=C[C]1c1cc2ccc(C3=C[N]N=C3CC)cc2cc1CC,1
Clc1cc(C2=C[N]N=C2)c2c(c1C1=C[N]N=C1)CC2,1
CCCC1=NN=C[C]1C1[CH][C][C]2CC(CCC)[C]2[C]1C1=C[N]N=C1CCC,1
CCCc1cc2c(F)c([C]3C(F)=NN=C3F)ccc2c(F)c1C1=CN=N[CH]1,1
Fc1c([C]2C=NN=C2)ccc2cc(C3=CN=N[CH]3)ccc12,1
Fc1cc(C2=CN=N[CH]2)c2c(c1[C]1C=NN=C1)CC2,1
CC1=C(C2[CH][C][C]3CC[C]3[C]2C2=C[N]N=C2)[CH]N=N1,1
CCCC1C(C#N)C2(C3=C[N]N=C3)CCC1([C]1C=NN=C1)CC2,1
N#CC1Cc2c(C3=CN=N[CH]3)ccc([C]3C=NN=C3)c21,1
CCCOC1=NN=C[C]1c1cc(OCCC)c(C2=CN=N[CH]2)c2c1CC2,1
CCCOC1CC2([C]3C=NN=C3)CCC1(C1=C[N]N=C1)CC2,1
BrC1Cc2c(C3=C[N]N=C3)ccc([C]3C=NN=C3)c21,1
FC1=N[N]C(F)=C1c1ccc(C2=C(F)N=N[CH]2)c2c1CC2,1
FC1Cc2c([C]3C=NN=C3)ccc(C3=C[N]N=C3)c21,1
FC1c2c(C3=CN=N[CH]3)ccc([C]3C=NN=C3)c2C1I,1
FC1(I)CC2([C]3C=NN=C3)CCC1(C1=C[N]N=C1)C(I)C2(F)I,1
N#CC1c2c(C3=CN=N[CH]3)ccc(C3=CN=N[CH]3)c2C1C#N,1
FC1c2c([C]3C=NN=C3)ccc(C3=C[N]N=C3)c2C1F,1
FC1c2c([C]3C=NN=C3)ccc(C3=CN=N[CH]3)c2C1F,1
CNc1cc(C2=CN=N[CH]2)c2c(c1[C]1C=NN=C1)CC2,1
O=C(O)c1cc(C2=CN=N[CH]2)c2c(c1[C]1C=NN=C1)CC2,1
O=C(O)c1ccccc1-c1cc(C2=C[N]N=C2)c(-c2ccccc2)cc1C1=C[N]N=C1,1
CCC1=C(C#Cc2ccc(C#CC3=CN=N[CH]3)cc2CC)[C](F)N=N1,1
CCc1c(C#C[C]2C=NN=C2)ccc(C#CC2=C[N]N=C2F)c1F,1
CCc1cc(C#CC2=C[N]N=C2)ccc1C#C[C]1C=NN=C1F,1
CC1=NN=C[C]1C#Cc1ccc(C#C[C]2C(O)=NN=C2O)cc1,1
CCCC1=N[N]C=C1C#Cc1ccc(C#CC2=C[N]N=C2)cc1,1
O=Cc1cc(C#CC2=C[N]N=C2)ccc1C#CC1=CN=N[CH]1,1
O=Cc1cc(C#C[C]2C=NN=C2)c(O)c(O)c1C#CC1=C[N]N=C1,1
O=Cc1cc(C#C[C]2C=NN=C2)ccc1C#CC1=C[N]N=C1,1
N#CC1=NN=C(O)[C]1C#Cc1cc(O)c(C#CC2=C[N]N=C2)cc1O,1
N#C[C]1N=NC=C1C#Cc1cc(O)c(C#C[C]2C=NN=C2)c(C#N)c1C#N,1
N#Cc1cc(C#CC2=CN=N[CH]2)c(O)cc1C#CC1=C[N]N=C1,1
CCCC1=NN=C[C]1C#Cc1ccc(C#CC2=C(CCC)N=N[CH]2)cc1OC,1
CCCC1=NN=C(OC)[C]1C#CC#CC#C[C]1C=NN=C1,1
CCCc1c(C#CC2=C[N]N=C2)cc(OC)c(C#C[C]2C=NN=C2)c1OC,1
CCCc1cc(C#C[C]2C=NN=C2OC)ccc1C#C[C]1C=NN=C1OC,1
COC1=NN=C(OC)[C]1C#Cc1ccc(C#C[C]2C=NN=C2)c(C#N)c1,1
COC1=NN=C[C]1C#Cc1ccc(C#C[C]2C=NN=C2)cc1,1
N#Cc1cc(C#C[C]2C=NN=C2)ccc1C#C[C]1C=NN=C1,1
O=[N+]([O-])C1=NN=C[C]1C#Cc1ccc(C#CC2=C(I)[N]N=C2)cc1,1
O=[N+]([O-])c1cc(C#C[C]2C=NN=C2)ccc1C#CC1=C(I)[N]N=C1,1
O=[N+]([O-])C1=NN=C[C]1C#Cc1ccc(C#CC2=CN=N[CH]2)c(I)c1,1
O=[N+]([O-])C1=C(C#Cc2ccc(C#C[C]3C=NN=C3)c([N+](=O)[O-])c2)C=N[N]1,1
O=[N+]([O-])C1=NN=C[C]1C#CC#CC#CC1=C([N+](=O)[O-])[N]N=C1,1
O=[N+]([O-])C1=N[N]C=C1C#Cc1ccc(C#CC2=C(c3ccccc3)[N]N=C2)c([N+](=O)[O-])c1,1
O=[N+]([O-])c1c(C#C[C]2C=NN=C2c2ccccc2)ccc(C#CC2=C[N]N=C2)c1-c1ccccc1,1
CCOC1=NN=C[C]1C#Cc1ccc(C#CC2=CN=N[CH]2)cc1OCC,1
CCOC1=NN=C[C]1C#Cc1ccc(C#C[C]2C=NN=C2)c(OCC)c1,1
CNC1=C(C#Cc2cc(NC)c(C#CC3=C[N]N=C3)cc2NC)[CH]N=N1,1
COC1=NN=C[C]1C#CC#CC#C[C]1C=NN=C1O,1
COC1=NN=C[C]1C#Cc1cc(O)c(C#C[C]2C(O)=NN=C2OC)cc1OC,1
COC1=NN=C[C]1C#Cc1ccc(C#CC2=CN=N[CH]2)cc1,1
COc1c(O)c(C#C[C]2C=NN=C2O)cc(O)c1C#C[C]1C=NN=C1O,1
CCOC12C3C4C1(C#CC1=C[N]N=C1)C1C2C3(C#CC2=C[N]N=C2)C41OCC,1
CCOc1cc(C#CC2=C[N]N=C2)c(OCC)cc1C#CC1=CN=N[CH]1,1
OC1=NN=C[C]1C#Cc1ccc(C#C[C]2C=NN=C2O)cc1,1
COC1=NN=C[C]1C#Cc1ccc(C#C[C]2C=NN=C2OC)cc1,1
CCCOC12C3C4(C#CC5=C[N]N=C5)C1(OCC)C1C2(C#C[C]2C=NN=C2)C3(OCC)C14OCCC,1
CCCOC1=NN=C[C]1C#Cc1ccc(C#C[C]2C=NN=C2OCCC)cc1,1
CCOC1=NN=C[C]1C#Cc1ccc(C#C[C]2C=NN=C2OCC)cc1,1
CCC[C]1N=NC(CCC)=C1C#Cc1ccc(C#CC2=C(CCC)N=N[C]2CCC)cc1,1
O=CC12C3(F)C4(C#CC5=CN=N[CH]5)C1(C=O)C1(F)C2(C#CC2=CN=N[CH]2)C3(C=O)C14C=O,1
O=CC1=NN=C(F)[C]1C#Cc1cc(F)c(C#CC2=C(C=O)[N]N=C2F)cc1F,1
O=Cc1c(F)c(C#CC2=CN=N[CH]2)c(C=O)c(F)c1C#CC1=CN=N[CH]1,1
O=Cc1c(F)c(C#CC2=C(F)N=N[CH]2)c(C=O)c(F)c1C#CC1=CN=N[C]1F,1
CC1=NN=C[C]1C#Cc1cc(C)c(C#CC2=C[N]N=C2C)cc1C,1
CC1=NN=C[C]1C#Cc1ccc(C#CC2=C(C)[N]N=C2)cc1,1
Cc1cc(C#CC2=C[N]N=C2)c(C)cc1C#CC1=C[N]N=C1,1
NC1=NN=C[C]1C#CC12C3C4C5(C#CC6=C[N]N=C6N)C(C1C35S([O])([O])O)C42S([O])([O])O,1
[O]S([O])(O)C1=NN=C[C]1C#Cc1ccc(C#CC2=C[N]N=C2S([O])([O])O)cc1,1
CCOC1=NN=C[C]1C#CC12C3C4C5(C#C[C]6C=NN=C6OCC)C(C1C35OCC)C42OCC,1
CCOC1=NN=C[C]1C#Cc1cc(N)c(C#C[C]2C=NN=C2OCC)cc1N,1
CCOc1c(N)c(C#C[C]2C=NN=C2N)c(OCC)c(N)c1C#C[C]1C=NN=C1N,1
ClC1=NN=C(Cl)[C]1C#Cc1ccc(C#CC2=C(Cl)[N]N=C2Cl)cc1,1
ClC1=NN=C(Cl)[C]1C#Cc1ccc(C#C[C]2C(Cl)=NN=C2Cl)cc1,1
ClC1=N[N]C(Cl)=C1C#Cc1ccc(C#CC2=C(Cl)[N]N=C2Cl)cc1,1
CCCC1=NN=C[C]1c1cc2ccc3cc(C4=C[N]N=C4)cc4ccc(c1CCC)c2c34,1
CCCc1cc([N][N]c2ccc(C3=C[N]N=C3)cc2)ccc1C1=CN=N[CH]1,1
CCCc1cc2cc([C]3C=NN=C3)cc3ccc4cc([C]5C=NN=C5)cc1c4c32,1
CNC1=NN=C[C]1c1cc2ccc3cc([C]4C=NN=C4)cc4c(NC)c(NC)c(c1)c2c34,1
CNC1=N[N]C=C1c1ccc([N][N]c2ccc([C]3C=NN=C3S([O])([O])O)cc2)cc1,1
CNc1c(S([O])([O])O)c2cc(C3=C[N]N=C3S([O])([O])O)c(NC)c3ccc4cc(C5=C[N]N=C5S([O])([O])O)cc1c4c32,1
CNc1cc([C]2C=NN=C2)ccc1[N][N]c1ccc(C2=C[N]N=C2)cc1,1
CCCC1=NN=C[C]1c1cc2ccc3cc(C4=CN=N[CH]4)cc4ccc(c1)c2c34,1
COC1=NN=C[C]1c1cc2ccc3cc(C4=C[N]N=C4)cc4ccc(c1I)c2c34,1
Ic1c([N][N]c2ccc(C3=CN=N[CH]3)cc2)ccc(C2=C[N]N=C2)c1I,1
Ic1c([N][N]c2ccc([C]3C=NN=C3)cc2)ccc(C2=CN=N[CH]2)c1I,1
Ic1cc2cc([C]3C=NN=C3)cc3ccc4cc(C5=CN=N[CH]5)cc1c4c32,1
BrC1=C(c2cc3cc(Br)c4c(Br)c(C5=C(Br)N=N[CH]5)cc5cc(Br)c(c2)c3c54)C=N[N]1,1
Nc1c(C2=CN=N[CH]2)cc(Br)c([N][N]c2ccc(C3=C[N]N=C3)cc2Br)c1Br,1
Nc1c([C]2C=NN=C2)cc2c(Br)cc3c(Br)c(C4=CN=N[CH]4)cc4c(Br)cc1c2c43,1
Nc1cc([C]2C=NN=C2Br)c(Br)cc1[N][N]c1cc(N)c(C2=C[N]N=C2)c(N)c1,1
NC1=NN=C[C]1c1cc2ccc3c(N)c(C4=CN=N[CH]4)cc4c(N)cc(c1N)c2c43,1
NC1=N[N]C=C1c1cc2ccc3cc(C4=CN=N[CH]4)cc4c(N)cc(c1)c2c34,1
NC1=N[N]C=C1c1cc(N)c([N][N]c2ccc([C]3C=NN=C3)c(N)c2)c(N)c1,1
Nc1cc(C2=CN=N[CH]2)ccc1[N][N]c1cc(N)c([C]2C=NN=C2)cc1N,1
O=C(O)c1cc([C]2C=NN=C2)ccc1[N][N]c1ccc(C2=C[N]N=C2)c(-c2ccccc2)c1,1
NC1=N[N]C=C1c1cc2ccc3cc(C4=CN=N[CH]4)c(F)c4ccc(c1)c2c34,1
NC1=N[N]C=C1c1cc2ccc3cc([C]4C=NN=C4)cc4ccc(c1)c2c34,1
COC1=NN=C[C]1c1cc2ccc3c([N+](=O)[O-])c([C]4C(OC)=NN=C4OC)c([N+](=O)[O-])c4ccc(c1)c2c34,1
COC1=NN=C[C]1c1ccc([N][N]c2ccc([C]3C=NN=C3)c([N+](=O)[O-])c2OC)cc1,1
COc1cc([N][N]c2ccc(C3=C([N+](=O)[O-])[N]N=C3)cc2)c([N+](=O)[O-])cc1[C]1C=NN=C1,1
COc1cc2cc(C3=C[N]N=C3)cc3c([N+](=O)[O-])cc4c(OC)c([C]5C=NN=C5[N+](=O)[O-])cc1c4c23,1
CNc1cc(C2=CN=N[CH]2)ccc1[N][N]c1ccc(C2=C[N]N=C2)cc1,1
CNc1cc(C2=C[N]N=C2)ccc1[N][N]c1ccc([C]2C=NN=C2)cc1,1
N#C[C]1N=NC=C1c1ccc([N][N]c2ccc([C]3C=NN=C3)cc2)cc1,1
N#Cc1cc([N][N]c2ccc([C]3C=NN=C3)cc2)ccc1C1=C[N]N=C1,1
N#Cc1cc2cc(C3=C[N]N=C3)cc3ccc4cc(C5=C[N]N=C5)cc1c4c32,1
C(#CC12CCC(C#C[C]3C=NN=C3)(CC1)CC2)[C]1C=NN=C1,1
O=[N+]([O-])C1CC2(C#CC3=C[N]N=C3)CCC1(C#C[C]1C=NN=C1)CC2,1
[O]S([O])(O)c1cc(C2=C(Br)[N]N=C2)ccc1N=Nc1c(Br)cc([C]2C=NN=C2)cc1S([O])([O])O,1
[O]S([O])(O)C1=NN=C[C]1C#CC12CCC(C#C[C]3C=NN=C3Br)(CC1S([O])([O])O)C(Br)(Br)C2,1
[O]S([O])(O)C1=C(C#CC23CC(S([O])([O])O)C(C#CC4=C[N]N=C4)(C(Br)C2Br)C(S([O])([O])O)C3S([O])([O])O)C=N[N]1,1
[O]S([O])(O)c1cc([C]2C=NN=C2)ccc1N=Nc1ccc(C2=CN=N[CH]2)c(S([O])([O])O)c1Br,1
COc1cc([C]2C=NN=C2)c(OC)cc1[N][N]c1ccc(C2=C[N]N=C2)cc1,1
Cc1cc(C2=CN=N[CH]2)ccc1[N][N]c1ccc(C2=C[N]N=C2)cc1C,1
O=CC1=C(C#CC23C(C=O)CC(C#CC4=C[N]N=C4)(CC2C=O)C(F)C3C=O)C(F)=N[N]1,1
O=CC1=NN=C(C=O)[C]1c1ccc([N][N]c2ccc(C3=C(C=O)N=N[CH]3)c(F)c2)cc1F,1
O=CC1C2(C#C[C]3C(F)=NN=C3F)CC(C=O)C(C#C[C]3C=NN=C3)(C(F)C2F)C1(F)F,1
O=Cc1cc([N][N]c2cc(C=O)c([C]3C=NN=C3)c(F)c2F)ccc1C1=C[N]N=C1,1
O=CC1C(C=O)C2(C#CC3=C[N]N=C3)CCC1(C#CC1=CN=N[CH]1)C(C=O)C2C(=O)O,1
O=Cc1cc([N][N]c2ccc(C3=C[N]N=C3)c(C=O)c2)ccc1[C]1C=NN=C1,1
O=C(O)C1C(C(=O)O)C2(C#CC3=C[N]N=C3)CCC1(C#CC1=CN=N[CH]1)CC2C(=O)O,1
COC1=NN=C(F)[C]1C#CC12CC(F)C([C]=C=C3C(F)=NN=C3OC)(C(F)C1(OC)OC)C(F)(OC)C2(F)OC,1
COC1=NN=C(F)[C]1c1cc(OC)c([N][N]c2cc(F)c(C3=C[N]N=C3)c(F)c2)c(F)c1F,1
COC1=NN=C(OC)[C]1c1ccc([N][N]c2ccc([C]3C(OC)=NN=C3OC)c(OC)c2)cc1F,1
COC1C(F)C2(C#C[C]3C=NN=C3F)C(F)(OC)C(F)C1(C#C[C]1C=NN=C1)C(F)(OC)C2(F)OC,1
BrC1=NN=C[C]1C#CC12CCC(C#C[C]3C=NN=C3)(CC1Br)C(Br)C2,1
CC1C(Br)C2(C#CC3=C[N]N=C3)CC(Br)C1(C#CC1=C[N]N=C1)C(C)(C)C2,1
CC1=NN=C[C]1c1ccc([N][N]c2ccc(C3=C[N]N=C3)cc2C)c(C)c1,1
Cc1cc([C]2C=NN=C2)ccc1[N][N]c1ccc(C2=CN=N[CH]2)cc1C,1
CCOC1(N)C(N)C2(C#C[C]3C=NN=C3)CCC1(C#CC1=C[N]N=C1)C(N)(N)C2,1
CCOC1C(OCC)C2(C#C[C]3C=NN=C3)C(N)CC1(C#C[C]1C=NN=C1)C(N)C2N,1
NC1=NN=C[C]1c1cc(N)c([N][N]c2ccc(C3=C[N]N=C3)cc2)c(N)c1N,1
Nc1cc([N][N]c2ccc(C3=CN=N[CH]3)c(N)c2N)ccc1[C]1C=NN=C1,1
[O]S([O])(O)C1=NN=C[C]1C#CC12CCC(C#C[C]3C=NN=C3F)(CC1)CC2,1
[O]S([O])(O)C1C(F)C2(C#CC3=C[N]N=C3F)CCC1(C#CC1=C[N]N=C1)C(F)C2,1
[O]S([O])([O])c1cc([C]2C=NN=C2)c(F)cc1[N]Nc1ccc(C2=C[N]N=C2)cc1,1
Fc1cc(C2=CN=N[CH]2)ccc1[N][N]c1ccc(C2=C[N]N=C2)cc1,1
FC1=C(C#CC23CCC(C#C[C]4C=NN=C4)(CC2)C(F)C3)C=N[N]1,1
Oc1cc(C2=C(F)[N]N=C2)ccc1N=Nc1ccc(C2=CN=N[CH]2)cc1,1
OC1CC2(C#C[C]3C=NN=C3)CCC1(C#C[C]1C=NN=C1)CC2F,1
C(#CC12C3C4C1C1C2C3C41C#CC1=CN=N[CH]1)[C]1C=NN=C1,1
O=[N+]([O-])C1=NN=C[C]1c1ccc([N][N]c2ccc(C3=C[N]N=C3)c([N+](=O)[O-])c2[N+](=O)[O-])c([N+](=O)[O-])c1,1
O=[N+]([O-])c1cc([C]2C=NN=C2)ccc1[N][N]c1ccc(C2=C[N]N=C2)cc1,1
C(#CC12C3C4C1C1C2C3C41C#CC1=C[N]N=C1)C1=C[N]N=C1,1
CC1=C(C#CC23C4C5C2C2C3C4C52C#CC2=CN=N[CH]2)[CH]N=N1,1
FC12C3C4C5C3(C#CC3=C[N]N=C3)C1C5(F)C42C#CC1=C[N]N=C1,1
Fc1cc([N][N]c2cc(-c3ccccc3)c([C]3C=NN=C3)cc2-c2ccccc2)ccc1C1=C[N]N=C1,1
C(#CC12C3C4C1C1C2C3C41C#C[C]1C=NN=C1c1ccccc1)[C]1C=NN=C1,1
[CH]1N=NC=C1c1ccc([N][N]c2ccc([C]3C=NN=C3)cc2-c2ccccc2)cc1,1
CCC1=C(C#CC23C4C5C2C2(CC)C3C4C52C#C[C]2C=NN=C2)C=N[N]1,1
CCC1=NN=C(CC)[C]1C#CC12C3C4C1C1(CC)C2C3C41C#C[C]1C=NN=C1,1
CC[C]1N=NC(CC)=C1c1ccc([N][N]c2ccc([C]3C=NN=C3)cc2CC)c(CC)c1,1
CCOC12C3C4C5C(C41C#CC1=C[N]N=C1)C2(OCC)C53C#CC1=C(C=O)N=N[CH]1,1
CCOC1=NN=C[C]1C#CC12C3C4C1C1C4(C#CC4=CN=N[CH]4)C3C12C=O,1
CCOC1=NN=C[C]1c1ccc([N][N]c2ccc(C3=C(C=O)[N]N=C3)cc2)cc1,1
CCOc1cc(C2=C(C=O)[N]N=C2)ccc1[N][N]c1ccc(C2=CN=N[CH]2)cc1,1
OC12C3C4C5C(C41C#CC1=C(Cl)N=N[C]1Cl)C2(Cl)C53C#CC1=C[N]N=C1,1
OC1=NN=C(Cl)[C]1c1ccc([N][N]c2cc(Cl)c(C3=C(Cl)N=N[C]3Cl)c(Cl)c2Cl)c(O)c1Cl,1
OC1=NN=C[C]1C#CC12C3C4(O)C1C1(Cl)C2(O)C3(Cl)C41C#C[C]1C=NN=C1O,1
OC1=NN=C(O)[C]1c1c(Cl)c(O)c([N][N]c2cc(O)c(C3=C(Cl)[N]N=C3Cl)cc2O)c(Cl)c1Cl,1
ClC1=NN=C[C]1c1ccc([N][N]c2ccc(C3=C[N]N=C3)cc2)c(Br)c1,1
ClC12C3C4C5(Br)C(C1C35C#CC1=C[N]N=C1)C42C#CC1=C[N]N=C1,1
ClC1=NN=C[C]1C#CC12C3C4C1C1C2C3C41C#CC1=C[N]N=C1,1
ClC1=C(c2cc(Cl)c([N][N]c3ccc([C]4C=NN=C4)c(Br)c3Br)c(Cl)c2)[CH]N=N1,1
CCOC12C3C4C5(F)C(C41C#C[C]1C=NN=C1)C2(F)C35C#C[C]1C=NN=C1F,1
CCOC1=NN=C(F)[C]1C#CC12C3C4C1C1(OCC)C4(C#C[C]4C=NN=C4F)C3C21F,1
CCOc1c(C2=CN=N[CH]2)cc(F)c([N][N]c2ccc(C3=C(F)[N]N=C3)cc2)c1OCC,1
FC1=NN=C[C]1c1ccc([N][N]c2ccc(C3=C(F)[N]N=C3F)c(F)c2)c(F)c1,1
CNC12C3C4(C#CC5=C[N]N=C5)C1(O)C1C2(C#C[C]2C=NN=C2)C3(NC)C14NC,1
CNC1=NN=C[C]1C#CC12C3C4C1C1(O)C2C3C41C#C[C]1C(O)=NN=C1O,1
CNC1=NN=C[C]1c1ccc([N][N]c2ccc([C]3C=NN=C3O)cc2NC)cc1,1
CNc1c([N][N]c2ccc(C3=C[N]N=C3)cc2)ccc([C]2C=NN=C2)c1NC,1
CC1=C(c2ccc([N][N]c3ccc([C]4C=NN=C4)c(C)c3)cc2)C=N[N]1,1
COC12C3C4C5C(C1C53C#C[C]1C=NN=C1C)C42C#CC1=C[N]N=C1,1
COC1=NN=C(C)[C]1C#CC12C3C4C1C1(C)C4(C#C[C]4C=NN=C4C)C3C21OC,1
I[C]1N=NC=C1c1ccc2c(I)c(C3=C(I)N=N[CH]3)ccc2c1I,1
F[C]1N=NC=C1c1c(I)cc2c(F)c(C3=C(F)N=N[CH]3)c(I)cc2c1F,1
Ic1ccccc1-c1cc(C2=CN=N[CH]2)c(-c2ccccc2I)cc1C1=CN=N[CH]1,1
CC(=C[C]1C=NN=C1C#N)C(C)=CC1=C(C#N)[N]N=C1,1
CC(=C[C]1C=NN=C1C#N)C(C)=C[C]1C=NN=C1C#N,1
CC(=CC1=C[N]N=C1C#N)C(C)=CC1=C(C#N)[N]N=C1,1
CNC1=NN=C[C]1[CH][CH]C=CC1=C[N]N=C1NC,1
CNC1=NN=C[C]1[CH][CH]C=C[C]1C=NN=C1NC,1
CNC1=N[N]C=C1[CH][CH]C=CC1=C[N]N=C1NC,1
CNC1=NN=C[C]1C=C[CH][CH]C1=C[N]N=C1NC,1
CCOC1=NN=C(OCC)[C]1[CH]C=C[CH]C1=C[N]N=C1,1
CCO[C]([CH][C]1C=NN=C1C#N)C=CC1=C[N]N=C1,1
N#CC(=CC=CC1=CN=N[CH]1)[C]1C=NN=C1,1
N#CC1=NN=C[C]1C12CCC(C3=C[N]N=C3)(CC1)C(C#N)C2C#N,1
F[C]([C](Cl)C(Cl)=C(F)C1=C(F)N=N[C]1Cl)C1=C(F)N=N[C]1Cl,1
F[C]([C](Cl)[C]1C=NN=C1Cl)C(Cl)=C(Cl)C1=C(Cl)[N]N=C1F,1
F[C]([C](Cl)[C]1C=NN=C1Cl)[C](Cl)[C](Cl)C1=C(Cl)[N]N=C1F,1
F[C]1N=NC(F)=C1C12C3C4C1C1(F)C4(C4=C(F)N=N[C]4F)C3C21F,1
O=CC(=CC1=C[N]N=C1)C=C(I)[C]1C=NN=C1,1
O=C[C]([CH][C]1C=NN=C1)[CH][C](I)[C]1C=NN=C1,1
NC1C(N)C2([C]3C=NN=C3O)C(O)C(N)(O)C1([C]1C=NN=C1O)C(N)C2(N)O,1
OC1=NN=C[C]1C=CC=CC1=C[N]N=C1,1
OC1=NN=C[C]1[CH]C=C[CH]C1=C[N]N=C1,1
CC12C3C4(Br)C5(C)C(C1(Br)C35C1=C[N]N=C1Br)C24[C]1C=NN=C1Br,1
C[C](C=C[C](C)C1=C[N]N=C1)[C]1C=NN=C1,1
COC(=Cc1ccc([C]2C=NN=C2)cc1)c1ccc([C]2C=NN=C2OC)c(OC)c1,1
COC1=NN=C[C]1c1c(O)c2ccc3cc([C]4C=NN=C4)cc4ccc(c1OC)c2c34,1
CO[C]([CH]c1ccc(C2=CN=N[CH]2)cc1)c1ccc(C2=C[N]N=C2)cc1,1
COc1c(C2=C[N]N=C2)cc2ccc3cc([C]4C=NN=C4)cc4ccc1c2c34,1
CCCC(C#C[C]1C=NN=C1O)=C(O)C#C[C]1C=NN=C1O,1
CCCC1=NN=C[C]1C#CC=C(O)C#CC1=C[N]N=C1,1
CCCC1=N[N]C=C1C#CC#CC1=C(CCC)[N]N=C1,1
OC1=NN=C[C]1C#CC#C[C]1C=NN=C1,1
O=[N+]([O-])C1=NN=C[C]1c1ccc(C2=C[N]N=C2)cc1,1
N[C]1N=NC=C1[CH][C](Cl)C(Cl)=CC1=CN=N[C]1N,1
Nc1cc([C]2C=NN=C2Cl)c(N)c(Cl)c1C1=C[N]N=C1,1
O=C(O)c1cc(C2=C[N]N=C2F)ccc1C1=C[N]N=C1F,1
O=C(O)C1CC2(C3=C[N]N=C3)CC(C(=O)O)C1(C1=CN=N[CH]1)CC2(F)F,1
O=C(O)[C]1N=NC(C(=O)O)=C1c1ccc([C]2C=NN=C2)cc1,1
O=C(O)c1cc([C]2C=NN=C2F)ccc1C1=C[N]N=C1F,1
[O]S([O])(O)C1CC2(C3=C[N]N=C3)CCC1([C]1C=NN=C1)C(S([O])([O])O)C2,1
O=C(O)C1=C(c2ccc(C3=C(C(=O)O)N=N[CH]3)c(C(=O)O)c2C(=O)O)[CH]N=N1,1
O=C(O)C1c2c(C3=CN=N[CH]3)ccc(C3=CN=N[CH]3)c2C1C(=O)O,1
C1=N[N]C=C1c1ccc(C2=C(c3ccccc3)[N]N=C2)cc1,1
[CH]1N=NC(c2ccccc2)=C1c1ccc(C2=C[N]N=C2)cc1,1
CCOc1cc(C2=C[N]N=C2)c(OCC)cc1[C]1C=NN=C1,1
CCOc1ccc(-c2c(OCC)c(C3=C[N]N=C3)c(-c3ccc(OCC)cc3C#N)c(OCC)c2[C]2C=NN=C2)c(C#N)c1,1
CCC1=NN=C[C]1C#CC#CC#C[C]1C=NN=C1,1
CCC1=N[N]C=C1C#CC#CC#C[C]1C=NN=C1,1
CCC1CC2(C#CC3=C[N]N=C3)CCC1(C#C[C]1C(C(=O)O)=NN=C1C(=O)O)C(CC)C2,1
COC1=NN=C([N+](=O)[O-])[C]1c1cc([N+](=O)[O-])c2cc(C3=C[N]N=C3)ccc2c1,1
O=[N+]([O-])c1c(C2=CN=N[CH]2)cc2ccc([C]3C=NN=C3)cc2c1[N+](=O)[O-],1
O=[N+]([O-])c1cc(-c2ccc([C]3C=NN=C3)cc2)ccc1C1=C[N]N=C1,1
Clc1cc([N][N]c2ccc([C]3C=NN=C3)cc2)ccc1C1=C[N]N=C1,1
[CH]1N=NC=C1c1ccc([N][N]c2ccc(C3=CN=N[CH]3)cc2)cc1,1
FC1=C(C=CC2=C[N]N=C2)[CH]N=N1,1
FC1Cc2c(C3=CN=N[CH]3)ccc(C3=C[N]N=C3)c21,1
FC1Cc2c(C3=C[N]N=C3)ccc([C]3C=NN=C3)c21,1
F[C]1N=NC=C1C=C[C]1C=NN=C1,1
CC1=C(c2ccc3cc([C]4C=NN=C4)ccc3c2)C=N[N]1,1
CC1=N[N]C=C1[C]1[C]2CC[C]2[C]=CC1C1=CN=N[CH]1,1
Cc1cc(C2=C[N]N=C2)c2c(c1C1=C[N]N=C1)CC2,1
Cc1cc(C2=C[N]N=C2)cc2ccc([C]3C=NN=C3)cc12,1
CCCOc1c(C#CC2=C[N]N=C2)ccc(C#CC2=C[N]N=C2)c1NC,1
CNC1=C(C#Cc2ccc(C#C[C]3C=NN=C3)c(NC)c2)[CH]N=N1,1
CNC1=NN=C[C]1C#Cc1ccc(C#CC2=C[N]N=C2)cc1NC,1
CN[C]1N=NC=C1C#CC#CC#CC1=C[N]N=C1,1
COC1=NN=C[C]1c1ccc([N][N]c2ccc(C3=C[N]N=C3)c(OC)c2)cc1,1
COC1=NN=C[C]1C#CC12CCC(C#CC3=C[N]N=C3)(CC1)C(OC)C2OC,1
COC1=NN=C[C]1C#CC12CCC(C#CC3=CN=N[CH]3)(CC1)C(OC)C2,1
COc1cc(C2=C[N]N=C2)ccc1[N][N]c1ccc([C]2C=NN=C2)cc1,1
COC12C3C4C5C(C1C53C#CC1=CN=N[CH]1)C42C#CC1=C[N]N=C1,1
COC1=NN=C[C]1C#CC12C3C4C1C1C2C3C41C#CC1=CN=N[CH]1,1
Fc1c(C2=CN=N[CH]2)c(-c2ccccc2)cc([C]2C=NN=C2)c1-c1ccccc1,1
C(=CC1=C[N]N=C1)C1=C[N]N=C1,1
[CH]1N=NC=C1c1cc(-c2ccccc2)c([C]2C=NN=C2)cc1-c1ccccc1,1
N#Cc1c(C2=C[N]N=C2)c(-c2ccccc2)cc(C2=CN=NC2C=CC2=C[N]N=C2)c1-c1ccccc1,1
Cc1cccc(-c2cc(C3=C[N]N=C3)c(-c3cccc(C)c3)cc2[C]2C=NN=C2)c1,1
Cc1ccccc1-c1c(C2=C[N]N=C2)c([N+](=O)[O-])c(-c2ccccc2C)c([C]2C=NN=C2)c1[N+](=O)[O-],1
Fc1cc2cc(C3=C[N]N=C3)c(F)cc2cc1[C]1C=NN=C1,1
IC1=N[N]C=C1c1cc(-c2ccccc2)c(C2=C[N]N=C2)cc1-c1ccccc1,1
IC1=C(c2cc(-c3ccccc3)c(C3=C[N]N=C3)cc2-c2cccc(I)c2)C=N[N]1,1
Ic1ccccc1-c1cc([C]2C=NN=C2)c(-c2ccccc2)cc1C1=C[N]N=C1,1
O=[N+]([O-])C1CC2([C]3C=NN=C3)C(I)C([N+](=O)[O-])([N+](=O)[O-])C1(C1=C[N]N=C1)C([N+](=O)[O-])C2([N+](=O)[O-])[N+](=O)[O-],1
OC1=NN=C[C]1c1cc(-c2ccccc2)c([C]2C=NN=C2O)cc1-c1ccccc1,1
Clc1cccc(-c2cc(C3=C[N]N=C3)c(-c3cccc(Cl)c3)cc2[C]2C=NN=C2)c1,1
Clc1ccccc1-c1cc(C2=C[N]N=C2)c(-c2ccccc2Cl)cc1C1=C[N]N=C1,1
[O]P([O])(=O)CCCCP([O])([O])=O,1
O=C([O-])c1cc(C(=O)[O-])cc(-n2c(=O)c3cc4c(=O)n(-c5cc(C(=O)[O-])cc(C(=O)[O-])c5)c(=O)c4cc3c2=O)c1,1
O=C([O-])c1ccc(-c2cc(-c3ccc(C(=O)[O-])cc3)cc(-c3cc(C(=O)[O-])cc(C(=O)[O-])c3)c2)cc1,1
O=C([CH]C(=O)C(F)(F)F)c1ccc(-c2ccncc2)cc1,1
O=C([N]c1ccncc1)c1ccc(Oc2ccc(C(=O)[N]c3ccncc3)cc2)cc1,1
[O]OC(=O)c1c(C(=O)[O-])ccc(C(=O)[O-])c1C(=O)[O-],1
[CH]1C=C(C2=C[CH]N(CC3=NN=N[N]3)C=C2)C=CN1CC1=NN=N[N]1,1
[O]Cc1cc(C(=O)[O-])ccn1,1
c1ccc(-n2c(-c3ccncc3)nnc2-c2ccncc2)nc1,1
[O]P(=O)(O)CN1CCN(CP([O])(=O)O)CC1,1
Nc1c(C(=O)[O-])ccc(C(=O)[O-])c1N,1
CCc1cnc(C2=NC(=O)C(C)(C(C)C)N2)c(C(=O)[O-])c1,1
CN1c2cncc(n2)N(C)c2cncc(n2)N(C)c2cncc(n2)N(C)c2cncc1n2,1
NC1=C2N=CN=C2[N]C=N1,1
c1c(C2=N[N]N=N2)cc(C2=N[N]N=N2)cc1C1=N[N]N=N1,1
Cc1nc(C)c(C(=O)[O-])c(-c2ccccc2)c1C(=O)[O-],1
N#Cc1c(-c2ccncc2)nc(-c2ccncc2)c(C#N)c1-c1ccc(C(=O)[O-])cc1,1
[C]1=NN=[C][C]1c1ccc([C]2C=NN=C2)cc1,1
[C]1=N[N][C]=C1c1ccc(C2=C[N]N=C2)cc1,1
[C]1=N[N][C]=C1c1ccc(C2=CN=N[CH]2)cc1,1
O=C([O-])c1ccc(C2=C3C=CC(=N3)C(c3ccc(C(=O)[O-])cc3)=c3ccc4[n]3[In]3<-[N]5=C(C=CC5=C(c5ccc(C(=O)[O-])cc5)c5ccc2[n]53)C=4c2ccc(C(=O)[O-])cc2)cc1,1
C(=Nc1ccc(N=Cc2ccncc2)cc1)c1ccncc1,1
O=C([O-])c1ccc2c(c1)C(=O)N(c1ccncc1)C2=O,1
c1ccc2c(c1)C1c3ccccc3C2c2ccccc21,1
O=C([O-])c1ccc(-c2ccc(N(c3ccc(-c4ccc(C(=O)[O-])cc4)cc3)c3ccc(-c4ccc(C(=O)O)cc4)cc3)cc2)cc1,1
Oc1cc(-c2ccncc2)c2cc(Cl)ccc2c1-c1c(O)cc(-c2ccncc2)c2cc(Cl)ccc12,1
O=C(Nc1ccncc1)c1cnc(-c2ncc(C(=O)Nc3ccncc3)cn2)nc1,1
O=C([O-])c1cc(C#Cc2ccc(C#Cc3cc(C(=O)[O-])cc(C(=O)[O-])c3)cc2)cc(C(=O)[O-])c1,1
O=C([O-])c1ccc(C2=N[N]N=N2)cc1F,1
CC(=O)[CH]C(=O)c1ccncc1,1
O=C([O-])c1c2c(c(C(=O)[O-])c3c1CC3)CC2,1
O=C([O-])CSCCSCC(=O)[O-],1
c1ccc([N][N]c2cnccc2-c2ccncc2)cc1,1
Cn1nc(-c2cccc(N3C=NC4C=CC43)c2)nc1-c1ccc(-n2ccnc2)cc1,1
C(NCC1=NN=N[N]1)C1=NN=N[N]1,1
CCc1nccn1CCCCCCn1ccnc1CC,1
O=C([O-])c1cc(Oc2ccc(C(=O)[O-])cc2[N+](=O)[O-])cc(C(=O)O)c1,1
O=C([O-])C1=[C]C(=O)C(C(=O)[O-])=[C]C1=O,1
c1cc2[nH]c(-c3cncc(-c4nc5cnccc5[nH]4)c3)nc2cn1,1
CC1=NN=C(C)[C]1c1ccc(C2=C(C)[N]N=C2C)cc1,1
C[C]1N=NC(C)=C1c1ccc([C]2C(C)=NN=C2C)cc1,1
O=C([O-])c1cccc(C(=O)O)c1-c1c(C(=O)[O-])cccc1C(=O)O,1
[c]1cncn1CCCCn1[c]cnc1,1
CC1=CC2=NN=NC2=C[CH]1,1
CC1=CC2=NN=N[C]2C=C1,1
C[C]1C=CC2=NN=NC2=C1,1
Cc1ccc2c(c1)N=N[N]2,1
Cc1ccc2c(c1)[N]N=N2,1
[O]c1ccccc1C=NC1CCCCC1N=C[C]1C=CC=CC1=O,1
[O]c1ccccc1[CH][N]C1CCCCC1N=C[C]1C=CC=CC1=O,1
[O]c1ccccc1C=NC1CCCCC1N=CC1=C[CH]C=CC1=O,1
[O]c1ccccc1C=NC1CCCCC1N=Cc1ccccc1[O],1
[O]c1ccccc1[CH][N]C1CCCCC1N=Cc1ccccc1[O],1
O=C([O-])c1cc(Oc2cc(C(=O)[O-])cc(C(=O)[O-])c2)cc(C(=O)[O-])c1,1
O=C(Nc1ccncc1)c1cccc(C(=O)Nc2ccncc2)n1,1
[CH]1N=NC=C1C1=C[N]N=C1,1
[CH]1N=NC=C1[C]1C=NN=C1,1
c1cc(C2=C(c3ccncc3)C(c3ccncc3)=C2c2ccncc2)ccn1,1
CC1=N[C]=C[N]1,1
O=C1[CH]C(=O)N=C(SSC2=NC(=O)[CH]C(=O)[N]2)[N]1,1
O=C(CCCCCCC(=O)Nc1ccncc1)Nc1ccncc1,1
N#CC1=C(c2ccncc2)NC(c2ccncc2)=C(C#N)C1c1ccc(C2C(C#N)=C(c3ccncc3)NC(c3ccncc3)=C2C#N)cc1,1
O=C(Nc1cc(C(=O)[O-])cc(C(=O)[O-])c1)Nc1cc(C(=O)[O-])cc(C(=O)[O-])c1,1
c1cc(C2=NN=N[N]2)cc(-c2cnc[nH]2)c1,1
C1=CC2=NN=NC2=C[C]1c1ccc2c(c1)N=N[N]2,1
C1=CC2=NN=NC2=C[C]1c1ccc2c(c1)[N]N=N2,1
O=C([O-])c1ccc(OCC(COc2ccc(C(=O)[O-])cc2)(COc2ccc(C(=O)O)cc2)COc2ccc(C(=O)O)cc2)cc1,1
c1cc(-c2cncc(-c3ccncc3)c2)ccn1,1
O=C([O-])[CH]Cn1c(=O)n(C[CH]C(=O)[O-])c(=O)n(CCC(=O)[O-])c1=O,1
O=C([O-])c1cc([S])c(C(=O)[O-])cc1[S],1
O=C([O-])c1cc(C(=O)[O-])cc(-c2ccc(C(=O)[O-])cc2F)c1,1
O=C([O-])c1ccc(C23C=CC4(C(=O)[O-])C5C4C2C53)cc1,1
[O]C(C=O)C(=O)[O-],1
O=C([O-])c1ccc(C2=C3C=CC4=[N]3->[Ni]35<-[N]6=C(C=CC6=C(c6ccc(C(=O)[O-])cc6)c6ccc2[n]63)C(c2ccc(C(=O)O)cc2)=c2ccc([n]25)=C4c2ccc(C(=O)[O-])cc2)cc1,1
O=C([O-])c1ccc(C2=C3C=CC4=[N]3->[Ni]35<-[N]6=C(C=CC6=C(c6ccc(C(=O)O)cc6)c6ccc2[n]63)C(c2ccc(C(=O)[O-])cc2)=c2ccc([n]25)=C4c2ccc(C(=O)[O-])cc2)cc1,1
[O]c1cc(C(=O)[O-])cc([O])c1[O],1
[c]1[c]c(NNc2ccncc2)ccn1,1
NCC(N)C(=O)[O-],1
c1cn(-c2ccc3oc4ccc(-n5ccnc5)cc4c3c2)cn1,1
[O]P([O])(=O)c1cc(C(=O)[O-])c(C(=O)[O-])cc1C(=O)[O-],1
COP([O])(=O)c1ccc(P([O])(=O)OC)cc1,1
N[CH]CCCCCCCCN,1
[CH]1C=C(c2ccc(N(c3ccc(-c4ccncc4)cc3)c3ccc(-c4ccncc4)cc3)cc2)C=CN1,1
COc1c(-c2ccncc2)cc(-c2ccncc2)c(OC)c1-c1c(OC)c(-c2ccncc2)cc(-c2ccncc2)c1OC,1
O=C([O-])COc1c2cccc1Cc1cccc(c1OCC(=O)[O-])Cc1cccc(c1OCC(=O)[O-])Cc1cccc(c1OCC(=O)[O-])C2,1
[O]P([O])(=O)CNCc1ccc(C(=O)[O-])cc1,1
N#Cc1ccc([C]([O])C=C([O])c2ccc(C#N)cc2)cc1,1
O=C([O-])C=Cc1ccccc1O,1
c1cc(-c2ccc3cc(-c4ccncc4)ccc3c2)ccn1,1
[N]=C[N]C=NC=[N],1
c1cnc(Sc2cnccn2)cn1,1
c1ccc([Se][Se]c2ccccn2)nc1,1
O=C([O-])COc1ccc(C2=C3C=CC(=C(c4ccc(OCC(=O)O)cc4)C4=NC(=C(c5ccc(OCC(=O)O)cc5)C5=CC=C([N]5)C(c5ccc(OCC(=O)O)cc5)=C5C=CC2=N5)C=C4)[N]3)cc1.O=C([O-])COc1ccc(C2=C3C=CC(=N3)C(c3ccc(OCC(=O)O)cc3)=C3C=CC(=C(c4ccc(OCC(=O)O)cc4)C4=NC(=C(c5ccc(OCC(=O)O)cc5)C5=CC=C2[N]5)C=C4)[N]3)cc1,1
O=C1[CH][CH]2[Mn][CH]([CH]1)C2=O,1
O=C([O-])c1cccc(-c2c3nc(c(-c4cccc(C(=O)[O-])c4)c4ccc([nH]4)c(-c4cccc(C(=O)[O-])c4)c4nc(c(-c5cccc(C(=O)[O-])c5)c5ccc2[nH]5)C=C4)C=C3)c1,1
O=C([O-])c1cccc(-c2c3nc(c(-c4cccc(C(=O)[O-])c4)c4ccc([nH]4)c(-c4cccc(C(=O)O)c4)c4nc(c(-c5cccc(C(=O)[O-])c5)c5ccc2[nH]5)C=C4)C=C3)c1,1
C1=N[N]C(C2=N[C](c3ccccn3)N[N]2)=N1,1
CC1=N[N]C(C)=C1c1ccncc1,1
N#Cc1ccc(C(O)(c2ccc(C#N)cc2)c2ccc(C#N)cc2)cc1,1
O=C([O-])c1ccc([Si](c2ccc(C(=O)[O-])cc2)(c2ccc(C(=O)[O-])cc2)c2ccc(C(=O)O)cc2)cc1,1
[O]P([O])(=O)c1cccc(O)n1,1
O=C([O-])c1cc(C(=O)[O-])cc(C2=N[C](c3cc(C(=O)O)cc(C(=O)O)c3)N[N]2)c1,1
Nn1c(CCc2nnc(SCC(=O)[O-])n2N)nnc1SCC(=O)[O-],1
O=C([O-])c1c(F)cc(C2=NN=N[N]2)cc1F,1
O=C([O-])c1c(F)cc(C2=N[N]N=N2)cc1F,1
O=C([O-])CCN(CCC(=O)[O-])CCC(=O)[O-],1
[CH]([N][N][CH]c1cccc(OCc2cccnc2)c1)c1cccc(OCc2cccnc2)c1,1
O=C1[O][Cu]2[O]C(=O)C3=CC=C[C]1[N]32,1
c1cc(-c2cnn(-c3ccncc3)n2)ccn1,1
O=C(Nc1ccccc1C(=O)[O-])C(=O)Nc1ccccc1C(=O)[O-],1
O=C([O-])c1ccc2nc(-c3ccc(-c4nc5ccc(C(=O)[O-])cc5[nH]4)cc3)[nH]c2c1,1
O=C([O-])c1ccc2[nH]c(-c3ccc(-c4nc5ccc(C(=O)[O-])cc5[nH]4)cc3)nc2c1,1
C1=C[N]C(C(=C2C=CC=N2)c2ccc(-n3ccnc3)cc2)=C1,1
[CH]1C=NC([C](C2=NC=C[CH]2)c2ccc(-n3ccnc3)cc2)=C1,1
[CH]1C=CN=C1[C](C1=CC=C[N]1)c1ccc(-n2ccnc2)cc1,1
[CH]1C=CN=C1[C](C1=NC=C[CH]1)c1ccc(-n2ccnc2)cc1,1
O=C([O-])CC(C(=O)[O-])c1ccccc1,1
O=C([O-])c1cc(-c2ccnc(C(=O)[O-])c2)ccn1,1
c1ncc(-c2ccc(OCCOc3ccc(-c4cncnc4)cc3)cc2)cn1,1
O=C([O-])C1=C[CH]N=N1,1
O=C1C[N]23->[La]45(<-[N](CC2)(CC(=O)[O]4)CC(=O)[O]5)([O]1)[O]C(=O)C3,1
O=C([O-])c1ccc(N2[CH]C=C(c3ccncc3)C=C2)cc1,1
C1=N[N]C(C2=NN=C(c3ccccn3)[N]2)=N1,1
C1=NN=C(C2=NN=C(c3ccccn3)[N]2)[N]1,1
[NH]C1CCC([NH])CC1,1
[CH]1N=NC=C1C1=N[N]C(c2ccncc2)=N1,1
C1=N[N]C=C1C1=NN=C(c2ccncc2)[N]1,1
C1=NN=C[C]1C1=NN=C(c2ccncc2)[N]1,1
O=C([O-])c1ccc(CN(CCN(Cc2ccc(C(=O)[O-])cc2)Cc2ccc(C(=O)[O-])cc2)Cc2ccc(C(=O)[O-])cc2)cc1,1
[O]c1ccccc1N=Cc1ccncc1,1
[N]1N=NN=C1c1n[nH]nc1C1=NN=N[N]1,1
Cc1ccc2c(-c3ccncc3)cc(-c3ccncc3)c([O])c2n1,1
NCCCC#CCCCN,1
O=CC(O)C(=O)[O-],1
CCOc1cc(-c2ccc(C(=O)[O-])cc2)c2cc(-c3ccc(C(=O)[O-])cc3)ccc2c1-c1c(OCC)cc(-c2ccc(C(=O)[O-])cc2)c2cc(-c3ccc(C(=O)[O-])cc3)ccc12,1
O=C([O-])c1ccc(-c2ccc3c(-c4c(O)cc(-c5ccc(C(=O)[O-])cc5)c5cc(-c6ccc(C(=O)[O-])cc6)ccc45)c(O)cc(-c4ccc(C(=O)[O-])cc4)c3c2)cc1,1
N#Cc1ccc(C(=O)c2cc(C(=O)c3ccc(C#N)cc3)cc(C(=O)c3ccc(C#N)cc3)c2)cc1,1
CS(C)=O,1
O=C([O-])c1ccc(C(=O)c2cc(C(=O)c3ccc(C(=O)[O-])cc3)cc(C(=O)c3ccc(C(=O)[O-])cc3)c2)cc1,1
Cc1c(-c2ccc(OCC(=O)[O-])cc2)c(C)c(-c2ccc(OCC(=O)[O-])cc2)c(C)c1-c1ccc(OCC(=O)[O-])cc1,1
[CH]1N=NC=C1c1cc(C2=CN=N[CH]2)cc(C2=CN=N[CH]2)c1,1
[CH]1N=NC=C1c1cc([C]2C=NN=C2)cc(C2=CN=N[CH]2)c1,1
[CH]1N=NC=C1c1cc(C2=CN=N[CH]2)cc(C2=C[N]N=C2)c1,1
O=C([O-])CN(CC(=O)[O-])Cc1ccncc1,1
O=C1[N]c2ccccc2[N]C1=O,1
O=C([O-])c1cccc(Oc2ccc(Oc3cccc(C(=O)[O-])c3)cc2)c1,1
[CH]1N=C[N]N1Cc1c(CN2[CH]N=C[N]2)c(CN2[CH]N=C[N]2)c(Cn2cncn2)c(CN2[CH]N=C[N]2)c1CN1[CH]N=C[N]1,1
C1=C2Oc3cc4c(cc3OC2=CC2=NN=N[C]12)N=N[N]4,1
CN(C=O)CCN(C)C=O,1
Cc1ccc([Si](c2ccc(C)cc2)(c2ccc(C(=O)[O-])cc2)c2ccc(C(=O)[O-])cc2)cc1,1
O=C([O-])c1ccc(C2=C3C=CC(=C(c4ccccc4)C4=NC(=C(c5ccc(C(=O)[O-])cc5)C5=CC=C([N]5)C(c5ccccc5)=C5C=CC2=N5)C=C4)[N]3)cc1,1
c1cc(-c2ccc(C(c3ccc(-c4ccncc4)cc3)(c3ccc(-c4ccncc4)cc3)c3ccc(-c4ccncc4)cc3)cc2)ccn1,1
[NH]Cc1ccc(C[NH])cc1,1
[O]S([O])([O])c1cc2c(C(=O)[O-])ccc(C(=O)[O-])c2cc1S([O])([O])O,1
O=C([O-])c1cc2c3c(c1)C1C2C2c4cc(C(=O)[O-])cc(c4-3)C12,1
O=C([O-])c1c(Cl)cc(C=Cc2cc(Cl)c(C(=O)[O-])c(Cl)c2)cc1Cl,1
O=C(O)c1cc(C=Cc2cc(C(=O)O)c(C(=O)[O-])c(C(=O)O)c2)cc(C(=O)O)c1C(=O)[O-],1
O=C([O-])c1c(F)cc(C=Cc2cc(F)c(C(=O)[O-])c(F)c2)cc1F,1
O=C([O-])c1c(F)c(F)c(C(F)=C(F)c2c(F)c(F)c(C(=O)[O-])c(F)c2F)c(F)c1F,1
Nc1cc(C=Cc2cc(N)c(C(=O)[O-])c(N)c2)cc(N)c1C(=O)[O-],1
O=C([O-])c1c([N+](=O)[O-])cc(C=Cc2cc([N+](=O)[O-])c(C(=O)[O-])c([N+](=O)[O-])c2)cc1[N+](=O)[O-],1
O=C([O-])c1c(O)cc(C=Cc2cc(O)c(C(=O)[O-])c(O)c2)cc1O,1
O=C([O-])c1ccc(C(Br)=C(Br)c2ccc(C(=O)[O-])cc2)cc1,1
O=C([O-])c1c(O)c(O)c(C=Cc2c(O)c(O)c(C(=O)[O-])c(O)c2O)c(O)c1O,1
Cc1cc(C=Cc2cc(C)c(C(=O)[O-])c(C)c2)cc(C)c1C(=O)[O-],1
O=C(O)c1cc([N][N]c2ccc(C(=O)[O-])c(C(=O)O)c2C(=O)O)cc(C(=O)O)c1C(=O)[O-],1
O=C(O)c1c([N][N]c2c(C(=O)O)c(C(=O)O)c(C(=O)[O-])c(C(=O)O)c2C(=O)O)c(C(=O)O)c(C(=O)O)c(C(=O)[O-])c1C(=O)O,1
Nc1c(N)c(C(=O)[O-])c(N)c(N)c1N=Nc1c(N)c(N)c(C(=O)[O-])c(N)c1N,1
O=C([O-])c1c(O)c(O)c(N=Nc2c(O)c(O)c(C(=O)[O-])c(O)c2O)c(O)c1O,1
O=C([O-])c1c(Cl)c(Cl)c(N=Nc2c(Cl)c(Cl)c(C(=O)[O-])c(Cl)c2Cl)c(Cl)c1Cl,1
O=C([O-])c1ccc([N][N]c2ccc(C(=O)[O-])c(C(=O)O)c2)cc1C(=O)O,1
O=C([O-])c1c(F)cc(N(c2cc(F)c(C(=O)[O-])c(F)c2)c2cc(F)c(C(=O)[O-])c(F)c2)cc1F,1
Nc1cc(N(c2cc(N)c(C(=O)[O-])c(N)c2)c2cc(N)c(C(=O)[O-])c(N)c2)cc(N)c1C(=O)[O-],1
O=C([O-])c1c([N+](=O)[O-])cc(N(c2cc([N+](=O)[O-])c(C(=O)[O-])c([N+](=O)[O-])c2)c2cc([N+](=O)[O-])c(C(=O)[O-])c([N+](=O)[O-])c2)cc1[N+](=O)[O-],1
O=C([O-])c1c(O)cc(N(c2cc(O)c(C(=O)[O-])c(O)c2)c2cc(O)c(C(=O)[O-])c(O)c2)cc1O,1
[O]S([O])(O)c1cc(N(c2cc(S([O])([O])O)c(C(=O)[O-])c(S([O])([O])O)c2)c2cc(S([O])([O])O)c(C(=O)[O-])c(S([O])([O])O)c2)cc(S([O])([O])O)c1C(=O)[O-],1
O=C([O-])c1c(Br)cc(N(c2cc(Br)c(C(=O)[O-])c(Br)c2)c2cc(Br)c(C(=O)[O-])c(Br)c2)cc1Br,1
Cc1cc(N(c2cc(C)c(C(=O)[O-])c(C)c2)c2cc(C)c(C(=O)[O-])c(C)c2)cc(C)c1C(=O)[O-],1
O=C([O-])c1c(Cl)cc(N(c2cc(Cl)c(C(=O)[O-])c(Cl)c2)c2cc(Cl)c(C(=O)[O-])c(Cl)c2)cc1Cl,1
O=C([O-])c1ccc(-c2cc(-c3ccc(C(=O)[O-])c(C(=O)O)c3)cc(-c3ccc(C(=O)[O-])c(C(=O)O)c3)c2)cc1C(=O)O,1
O=C(O)c1cc(-c2cc(-c3cc(C(=O)O)c(C(=O)[O-])c(C(=O)O)c3)cc(-c3cc(C(=O)O)c(C(=O)[O-])c(C(=O)O)c3)c2)cc(C(=O)O)c1C(=O)[O-],1
O=C([O-])c1c([N+](=O)[O-])cc(-c2cc(-c3cc([N+](=O)[O-])c(C(=O)[O-])c([N+](=O)[O-])c3)cc(-c3cc([N+](=O)[O-])c(C(=O)[O-])c([N+](=O)[O-])c3)c2)cc1[N+](=O)[O-],1
O=C([O-])c1ccc(-c2cc(-c3ccc(C(=O)[O-])c(O)c3)cc(-c3ccc(C(=O)[O-])c(O)c3)c2)cc1O,1
O=C([O-])c1c(O)c(O)c(-c2cc(-c3c(O)c(O)c(C(=O)[O-])c(O)c3O)cc(-c3c(O)c(O)c(C(=O)[O-])c(O)c3O)c2)c(O)c1O,1
[O]S([O])(O)c1cc(-c2cc(-c3ccc(C(=O)[O-])c(S([O])([O])O)c3)cc(-c3ccc(C(=O)[O-])c(S([O])([O])O)c3)c2)ccc1C(=O)[O-],1
Cc1cc(-c2cc(-c3ccc(C(=O)[O-])c(C)c3)cc(-c3ccc(C(=O)[O-])c(C)c3)c2)ccc1C(=O)[O-],1
Nc1c(N)c(-c2cc(-c3c(N)c(N)c(C(=O)[O-])c(N)c3N)cc(-c3c(N)c(N)c(C(=O)[O-])c(N)c3N)c2)c(N)c(N)c1C(=O)[O-],1
O=C([O-])c1ccc(-c2cc(-c3ccc(C(=O)[O-])c([N+](=O)[O-])c3)cc(-c3ccc(C(=O)[O-])c([N+](=O)[O-])c3)c2)cc1[N+](=O)[O-],1
Cc1c(C)c(-c2cc(-c3c(C)c(C)c(C(=O)[O-])c(C)c3C)cc(-c3c(C)c(C)c(C(=O)[O-])c(C)c3C)c2)c(C)c(C)c1C(=O)[O-],1
O=C([O-])c1ccc(C#Cc2cc(C#Cc3ccc(C(=O)[O-])cc3)cc(C#Cc3ccc(C(=O)[O-])cc3)c2)cc1,1
[O]S([O])(O)c1c(C#Cc2ccc(C(=O)[O-])cc2)c(S([O])([O])O)c(C#Cc2ccc(C(=O)[O-])cc2)c(S([O])([O])O)c1C#Cc1ccc(C(=O)[O-])cc1,1
O=C([O-])c1ccc(C#Cc2c(Br)c(C#Cc3ccc(C(=O)[O-])cc3)c(Br)c(C#Cc3ccc(C(=O)[O-])cc3)c2Br)cc1,1
Cc1c(C#Cc2ccc(C(=O)[O-])cc2)c(C)c(C#Cc2ccc(C(=O)[O-])cc2)c(C)c1C#Cc1ccc(C(=O)[O-])cc1,1
O=C([O-])c1ccc(C#Cc2c(Cl)c(C#Cc3ccc(C(=O)[O-])cc3)c(Cl)c(C#Cc3ccc(C(=O)[O-])cc3)c2Cl)cc1,1
O=C([O-])c1ccc(C#Cc2c(C(=O)O)c(C#Cc3ccc(C(=O)[O-])cc3)c(C(=O)O)c(C#Cc3ccc(C(=O)[O-])cc3)c2C(=O)O)cc1,1
O=C([O-])c1ccc(C#Cc2c(F)c(C#Cc3ccc(C(=O)[O-])cc3)c(F)c(C#Cc3ccc(C(=O)[O-])cc3)c2F)cc1,1
O=C([O-])c1ccc(C#Cc2c([N+](=O)[O-])c(C#Cc3ccc(C(=O)[O-])cc3)c([N+](=O)[O-])c(C#Cc3ccc(C(=O)[O-])cc3)c2[N+](=O)[O-])cc1,1
O=C([O-])c1ccc(C#Cc2c(O)c(C#Cc3ccc(C(=O)[O-])cc3)c(O)c(C#Cc3ccc(C(=O)[O-])cc3)c2O)cc1,1
O=C([O-])c1ccc(-c2ccc(-c3cc(-c4ccc(-c5ccc(C(=O)[O-])cc5)cc4)cc(-c4ccc(-c5ccc(C(=O)[O-])cc5)cc4)c3)cc2)cc1,1
O=C([O-])c1ccc(-c2ccc(-c3cc(-c4ccc(-c5ccc(C(=O)[O-])c(Cl)c5)c(Cl)c4)cc(-c4ccc(-c5ccc(C(=O)[O-])c(Cl)c5)c(Cl)c4)c3)cc2Cl)cc1Cl,1
O=C([O-])c1ccc(-c2ccc(-c3cc(-c4ccc(-c5ccc(C(=O)[O-])c(C(=O)O)c5)cc4)cc(-c4ccc(-c5ccc(C(=O)[O-])c(C(=O)O)c5)cc4)c3)cc2)cc1C(=O)O,1
O=C([O-])c1ccc(-c2ccc(-c3cc(-c4ccc(-c5ccc(C(=O)[O-])cc5)c(C(=O)O)c4)cc(-c4ccc(-c5ccc(C(=O)[O-])cc5)c(C(=O)O)c4)c3)cc2C(=O)O)cc1,1
O=C([O-])c1ccc(-c2ccc(-c3cc(-c4ccc(-c5ccc(C(=O)[O-])c(C(=O)O)c5)c(C(=O)O)c4)cc(-c4ccc(-c5ccc(C(=O)[O-])c(C(=O)O)c5)c(C(=O)O)c4)c3)cc2C(=O)O)cc1C(=O)O,1
O=C([O-])c1ccc(-c2ccc(-c3cc(-c4ccc(-c5ccc(C(=O)[O-])c(F)c5)cc4)cc(-c4ccc(-c5ccc(C(=O)[O-])c(F)c5)cc4)c3)cc2)cc1F,1
O=C([O-])c1ccc(-c2ccc(-c3cc(-c4ccc(-c5ccc(C(=O)[O-])cc5)c(F)c4)cc(-c4ccc(-c5ccc(C(=O)[O-])cc5)c(F)c4)c3)cc2F)cc1,1
O=C([O-])c1ccc(-c2ccc(-c3cc(-c4ccc(-c5ccc(C(=O)[O-])c(F)c5)c(F)c4)cc(-c4ccc(-c5ccc(C(=O)[O-])c(F)c5)c(F)c4)c3)cc2F)cc1F,1
Nc1cc(-c2cc(-c3ccc(-c4ccc(C(=O)[O-])cc4)c(N)c3)cc(-c3ccc(-c4ccc(C(=O)[O-])cc4)c(N)c3)c2)ccc1-c1ccc(C(=O)[O-])cc1,1
Nc1cc(-c2ccc(-c3cc(-c4ccc(-c5ccc(C(=O)[O-])c(N)c5)c(N)c4)cc(-c4ccc(-c5ccc(C(=O)[O-])c(N)c5)c(N)c4)c3)cc2N)ccc1C(=O)[O-],1
O=C([O-])c1ccc(-c2ccc(-c3cc(-c4ccc(-c5ccc(C(=O)[O-])c(Br)c5)cc4)cc(-c4ccc(-c5ccc(C(=O)[O-])c(Br)c5)cc4)c3)cc2)cc1Br,1
O=C([O-])c1ccc(-c2ccc(-c3cc(-c4ccc(-c5ccc(C(=O)[O-])c([N+](=O)[O-])c5)cc4)cc(-c4ccc(-c5ccc(C(=O)[O-])c([N+](=O)[O-])c5)cc4)c3)cc2)cc1[N+](=O)[O-],1
O=C([O-])c1ccc(-c2ccc(-c3cc(-c4ccc(-c5ccc(C(=O)[O-])cc5)c([N+](=O)[O-])c4)cc(-c4ccc(-c5ccc(C(=O)[O-])cc5)c([N+](=O)[O-])c4)c3)cc2[N+](=O)[O-])cc1,1
O=C([O-])c1ccc(-c2ccc(-c3cc(-c4ccc(-c5ccc(C(=O)[O-])c([N+](=O)[O-])c5)c([N+](=O)[O-])c4)cc(-c4ccc(-c5ccc(C(=O)[O-])c([N+](=O)[O-])c5)c([N+](=O)[O-])c4)c3)cc2[N+](=O)[O-])cc1[N+](=O)[O-],1
O=C([O-])c1ccc(-c2ccc(-c3cc(-c4ccc(-c5ccc(C(=O)[O-])c(O)c5)cc4)cc(-c4ccc(-c5ccc(C(=O)[O-])c(O)c5)cc4)c3)cc2)cc1O,1
O=C([O-])c1ccc(-c2ccc(-c3cc(-c4ccc(-c5ccc(C(=O)[O-])cc5)c(O)c4)cc(-c4ccc(-c5ccc(C(=O)[O-])cc5)c(O)c4)c3)cc2O)cc1,1
O=C([O-])c1ccc(-c2ccc(-c3cc(-c4ccc(-c5ccc(C(=O)[O-])c(O)c5)c(O)c4)cc(-c4ccc(-c5ccc(C(=O)[O-])c(O)c5)c(O)c4)c3)cc2O)cc1O,1
[O]S([O])(O)c1cc(-c2ccc(-c3cc(-c4ccc(-c5ccc(C(=O)[O-])c(S([O])([O])O)c5)cc4)cc(-c4ccc(-c5ccc(C(=O)[O-])c(S([O])([O])O)c5)cc4)c3)cc2)ccc1C(=O)[O-],1
[O]S([O])(O)c1cc(-c2cc(-c3ccc(-c4ccc(C(=O)[O-])cc4)c(S([O])([O])O)c3)cc(-c3ccc(-c4ccc(C(=O)[O-])cc4)c(S([O])([O])O)c3)c2)ccc1-c1ccc(C(=O)[O-])cc1,1
[O]S([O])(O)c1cc(-c2ccc(-c3cc(-c4ccc(-c5ccc(C(=O)[O-])c(S([O])([O])O)c5)c(S([O])([O])O)c4)cc(-c4ccc(-c5ccc(C(=O)[O-])c(S([O])([O])O)c5)c(S([O])([O])O)c4)c3)cc2S([O])([O])O)ccc1C(=O)[O-],1
O=C([O-])c1ccc(-c2ccc(-c3cc(-c4ccc(-c5ccc(C(=O)[O-])cc5)c(Br)c4)cc(-c4ccc(-c5ccc(C(=O)[O-])cc5)c(Br)c4)c3)cc2Br)cc1,1
O=C([O-])c1ccc(-c2ccc(-c3cc(-c4ccc(-c5ccc(C(=O)[O-])c(Br)c5)c(Br)c4)cc(-c4ccc(-c5ccc(C(=O)[O-])c(Br)c5)c(Br)c4)c3)cc2Br)cc1Br,1
Cc1cc(-c2ccc(-c3cc(-c4ccc(-c5ccc(C(=O)[O-])c(C)c5)cc4)cc(-c4ccc(-c5ccc(C(=O)[O-])c(C)c5)cc4)c3)cc2)ccc1C(=O)[O-],1
Cc1cc(-c2cc(-c3ccc(-c4ccc(C(=O)[O-])cc4)c(C)c3)cc(-c3ccc(-c4ccc(C(=O)[O-])cc4)c(C)c3)c2)ccc1-c1ccc(C(=O)[O-])cc1,1
O=C([O-])c1ccc(-c2ccc(-c3cc(-c4ccc(-c5ccc(C(=O)[O-])c(Cl)c5)cc4)cc(-c4ccc(-c5ccc(C(=O)[O-])c(Cl)c5)cc4)c3)cc2)cc1Cl,1
O=C([O-])c1ccc(-c2ccc(-c3cc(-c4ccc(-c5ccc(C(=O)[O-])cc5)c(Cl)c4)cc(-c4ccc(-c5ccc(C(=O)[O-])cc5)c(Cl)c4)c3)cc2Cl)cc1,1
[O]S([O])(O)c1c(S([O])([O])O)c(C(=O)[O-])c2ccccc2c1C(=O)[O-],1
O=C([O-])c1ccc(C=Cc2cc(O)c(C(=O)[O-])c(O)c2)c(O)c1O,1
Cc1cc(C=Cc2ccc(C(=O)[O-])c(C)c2C)cc(C)c1C(=O)[O-],1
Cc1c(C)c(C(=O)[O-])c(C)c(C)c1[N][N]c1c(C)c(C)c(C(=O)[O-])c(C)c1C,1
Nc1c(C(=O)[O-])c(N)c2c(N)c(N)c(C(=O)[O-])c(N)c2c1N,1
Brc1cc(C=Cc2ccnc(Br)c2)ccn1,1
Brc1nc(Br)c(Br)c(C=Cc2c(Br)c(Br)nc(Br)c2Br)c1Br,1
Fc1nc(F)c(F)c(C=Cc2c(F)c(F)nc(F)c2F)c1F,1
Cc1cc(C=Cc2ccnc(C)c2)ccn1,1
Cc1cc(C=Cc2ccc(C(=O)[O-])c(C)c2)ccc1C(=O)[O-],1
Nc1cc(C=Cc2ccnc(N)c2)ccn1,1
Nc1cc(C=Cc2ccc(C(=O)[O-])c(N)c2N)cc(N)c1C(=O)[O-],1
Brc1cc([N][N]c2ccnc(Br)c2)ccn1,1
Cc1cc([N][N]c2ccnc(C)c2C)cc(C)n1,1
Brc1nc(Br)c(Br)c([N][N]c2c(Br)c(Br)nc(Br)c2Br)c1Br,1
Cc1nc(C)c(C)c(N=Nc2c(C)c(C)nc(C)c2C)c1C,1
Cc1cc([N][N]c2ccnc(C)c2)ccn1,1
O=C(O)c1cnc(C(=O)O)cn1,1
Cc1cncc(C)c1C#Cc1c(C)cncc1C,1
Clc1cc(C#Cc2ccnc(Cl)c2)ccn1,1
Brc1cncc(Br)c1C#Cc1c(Br)cncc1Br,1
Brc1nc(Br)c(Br)c(C#Cc2c(Br)c(Br)nc(Br)c2Br)c1Br,1
Oc1cc(C#Cc2ccnc(O)c2)ccn1,1
O=[N+]([O-])c1cc(C#Cc2ccnc([N+](=O)[O-])c2)ccn1,1
O=C([O-])N1C=CN(C(=O)[O-])C(Cl)=C1,1
O=C([O-])N1C=C(O)N(C(=O)[O-])C2=C1CC2,1
Clc1cc(-c2ccnc(Cl)c2)ccn1,1
Oc1cnccc1-c1ccncc1O,1
c1ncc2c3c1CCc1cncc(c1-3)CC2,1
Fc1cc2cncc3c(F)cc4cncc1c4c23,1
Brc1c(Br)c2cncc3c(Br)c(Br)c4cncc1c4c23,1
Clc1cc2cncc3c(Cl)cc4cncc1c4c23,1
O=C(O)c1cc2cncc3c(C(=O)O)cc4cncc1c4c23,1
Oc1c(O)c2cncc3c(O)c(O)c4cncc1c4c23,1
O=C([O-])c1c(F)c(F)c2c(F)c(C(=O)[O-])c(F)c(F)c2c1F,1
Clc1nc(Cl)c(Cl)c(-c2c(Cl)c(Cl)c(-c3c(Cl)c(Cl)nc(Cl)c3Cl)c(Cl)c2Cl)c1Cl,1
Nc1nsc2cnsc12,1
Nc1nsc2c(N)nsc12,1
Cc1nsc2cnsc12,1
Clc1nsc2cnsc12,1
Cc1cnc2c(n1)CC2,1
Cc1nc2c(nc1C)CC2,1
Fc1nc2ccccc2nc1F,1
Oc1nc2ccccc2nc1O,1
Nc1cc(C(c2ccc(C(=O)[O-])c(N)c2)(c2ccc(C(=O)[O-])c(N)c2)c2ccc(C(=O)[O-])c(N)c2)ccc1C(=O)[O-],1
Nc1cc(C(c2cc(N)c(C(=O)[O-])c(N)c2)(c2cc(N)c(C(=O)[O-])c(N)c2)c2cc(N)c(C(=O)[O-])c(N)c2)cc(N)c1C(=O)[O-],1
Clc1nc(Cl)c2c(Cl)c(Cl)nc(Cl)c2c1Cl,1
Cc1cc(C(c2cc(C)c(C(=O)[O-])c(C)c2)(c2cc(C)c(C(=O)[O-])c(C)c2)c2cc(C)c(C(=O)[O-])c(C)c2)cc(C)c1C(=O)[O-],1
[O]S([O])(O)c1cncc2c(S([O])([O])O)cncc12,1
[O]S([O])(O)c1cc(C#Cc2cc(S([O])([O])O)c(C(=O)[O-])c(S([O])([O])O)c2)cc(S([O])([O])O)c1C(=O)[O-],1
Fc1nsc2cnsc12,1
Fc1nsc2c(F)nsc12,1
Oc1nsc2cnsc12,1
[O]c1cc2cc([O])c(C(=O)[O-])cc2cc1C(=O)[O-],1
[O]c1cc2cc(C(=O)[O-])c([O])cc2cc1C(=O)[O-],1
O=C([O-])c1ccc(-c2cc(-c3ccc(C(=O)[O-])cc3)c3ccc4c(-c5ccc(C(=O)O)cc5)cc(-c5ccc(C(=O)[O-])cc5)c5ccc2c3c54)cc1,1
O=C([O-])c1ccc(C#Cc2cc(C#Cc3ccc(C(=O)[O-])cc3)c3ccc4c(C#Cc5ccc(C(=O)[O-])cc5)cc(C#Cc5ccc(C(=O)[O-])cc5)c5ccc2c3c54)cc1,1
[S]c1ccc2ccc3c([S])ccc4ccc1c2c43,1
O=C([O-])c1ccc(-c2cc(-c3ccc(C(=O)[O-])cc3)c3ccc4c5c3c2C=CC52C(c3ccc(C(=O)[O-])cc3)C2C4c2ccc(C(=O)[O-])cc2)cc1,1
O=C([O-])C#Cc1cc(C#CC(=O)[O-])cc(C#CC(=O)[O-])c1,1
O=C([O-])c1ccc(-c2cc(C#Cc3cc(-c4ccc(C(=O)[O-])cc4)cc(-c4ccc(C(=O)[O-])cc4)c3)cc(-c3ccc(C(=O)[O-])cc3)c2)cc1,1
O=C([O-])[C]=C=C1C=C[C](C#CC(=O)[O-])N1c1ccc(N2[C](C#CC(=O)[O-])C=CC2=C=[C]C(=O)[O-])cc1,1
O=C([O-])[C]=C=C1C=C[C](C#CC(=O)[O-])N1c1ccc(-n2c(C#CC(=O)[O-])ccc2C#CC(=O)[O-])cc1,1
O=C([O-])C#Cc1ccc(C#CC(=O)[O-])n1C=Cn1c(C#CC(=O)[O-])ccc1C#CC(=O)[O-],1
[CH]1N=NC=C1c1ccc([Si](c2ccc([C]3C=NN=C3)cc2)(c2ccc([C]3C=NN=C3)cc2)c2ccc(C3=C[N]N=C3)cc2)cc1,1
C1=N[N]C=C1c1ccc([Si](c2ccc([C]3C=NN=C3)cc2)(c2ccc([C]3C=NN=C3)cc2)c2ccc(C3=C[N]N=C3)cc2)cc1,1
[CH]1N=NC=C1C1=N[N]C([Si](C2=N[N]C([C]3C=NN=C3)=N[N]2)(C2=N[N]C(C3=C[N]N=C3)=N[N]2)C2=N[N]C(C3=C[N]N=C3)=N[N]2)=N[N]1,1
C1=N[N]C=C1C1=N[N]C([Si](C2=N[N]C([C]3C=NN=C3)=N[N]2)(C2=N[N]C([C]3C=NN=C3)=N[N]2)C2=N[N]C(C3=C[N]N=C3)=N[N]2)=N[N]1,1
C1=N[N]C=C1C1=N[N]C([Si](C2=N[N]C([C]3C=NN=C3)=N[N]2)(C2=N[N]C(C3=C[N]N=C3)=N[N]2)c2nnc([C]3C=NN=C3)nn2)=N[N]1,1
C(C#C[Si](C#CC#CC1=CN=N[CH]1)(C#CC#CC1=C[N]N=C1)C#CC#CC1=C[N]N=C1)#C[C]1C=NN=C1,1
C(C#C[Si](C#CC#C[C]1C=NN=C1)(C#CC#CC1=C[N]N=C1)C#CC#CC1=C[N]N=C1)#C[C]1C=NN=C1,1
C(#Cc1ccc([Si](c2ccc(C#C[C]3C=NN=C3)cc2)(c2ccc(C#CC3=CN=N[CH]3)cc2)c2ccc(C#CC3=C[N]N=C3)cc2)cc1)[C]1C=NN=C1,1
C(#Cc1ccc([Si](c2ccc(C#C[C]3C=NN=C3)cc2)(c2ccc(C#CC3=C[N]N=C3)cc2)c2ccc(C#CC3=C[N]N=C3)cc2)cc1)[C]1C=NN=C1,1
C(#C[Si](C#C[C]1C=NN=C1)(C#CC1=CN=N[CH]1)C#CC1=C[N]N=C1)[C]1C=NN=C1,1
C1=N[N]C=C1c1ccc([Si](c2ccc([C]3C=NN=C3)o2)(c2ccc([C]3C=NN=C3)o2)c2ccc(C3=C[N]N=C3)o2)o1,1
[CH]1N=NC=C1c1ccc([Si](c2ccc([C]3C=NN=C3)o2)(c2ccc([C]3C=NN=C3)o2)c2ccc(C3=C[N]N=C3)o2)o1,1
C1=N[N]C=C1c1cn([Si](n2cc([C]3C=NN=C3)nn2)(n2cc(C3=C[N]N=C3)nn2)n2cc(C3=C[N]N=C3)nn2)nn1,1
[CH]1N=NC=C1c1cn([Si](n2cc([C]3C=NN=C3)nn2)(n2cc(C3=C[N]N=C3)nn2)n2cc(C3=C[N]N=C3)nn2)nn1,1
[CH]1N=NC=C1c1cn([Si](n2cc([C]3C=NN=C3)nn2)(n2cc([C]3C=NN=C3)nn2)n2cc(C3=C[N]N=C3)nn2)nn1,1
C1=N[N]C=C1[Si]([C]1C=NN=C1)([C]1C=NN=C1)C1=C[N]N=C1,1
[CH]1N=NC=C1[Si]([C]1C=NN=C1)(C1=C[N]N=C1)C1=C[N]N=C1,1
[CH]1N=NC=C1c1ccc(C(c2ccc([C]3C=NN=C3)cc2)(c2ccc(C3=C[N]N=C3)cc2)c2ccc(C3=C[N]N=C3)cc2)cc1,1
C1=N[N]C=C1c1ccc(C(c2ccc([C]3C=NN=C3)cc2)(c2ccc([C]3C=NN=C3)cc2)c2ccc(C3=C[N]N=C3)cc2)cc1,1
C1=N[N]C=C1C1=N[N]C(C(C2=N[N]C([C]3C=NN=C3)=N[N]2)(C2=N[N]C([C]3C=NN=C3)=N[N]2)C2=N[N]C(C3=C[N]N=C3)=N[N]2)=N[N]1,1
[CH]1N=NC=C1C1=N[N]C(C(C2=N[N]C(C3=CN=N[CH]3)=N[N]2)(C2=N[N]C(C3=C[N]N=C3)=N[N]2)c2nnc(C3=C[N]N=C3)nn2)=N[N]1,1
[CH](C=C[CH]C(C=CC=C[C]1C=NN=C1)(C=CC=CC1=C[N]N=C1)C=CC=CC1=C[N]N=C1)C1=C[N]N=C1,1
C(#CC(C#Cc1ccc(C2=CN=N[CH]2)cc1)(C#Cc1ccc(C2=C[N]N=C2)cc1)C#Cc1ccc(C2=C[N]N=C2)cc1)c1ccc([C]2C=NN=C2)cc1,1
C(#CC(C#Cc1ccc([C]2C=NN=C2)cc1)(C#Cc1ccc(C2=C[N]N=C2)cc1)C#Cc1ccc(C2=C[N]N=C2)cc1)c1ccc([C]2C=NN=C2)cc1,1
[CH]1N=NC=C1C=CC(C=C[C]1C=NN=C1)(C=CC1=C[N]N=C1)C=CC1=C[N]N=C1,1
[CH]1N=NC=C1C=CC(C=C[C]1C=NN=C1)(C=C[C]1C=NN=C1)C=CC1=C[N]N=C1,1
C(=CC(C=C[C]1C=NN=C1)(C=CC1=C[N]N=C1)C=CC1=C[N]N=C1)[C]1C=NN=C1,1
C(#Cc1ccc(C(c2ccc(C#CC3=CN=N[CH]3)cc2)(c2ccc(C#CC3=C[N]N=C3)cc2)c2ccc(C#CC3=C[N]N=C3)cc2)cc1)[C]1C=NN=C1,1
C(#Cc1ccc(C(c2ccc(C#C[C]3C=NN=C3)cc2)(c2ccc(C#CC3=C[N]N=C3)cc2)c2ccc(C#CC3=C[N]N=C3)cc2)cc1)[C]1C=NN=C1,1
C(#CC(C#CC1=CN=N[CH]1)(C#CC1=C[N]N=C1)C#CC1=C[N]N=C1)C1=CN=N[CH]1,1
C1=N[N]C=C1c1ccc(C(c2ccc([C]3C=NN=C3)o2)(c2ccc([C]3C=NN=C3)o2)c2ccc(C3=C[N]N=C3)o2)o1,1
[CH]1N=NC=C1c1ccc(C(c2ccc([C]3C=NN=C3)o2)(c2ccc([C]3C=NN=C3)o2)c2ccc(C3=C[N]N=C3)o2)o1,1
C1=N[N]C=C1c1cn(C(n2cc([C]3C=NN=C3)nn2)(n2cc([C]3C=NN=C3)nn2)n2cc(C3=C[N]N=C3)nn2)nn1,1
C1=N[N]C=C1c1cn(C(n2cc([C]3C=NN=C3)nn2)(n2cc([C]3C=NN=C3)nn2)n2cc([C]3C=NN=C3)nn2)nn1,1
[CH]1N=NC=C1c1cn(C(n2cc([C]3C=NN=C3)nn2)(n2cc(C3=CN=N[CH]3)nn2)n2cc(C3=C[N]N=C3)nn2)nn1,1
[CH]1N=NC=C1C([C]1C=NN=C1)(C1=C[N]N=C1)C1=C[N]N=C1,1
[CH]1N=NC=C1C=CC=CC12C=C(C=CC=C[C]3C=NN=C3)C(C(C=CC=C[C]3C=NN=C3)=C1)C(C=CC=CC1=C[N]N=C1)=C2,1
[CH]1N=NC=C1C=CC=CC12C=C(C=CC=C[C]3C=NN=C3)C(C(C=CC=CC3=C[N]N=C3)=C1)C(C=CC=CC1=C[N]N=C1)=C2,1
C(=CC1=CC2(C=CC3=C[N]N=C3)C=C(C=C[C]3C=NN=C3)C1C(C=CC1=C[N]N=C1)=C2)[C]1C=NN=C1,1
[CH]([CH]C1=CC2(C=C[C]3C=NN=C3)C=C(C=CC3=C[N]N=C3)C1C(C=CC1=C[N]N=C1)=C2)[C]1C=NN=C1,1
[CH]1N=NC=C1C=CC1=CC2(C=CC3=C[N]N=C3)C=C(C=C[C]3C=NN=C3)C1C(C=C[C]1C=NN=C1)=C2,1
C1=N[N]C=C1c1ccc(C2=CC3(c4ccc([C]5C=NN=C5)o4)C=C(c4ccc([C]5C=NN=C5)o4)C2C(c2ccc(C4=C[N]N=C4)o2)=C3)o1,1
C1=N[N]C=C1c1ccc(C2=CC3(c4ccc(C5=C[N]N=C5)o4)C=C(c4ccc([C]5C=NN=C5)o4)C2C(c2ccc([C]4C=NN=C4)o2)=C3)o1,1
[CH]1N=NC=C1c1ccc(C2=CC3(c4ccc(C5=C[N]N=C5)o4)C=C(c4ccc([C]5C=NN=C5)o4)C2C(c2ccc(C4=C[N]N=C4)o2)=C3)o1,1
[CH]1N=NC=C1c1cn(C23C=C(n4cc([C]5C=NN=C5)nn4)C(C(n4cc(C5=C[N]N=C5)nn4)=C2)C(n2cc(C4=C[N]N=C4)nn2)=C3)nn1,1
C1=N[N]C=C1c1cn(C2=CC3(n4cc([C]5C=NN=C5)nn4)C=C(n4cc([C]5C=NN=C5)nn4)C2C(n2cc(C4=C[N]N=C4)nn2)=C3)nn1,1
C1=N[N]C=C1c1cn(C2=CC3(n4cc(C5=C[N]N=C5)nn4)C=C(n4cc([C]5C=NN=C5)nn4)C2C(n2cc([C]4C=NN=C4)nn2)=C3)nn1,1
[CH]1N=NC=C1C1=CC2(C3=C[N]N=C3)C=C([C]3C=NN=C3)C1C(C1=C[N]N=C1)=C2,1
C1=N[N]C=C1C1=CC2([C]3C=NN=C3)C=C([C]3C=NN=C3)C1C(C1=C[N]N=C1)=C2,1
[CH]1N=NC=C1C1=CC2([C]3C=NN=C3)C=C(C3=C[N]N=C3)C1C(C1=C[N]N=C1)=C2,1
C(C#Cc1cc(C#CC#CC2=C[N]N=C2)cc(-c2cc(C#CC#C[C]3C=NN=C3)cc(C#CC#CC3=C[N]N=C3)c2)c1)#C[C]1C=NN=C1,1
C(C#Cc1cc(C#CC#C[C]2C=NN=C2)cc(-c2cc(C#CC#CC3=C[N]N=C3)cc(C#CC#CC3=C[N]N=C3)c2)c1)#C[C]1C=NN=C1,1
C(C#Cc1cc(C#CC#CC2=C[N]N=C2)cc(-c2cc(C#CC#CC3=CN=N[CH]3)cc(C#CC#CC3=C[N]N=C3)c2)c1)#C[C]1C=NN=C1,1
[CH]1N=NC=C1C=Cc1cc(C=C[C]2C=NN=C2)cc(-c2cc(C=C[C]3C=NN=C3)cc(C=CC3=C[N]N=C3)c2)c1,1
C(=Cc1cc(C=CC2=C[N]N=C2)cc(-c2cc(C=C[C]3C=NN=C3)cc(C=CC3=C[N]N=C3)c2)c1)[C]1C=NN=C1,1
C(=Cc1cc(C=C[C]2C=NN=C2)cc(-c2cc(C=CC3=C[N]N=C3)cc(C=CC3=C[N]N=C3)c2)c1)[C]1C=NN=C1,1
C(#Cc1cc(C#CC2=CN=N[CH]2)cc(-c2cc(C#C[C]3C=NN=C3)cc(C#CC3=C[N]N=C3)c2)c1)[C]1C=NN=C1,1
C(#Cc1cc(C#CC2=C[N]N=C2)cc(-c2cc(C#C[C]3C=NN=C3)cc(C#CC3=C[N]N=C3)c2)c1)[C]1C=NN=C1,1
C(#Cc1cc(C#C[C]2C=NN=C2)cc(-c2cc(C#CC3=C[N]N=C3)cc(C#CC3=C[N]N=C3)c2)c1)[C]1C=NN=C1,1
C1=N[N]C=C1c1cn(-c2cc(-c3cc(-n4cc([C]5C=NN=C5)nn4)cc(-n4cc(C5=C[N]N=C5)nn4)c3)cc(-n3cc([C]4C=NN=C4)nn3)c2)nn1,1
C1=N[N]C=C1c1cn(-c2cc(-c3cc(-n4cc([C]5C=NN=C5)nn4)cc(-n4cc([C]5C=NN=C5)nn4)c3)cc(-n3cc(C4=C[N]N=C4)nn3)c2)nn1,1
[CH]1N=NC=C1c1cn(-c2cc(-c3cc(-n4cc([C]5C=NN=C5)nn4)cc(-n4cc(C5=C[N]N=C5)nn4)c3)cc(-n3cc(C4=C[N]N=C4)nn3)c2)nn1,1
C1=N[N]C=C1c1cc([C]2C=NN=C2)cc(-c2cc([C]3C=NN=C3)cc(C3=C[N]N=C3)c2)c1,1
[CH]1N=NC=C1c1cc([C]2C=NN=C2)cc(-c2cc([C]3C=NN=C3)cc(C3=C[N]N=C3)c2)c1,1
C1=N[N]C=C1c1cc(C2=C[N]N=C2)cc(-c2cc([C]3C=NN=C3)cc([C]3C=NN=C3)c2)c1,1
C(#C[Si](C#CC1=CN=N[CH]1)(C#CC1=C[N]N=C1)C#CC1=C[N]N=C1)[C]1C=NN=C1,1
C(#C[Si](C#CC1=C[N]N=C1)(C#CC1=C[N]N=C1)C#CC1=C[N]N=C1)[C]1C=NN=C1,1
C(#C[Si](C#C[C]1C=NN=C1)(C#C[C]1C=NN=C1)C#CC1=C[N]N=C1)[C]1C=NN=C1,1
C(#CC(C#C[C]1C=NN=C1)(C#CC1=CN=N[CH]1)C#CC1=C[N]N=C1)[C]1C=NN=C1,1
C(#CC(C#C[C]1C=NN=C1)(C#C[C]1C=NN=C1)C#CC1=C[N]N=C1)[C]1C=NN=C1,1
C1=N[N]C=C1C([C]1C=NN=C1)([C]1C=NN=C1)[C]1C=NN=C1,1
[CH]1N=NC=C1C([C]1C=NN=C1)([C]1C=NN=C1)C1=C[N]N=C1,1
C(#CC1=C[N]N=C1)[C]1C=NN=C1,1
C(#CC1=C[N]N=C1)C1=CN=N[CH]1,1
C(#CC1=CN=N[CH]1)[C]1C=NN=C1,1
C1=N[N]C=C1c1ccc(N(c2ccc([C]3C=NN=C3)cc2)c2ccc(C3=C[N]N=C3)cc2)cc1,1
C1=N[N]C=C1c1ccc(N(c2ccc([C]3C=NN=C3)cc2)c2ccc([C]3C=NN=C3)cc2)cc1,1
[CH]1N=NC=C1c1ccc(N(c2ccc([C]3C=NN=C3)cc2)c2ccc([C]3C=NN=C3)cc2)cc1,1
[CH]1N=NC=C1C=CC=CN(C=CC=C[C]1C=NN=C1)C=CC=CC1=C[N]N=C1,1
C(C#CN(C#CC#CC1=C[N]N=C1)C#CC#CC1=C[N]N=C1)#C[C]1C=NN=C1,1
C(C#CN(C#CC#CC1=CN=N[CH]1)C#CC#CC1=C[N]N=C1)#C[C]1C=NN=C1,1
C(C#CN(C#CC#C[C]1C=NN=C1)C#CC#CC1=C[N]N=C1)#C[C]1C=NN=C1,1
C(=CN(C=C[C]1C=NN=C1)C=CC1=C[N]N=C1)[C]1C=NN=C1,1
C(#CN(C#CC1=C[N]N=C1)C#CC1=C[N]N=C1)[C]1C=NN=C1,1
C(#CN(C#C[C]1C=NN=C1)C#CC1=C[N]N=C1)[C]1C=NN=C1,1
C(#CN(C#C[C]1C=NN=C1)C#C[C]1C=NN=C1)[C]1C=NN=C1,1
C(#CN(C#CC1=C[N]N=C1)C#CC1=C[N]N=C1)C1=CN=N[CH]1,1
C1=N[N]C=C1c1cn(N(n2cc([C]3C=NN=C3)nn2)n2cc(C3=C[N]N=C3)nn2)nn1,1
C1=N[N]C=C1c1cn(N(n2cc([C]3C=NN=C3)nn2)n2cc([C]3C=NN=C3)nn2)nn1,1
[CH]1N=NC=C1c1cn(N(n2cc([C]3C=NN=C3)nn2)n2cc([C]3C=NN=C3)nn2)nn1,1
C1=N[N]C=C1c1cn(N(n2cc(C3=C[N]N=C3)nn2)n2cc(C3=C[N]N=C3)nn2)nn1,1
C1=N[N]C=C1C1=N[N]C(c2cc(C3=N[N]C([C]4C=NN=C4)=N[N]3)cc(C3=N[N]C(C4=C[N]N=C4)=N[N]3)c2)=N[N]1,1
C1=N[N]C=C1C1=N[N]C(c2cc(C3=N[N]C([C]4C=NN=C4)=N[N]3)cc(C3=N[N]C([C]4C=NN=C4)=N[N]3)c2)=N[N]1,1
[CH]1N=NC=C1c1nnc(-c2cc(C3=N[N]C([C]4C=NN=C4)=N[N]3)cc(C3=N[N]C([C]4C=NN=C4)=N[N]3)c2)nn1,1
[CH]1N=NC=C1C=CC=Cc1cc(C=CC=C[C]2C=NN=C2)cc(C=CC=CC2=C[N]N=C2)c1,1
C(C#Cc1cc(C#CC#C[C]2C=NN=C2)cc(C#CC#CC2=CN=N[CH]2)c1)#C[C]1C=NN=C1,1
C(C#Cc1cc(C#CC#CC2=C[N]N=C2)cc(C#CC#CC2=C[N]N=C2)c1)#C[C]1C=NN=C1,1
C(C#Cc1cc(C#CC#C[C]2C=NN=C2)cc(C#CC#CC2=C[N]N=C2)c1)#C[C]1C=NN=C1,1
C(=Cc1cc(C=C[C]2C=NN=C2)cc(C=CC2=C[N]N=C2)c1)[C]1C=NN=C1,1
C(#Cc1cc(C#CC2=C[N]N=C2)cc(C#CC2=C[N]N=C2)c1)[C]1C=NN=C1,1
C(#Cc1cc(C#C[C]2C=NN=C2)cc(C#CC2=C[N]N=C2)c1)[C]1C=NN=C1,1
C(#Cc1cc(C#C[C]2C=NN=C2)cc(C#CC2=CN=N[CH]2)c1)[C]1C=NN=C1,1
[CH]1N=NC=C1c1cc([C]2C=NN=C2)cc([C]2C=NN=C2)c1,1
C1=N[N]C=C1c1cc(C2=C[N]N=C2)cc(C2=C[N]N=C2)c1,1
C1=N[N]C=C1C1=CC2=CC([C]3C=NN=C3)=CC3=CC(C4=C[N]N=C4)=CC(=C1)[C]23,1
C1=N[N]C=C1C1=CC2=CC([C]3C=NN=C3)=CC3=CC([C]4C=NN=C4)=CC(=C1)[C]32,1
[CH]1N=NC=C1C1=CC2=CC([C]3C=NN=C3)=CC3=CC([C]4C=NN=C4)=CC(=C1)[C]32,1
C1=N[N]C=C1C1=CC2=CC(C3=C[N]N=C3)=CC3=CC(C4=C[N]N=C4)=CC(=C1)[C]23,1
C(#Cn1cc2c(c1)c1cn(C#CC3=C[N]N=C3)cc1c1cn(C#CC3=C[N]N=C3)cc21)[C]1C=NN=C1,1
C(#Cn1cc2c3cn(C#C[C]4C=NN=C4)cc3c3cn(C#CC4=C[N]N=C4)cc3c2c1)[C]1C=NN=C1,1
C(#Cn1cc2c(c1)c1cn(C#CC3=C[N]N=C3)cc1c1cn(C#CC3=CN=N[CH]3)cc21)[C]1C=NN=C1,1
C1=N[N]C=C1n1cc2c3cn([C]4C=NN=C4)cc3c3cn(C4=C[N]N=C4)cc3c2c1,1
C1=N[N]C=C1n1cc2c3cn([C]4C=NN=C4)cc3c3cn([C]4C=NN=C4)cc3c2c1,1
C1=NN=C[C]1n1cc2c3cn([C]4C=NN=C4)cc3c3cn([C]4C=NN=C4)cc3c2c1,1
[CH]1N=NC=C1n1cc2c(c1)c1cn(C3=C[N]N=C3)cc1c1cn(C3=C[N]N=C3)cc21,1
C1=N[N]C=C1[N][N]N([N][N][C]1C=NN=C1)[N][N]C1=C[N]N=C1,1
C1=N[N]C=C1[N][N]N([N][N][C]1C=NN=C1)[N][N][C]1C=NN=C1,1
[CH]1N=NC=C1[N][N]N([N][N][C]1C=NN=C1)[N][N][C]1C=NN=C1,1
C1=N[N]C=C1[N][N]N([N][N]C1=C[N]N=C1)[N][N]C1=C[N]N=C1,1
[CH]1N=NC=C1C1=N[N]C(N(C2=N[N]C([C]3C=NN=C3)=N[N]2)C2=N[N]C(C3=C[N]N=C3)=N[N]2)=N[N]1,1
C1=N[N]C=C1C1=N[N]C(N(C2=N[N]C([C]3C=NN=C3)=N[N]2)C2=N[N]C(C3=C[N]N=C3)=N[N]2)=N[N]1,1
C1=N[N]C=C1C1=N[N]C(N(C2=N[N]C([C]3C=NN=C3)=N[N]2)C2=N[N]C([C]3C=NN=C3)=N[N]2)=N[N]1,1
C(C=CN(C=CC=CC1=C[N]N=C1)C=CC=CC1=C[N]N=C1)=CC1=C[N]N=C1,1
C(C=CN(C=CC=C[C]1C=NN=C1)C=CC=C[C]1C=NN=C1)=C[C]1C=NN=C1,1
C(#Cc1ccc(N(c2ccc(C#CC3=C[N]N=C3)cc2)c2ccc(C#CC3=C[N]N=C3)cc2)cc1)[C]1C=NN=C1,1
C(#Cc1ccc(N(c2ccc(C#C[C]3C=NN=C3)cc2)c2ccc(C#CC3=C[N]N=C3)cc2)cc1)[C]1C=NN=C1,1
C(#Cc1ccc(N(c2ccc(C#CC3=C[N]N=C3)cc2)c2ccc(C#CC3=C[N]N=C3)cc2)cc1)C1=CN=N[CH]1,1
C(=CN(C=C[C]1C=NN=C1)C=C[C]1C=NN=C1)[C]1C=NN=C1,1
[CH]1N=NC=C1C=CN(C=CC1=C[N]N=C1)C=CC1=C[N]N=C1,1
C1=N[N]C=C1c1ccc(N(c2ccc([C]3C=NN=C3)o2)c2ccc([C]3C=NN=C3)o2)o1,1
C1=N[N]C=C1n1cc(N(c2cn([C]3C=NN=C3)nn2)c2cn(C3=C[N]N=C3)nn2)nn1,1
C1=N[N]C=C1n1cc(N(c2cn([C]3C=NN=C3)nn2)c2cn([C]3C=NN=C3)nn2)nn1,1
[CH]1N=NC=C1n1cc(N(c2cn([C]3C=NN=C3)nn2)c2cn([C]3C=NN=C3)nn2)nn1,1
[CH]1N=NC=C1n1cc(N(c2cn(C3=C[N]N=C3)nn2)c2cn(C3=C[N]N=C3)nn2)nn1,1
C1=N[N]C=C1N([C]1C=NN=C1)C1=C[N]N=C1,1
C1=N[N]C=C1N([C]1C=NN=C1)[C]1C=NN=C1,1
C1=NN=C[C]1N([C]1C=NN=C1)[C]1C=NN=C1,1
[CH]1N=NC=C1N(C1=C[N]N=C1)C1=C[N]N=C1,1
C1=N[N]C=C1[N][N]c1cc([N][N][C]2C=NN=C2)cc([N][N][C]2C=NN=C2)c1,1
[CH]1N=NC=C1[N][N]c1cc([N][N][C]2C=NN=C2)cc([N][N][C]2C=NN=C2)c1,1
C1=N[N]C=C1[N][N]c1cc([N]N=C2C=NN=C2)cc(N=NC2=C[N]N=C2)c1,1
C1=N[N]C=C1[N][N]c1cc([N][N]C2=C[N]N=C2)cc([N]N=C2C=NN=C2)c1,1
C1=N[N]C=C1n1cc(-c2cc(-c3cn([C]4C=NN=C4)nn3)cc(-c3cn(C4=C[N]N=C4)nn3)c2)nn1,1
C1=N[N]C=C1n1cc(-c2cc(-c3cn([C]4C=NN=C4)nn3)cc(-c3cn([C]4C=NN=C4)nn3)c2)nn1,1
[CH]1N=NC=C1n1cc(-c2cc(-c3cn(C4=C[N]N=C4)nn3)cc(-c3cn(C4=C[N]N=C4)nn3)c2)nn1,1
[CH]1N=NC=C1C=CC1=CC2=CC(C=C[C]3C=NN=C3)=CC3=CC(C=CC4=C[N]N=C4)=CC(=C1)[C]23,1
C(=CC1=CC2=CC(C=C[C]3C=NN=C3)=CC3=CC(C=CC4=C[N]N=C4)=CC(=C1)[C]23)[C]1C=NN=C1,1
[CH]1C(C=C[C]2C=NN=C2)=Cc2cc(C=CC3=C[N]N=C3)cc3cc(C=CC4=C[N]N=C4)cc1c23,1
[CH]1N=NC=C1C=CC1=CC2=CC(C=CC3=C[N]N=C3)=CC3=CC(C=CC4=C[N]N=C4)=CC(=C1)[C]23,1
C(=Cn1cc2c(c1)c1cn(C=CC3=C[N]N=C3)cc1c1cn(C=CC3=C[N]N=C3)cc21)[C]1C=NN=C1,1
C(=Cn1cc2c3cn(C=C[C]4C=NN=C4)cc3c3cn(C=CC4=C[N]N=C4)cc3c2c1)[C]1C=NN=C1,1
